xpath,endpoint_type,schema_defined_type,container,endpoint
/BORROWER/ADVERSE_ACTION,Container,ADVERSE_ACTION,BORROWER,ADVERSE_ACTION
/BORROWER/ADVERSE_ACTION/ADVERSE_ACTION_DETAIL,Container,ADVERSE_ACTION_DETAIL,ADVERSE_ACTION,ADVERSE_ACTION_DETAIL
/BORROWER/ADVERSE_ACTION/ADVERSE_ACTION_DETAIL/AdverseActionCreditRepositoryDecisionIndicator,DataPoint,MISMOIndicator,ADVERSE_ACTION_DETAIL,AdverseActionCreditRepositoryDecisionIndicator
/BORROWER/ADVERSE_ACTION/ADVERSE_ACTION_DETAIL/AdverseActionDate,DataPoint,MISMODate,ADVERSE_ACTION_DETAIL,AdverseActionDate
/BORROWER/ADVERSE_ACTION/ADVERSE_ACTION_DETAIL/AdverseActionDecisionSourceType,Enumeration,AdverseActionDecisionSourceEnum,ADVERSE_ACTION_DETAIL,AdverseActionDecisionSourceType
/BORROWER/ADVERSE_ACTION/ADVERSE_ACTION_DETAIL/AdverseActionDecisionSourceTypeOtherDescription,DataPoint,MISMOString,ADVERSE_ACTION_DETAIL,AdverseActionDecisionSourceTypeOtherDescription
/BORROWER/ADVERSE_ACTION/ADVERSE_ACTION_DETAIL/AdverseActionNonCreditRepositoryDecisionIndicator,DataPoint,MISMOIndicator,ADVERSE_ACTION_DETAIL,AdverseActionNonCreditRepositoryDecisionIndicator
/BORROWER/ADVERSE_ACTION/ADVERSE_ACTION_DETAIL/AdverseActionNoticeSentDate,DataPoint,MISMODate,ADVERSE_ACTION_DETAIL,AdverseActionNoticeSentDate
/BORROWER/ADVERSE_ACTION/ADVERSE_ACTION_DETAIL/AdverseActionRequestedCreditDescription,DataPoint,MISMOString,ADVERSE_ACTION_DETAIL,AdverseActionRequestedCreditDescription
/BORROWER/ADVERSE_ACTION/ADVERSE_ACTION_DETAIL/AdverseActionType,Enumeration,AdverseActionEnum,ADVERSE_ACTION_DETAIL,AdverseActionType
/BORROWER/ADVERSE_ACTION/ADVERSE_ACTION_DETAIL/AdverseActionTypeOtherDescription,DataPoint,MISMOString,ADVERSE_ACTION_DETAIL,AdverseActionTypeOtherDescription
/BORROWER/ADVERSE_ACTION/ADVERSE_ACTION_DETAIL/CreditRepositorySourceType,Enumeration,CreditRepositorySourceEnum,ADVERSE_ACTION_DETAIL,CreditRepositorySourceType
/BORROWER/ADVERSE_ACTION/ADVERSE_ACTION_DETAIL/CreditRepositorySourceTypeOtherDescription,DataPoint,MISMOString,ADVERSE_ACTION_DETAIL,CreditRepositorySourceTypeOtherDescription
/BORROWER/ADVERSE_ACTION/ADVERSE_ACTION_DETAIL/CreditScoreConsideredInDecisionIndicator,DataPoint,MISMOIndicator,ADVERSE_ACTION_DETAIL,CreditScoreConsideredInDecisionIndicator
/BORROWER/ADVERSE_ACTION/ADVERSE_ACTION_DETAIL/DeliveryMethodType,Enumeration,DeliveryMethodEnum,ADVERSE_ACTION_DETAIL,DeliveryMethodType
/BORROWER/ADVERSE_ACTION/ADVERSE_ACTION_DETAIL/DeliveryMethodTypeOtherDescription,DataPoint,MISMOString,ADVERSE_ACTION_DETAIL,DeliveryMethodTypeOtherDescription
/BORROWER/ADVERSE_ACTION/ADVERSE_ACTION_DETAIL/EXTENSION,Container,ADVERSE_ACTION_DETAIL_EXTENSION,ADVERSE_ACTION_DETAIL,EXTENSION
/BORROWER/ADVERSE_ACTION/ADVERSE_ACTION_DETAIL/EXTENSION/MISMO,Container,MISMO_BASE,EXTENSION,MISMO
/BORROWER/ADVERSE_ACTION/ADVERSE_ACTION_DETAIL/EXTENSION/OTHER,Container,ADVERSE_ACTION_DETAIL_OTHER_BASE,EXTENSION,OTHER
/BORROWER/ADVERSE_ACTION/CREDIT_DENIAL_REASONS,Container,CREDIT_DENIAL_REASONS,ADVERSE_ACTION,CREDIT_DENIAL_REASONS
/BORROWER/ADVERSE_ACTION/CREDIT_DENIAL_REASONS/CREDIT_DENIAL_REASON,Container,CREDIT_DENIAL_REASON,CREDIT_DENIAL_REASONS,CREDIT_DENIAL_REASON
/BORROWER/ADVERSE_ACTION/CREDIT_DENIAL_REASONS/CREDIT_DENIAL_REASON/CreditDenialReasonType,Enumeration,CreditDenialReasonEnum,CREDIT_DENIAL_REASON,CreditDenialReasonType
/BORROWER/ADVERSE_ACTION/CREDIT_DENIAL_REASONS/CREDIT_DENIAL_REASON/CreditDenialReasonTypeOtherDescription,DataPoint,MISMOString,CREDIT_DENIAL_REASON,CreditDenialReasonTypeOtherDescription
/BORROWER/ADVERSE_ACTION/CREDIT_DENIAL_REASONS/CREDIT_DENIAL_REASON/EXTENSION,Container,CREDIT_DENIAL_REASON_EXTENSION,CREDIT_DENIAL_REASON,EXTENSION
/BORROWER/ADVERSE_ACTION/CREDIT_DENIAL_REASONS/CREDIT_DENIAL_REASON/EXTENSION/MISMO,Container,MISMO_BASE,EXTENSION,MISMO
/BORROWER/ADVERSE_ACTION/CREDIT_DENIAL_REASONS/CREDIT_DENIAL_REASON/EXTENSION/OTHER,Container,CREDIT_DENIAL_REASON_OTHER_BASE,EXTENSION,OTHER
/BORROWER/ADVERSE_ACTION/CREDIT_DENIAL_REASONS/EXTENSION,Container,CREDIT_DENIAL_REASONS_EXTENSION,CREDIT_DENIAL_REASONS,EXTENSION
/BORROWER/ADVERSE_ACTION/CREDIT_DENIAL_REASONS/EXTENSION/MISMO,Container,MISMO_BASE,EXTENSION,MISMO
/BORROWER/ADVERSE_ACTION/CREDIT_DENIAL_REASONS/EXTENSION/OTHER,Container,CREDIT_DENIAL_REASONS_OTHER_BASE,EXTENSION,OTHER
/BORROWER/ADVERSE_ACTION/EXTENSION,Container,ADVERSE_ACTION_EXTENSION,ADVERSE_ACTION,EXTENSION
/BORROWER/ADVERSE_ACTION/EXTENSION/MISMO,Container,MISMO_BASE,EXTENSION,MISMO
/BORROWER/ADVERSE_ACTION/EXTENSION/OTHER,Container,ADVERSE_ACTION_OTHER_BASE,EXTENSION,OTHER
/BORROWER/BANKRUPTCIES,Container,BANKRUPTCIES,BORROWER,BANKRUPTCIES
/BORROWER/BANKRUPTCIES/BANKRUPTCY,Container,BANKRUPTCY,BANKRUPTCIES,BANKRUPTCY
/BORROWER/BANKRUPTCIES/BANKRUPTCY/BANKRUPTCY_ACTIONS,Container,BANKRUPTCY_ACTIONS,BANKRUPTCY,BANKRUPTCY_ACTIONS
/BORROWER/BANKRUPTCIES/BANKRUPTCY/BANKRUPTCY_ACTIONS/BANKRUPTCY_ACTION,Container,BANKRUPTCY_ACTION,BANKRUPTCY_ACTIONS,BANKRUPTCY_ACTION
/BORROWER/BANKRUPTCIES/BANKRUPTCY/BANKRUPTCY_ACTIONS/BANKRUPTCY_ACTION/BankruptcyActionDate,DataPoint,MISMODate,BANKRUPTCY_ACTION,BankruptcyActionDate
/BORROWER/BANKRUPTCIES/BANKRUPTCY/BANKRUPTCY_ACTIONS/BANKRUPTCY_ACTION/BankruptcyActionType,Enumeration,BankruptcyActionEnum,BANKRUPTCY_ACTION,BankruptcyActionType
/BORROWER/BANKRUPTCIES/BANKRUPTCY/BANKRUPTCY_ACTIONS/BANKRUPTCY_ACTION/BankruptcyActionTypeOtherDescription,DataPoint,MISMOString,BANKRUPTCY_ACTION,BankruptcyActionTypeOtherDescription
/BORROWER/BANKRUPTCIES/BANKRUPTCY/BANKRUPTCY_ACTIONS/BANKRUPTCY_ACTION/BankruptcyAttorneyServiceReferralType,Enumeration,BankruptcyAttorneyServiceReferralEnum,BANKRUPTCY_ACTION,BankruptcyAttorneyServiceReferralType
/BORROWER/BANKRUPTCIES/BANKRUPTCY/BANKRUPTCY_ACTIONS/BANKRUPTCY_ACTION/BankruptcyAttorneyServiceReferralTypeOtherDescription,DataPoint,MISMOString,BANKRUPTCY_ACTION,BankruptcyAttorneyServiceReferralTypeOtherDescription
/BORROWER/BANKRUPTCIES/BANKRUPTCY/BANKRUPTCY_ACTIONS/BANKRUPTCY_ACTION/BankruptcyPaymentChangeNoticeReasonType,Enumeration,BankruptcyPaymentChangeNoticeReasonEnum,BANKRUPTCY_ACTION,BankruptcyPaymentChangeNoticeReasonType
/BORROWER/BANKRUPTCIES/BANKRUPTCY/BANKRUPTCY_ACTIONS/BANKRUPTCY_ACTION/BankruptcyPaymentChangeNoticeReasonTypeOtherDescription,DataPoint,MISMOString,BANKRUPTCY_ACTION,BankruptcyPaymentChangeNoticeReasonTypeOtherDescription
/BORROWER/BANKRUPTCIES/BANKRUPTCY/BANKRUPTCY_ACTIONS/BANKRUPTCY_ACTION/BankruptcyPlanAmendedType,Enumeration,BankruptcyPlanAmendedEnum,BANKRUPTCY_ACTION,BankruptcyPlanAmendedType
/BORROWER/BANKRUPTCIES/BANKRUPTCY/BANKRUPTCY_ACTIONS/BANKRUPTCY_ACTION/EXTENSION,Container,BANKRUPTCY_ACTION_EXTENSION,BANKRUPTCY_ACTION,EXTENSION
/BORROWER/BANKRUPTCIES/BANKRUPTCY/BANKRUPTCY_ACTIONS/BANKRUPTCY_ACTION/EXTENSION/MISMO,Container,MISMO_BASE,EXTENSION,MISMO
/BORROWER/BANKRUPTCIES/BANKRUPTCY/BANKRUPTCY_ACTIONS/BANKRUPTCY_ACTION/EXTENSION/OTHER,Container,BANKRUPTCY_ACTION_OTHER_BASE,EXTENSION,OTHER
/BORROWER/BANKRUPTCIES/BANKRUPTCY/BANKRUPTCY_ACTIONS/EXTENSION,Container,BANKRUPTCY_ACTIONS_EXTENSION,BANKRUPTCY_ACTIONS,EXTENSION
/BORROWER/BANKRUPTCIES/BANKRUPTCY/BANKRUPTCY_ACTIONS/EXTENSION/MISMO,Container,MISMO_BASE,EXTENSION,MISMO
/BORROWER/BANKRUPTCIES/BANKRUPTCY/BANKRUPTCY_ACTIONS/EXTENSION/OTHER,Container,BANKRUPTCY_ACTIONS_OTHER_BASE,EXTENSION,OTHER
/BORROWER/BANKRUPTCIES/BANKRUPTCY/BANKRUPTCY_DELAYS,Container,BANKRUPTCY_DELAYS,BANKRUPTCY,BANKRUPTCY_DELAYS
/BORROWER/BANKRUPTCIES/BANKRUPTCY/BANKRUPTCY_DELAYS/BANKRUPTCY_DELAY,Container,BANKRUPTCY_DELAY,BANKRUPTCY_DELAYS,BANKRUPTCY_DELAY
/BORROWER/BANKRUPTCIES/BANKRUPTCY/BANKRUPTCY_DELAYS/BANKRUPTCY_DELAY/BankruptcyDelayCategoryType,Enumeration,BankruptcyDelayCategoryEnum,BANKRUPTCY_DELAY,BankruptcyDelayCategoryType
/BORROWER/BANKRUPTCIES/BANKRUPTCY/BANKRUPTCY_DELAYS/BANKRUPTCY_DELAY/BankruptcyDelayCategoryTypeAdditionalDescription,DataPoint,MISMOString,BANKRUPTCY_DELAY,BankruptcyDelayCategoryTypeAdditionalDescription
/BORROWER/BANKRUPTCIES/BANKRUPTCY/BANKRUPTCY_DELAYS/BANKRUPTCY_DELAY/BankruptcyDelayCategoryTypeOtherDescription,DataPoint,MISMOString,BANKRUPTCY_DELAY,BankruptcyDelayCategoryTypeOtherDescription
/BORROWER/BANKRUPTCIES/BANKRUPTCY/BANKRUPTCY_DELAYS/BANKRUPTCY_DELAY/BankruptcyDelayEndDate,DataPoint,MISMODate,BANKRUPTCY_DELAY,BankruptcyDelayEndDate
/BORROWER/BANKRUPTCIES/BANKRUPTCY/BANKRUPTCY_DELAYS/BANKRUPTCY_DELAY/BankruptcyDelayStartDate,DataPoint,MISMODate,BANKRUPTCY_DELAY,BankruptcyDelayStartDate
/BORROWER/BANKRUPTCIES/BANKRUPTCY/BANKRUPTCY_DELAYS/BANKRUPTCY_DELAY/EXTENSION,Container,BANKRUPTCY_DELAY_EXTENSION,BANKRUPTCY_DELAY,EXTENSION
/BORROWER/BANKRUPTCIES/BANKRUPTCY/BANKRUPTCY_DELAYS/BANKRUPTCY_DELAY/EXTENSION/MISMO,Container,MISMO_BASE,EXTENSION,MISMO
/BORROWER/BANKRUPTCIES/BANKRUPTCY/BANKRUPTCY_DELAYS/BANKRUPTCY_DELAY/EXTENSION/OTHER,Container,BANKRUPTCY_DELAY_OTHER_BASE,EXTENSION,OTHER
/BORROWER/BANKRUPTCIES/BANKRUPTCY/BANKRUPTCY_DELAYS/EXTENSION,Container,BANKRUPTCY_DELAYS_EXTENSION,BANKRUPTCY_DELAYS,EXTENSION
/BORROWER/BANKRUPTCIES/BANKRUPTCY/BANKRUPTCY_DELAYS/EXTENSION/MISMO,Container,MISMO_BASE,EXTENSION,MISMO
/BORROWER/BANKRUPTCIES/BANKRUPTCY/BANKRUPTCY_DELAYS/EXTENSION/OTHER,Container,BANKRUPTCY_DELAYS_OTHER_BASE,EXTENSION,OTHER
/BORROWER/BANKRUPTCIES/BANKRUPTCY/BANKRUPTCY_DETAIL,Container,BANKRUPTCY_DETAIL,BANKRUPTCY,BANKRUPTCY_DETAIL
/BORROWER/BANKRUPTCIES/BANKRUPTCY/BANKRUPTCY_DETAIL/BankruptcyAdjustmentPercent,DataPoint,MISMOPercent,BANKRUPTCY_DETAIL,BankruptcyAdjustmentPercent
/BORROWER/BANKRUPTCIES/BANKRUPTCY/BANKRUPTCY_DETAIL/BankruptcyAssetsAmount,DataPoint,MISMOAmount,BANKRUPTCY_DETAIL,BankruptcyAssetsAmount
/BORROWER/BANKRUPTCIES/BANKRUPTCY/BANKRUPTCY_DETAIL/BankruptcyBarDate,DataPoint,MISMODate,BANKRUPTCY_DETAIL,BankruptcyBarDate
/BORROWER/BANKRUPTCIES/BANKRUPTCY/BANKRUPTCY_DETAIL/BankruptcyCaseIdentifier,DataPoint,MISMOIdentifier,BANKRUPTCY_DETAIL,BankruptcyCaseIdentifier
/BORROWER/BANKRUPTCIES/BANKRUPTCY/BANKRUPTCY_DETAIL/BankruptcyChapterType,Enumeration,BankruptcyChapterEnum,BANKRUPTCY_DETAIL,BankruptcyChapterType
/BORROWER/BANKRUPTCIES/BANKRUPTCY/BANKRUPTCY_DETAIL/BankruptcyChapterTypeOtherDescription,DataPoint,MISMOString,BANKRUPTCY_DETAIL,BankruptcyChapterTypeOtherDescription
/BORROWER/BANKRUPTCIES/BANKRUPTCY/BANKRUPTCY_DETAIL/BankruptcyDelayIndicator,DataPoint,MISMOIndicator,BANKRUPTCY_DETAIL,BankruptcyDelayIndicator
/BORROWER/BANKRUPTCIES/BANKRUPTCY/BANKRUPTCY_DETAIL/BankruptcyDistrictName,DataPoint,MISMOString,BANKRUPTCY_DETAIL,BankruptcyDistrictName
/BORROWER/BANKRUPTCIES/BANKRUPTCY/BANKRUPTCY_DETAIL/BankruptcyDivisionName,DataPoint,MISMOString,BANKRUPTCY_DETAIL,BankruptcyDivisionName
/BORROWER/BANKRUPTCIES/BANKRUPTCY/BANKRUPTCY_DETAIL/BankruptcyExemptAmount,DataPoint,MISMOAmount,BANKRUPTCY_DETAIL,BankruptcyExemptAmount
/BORROWER/BANKRUPTCIES/BANKRUPTCY/BANKRUPTCY_DETAIL/BankruptcyFeeAmount,DataPoint,MISMOAmount,BANKRUPTCY_DETAIL,BankruptcyFeeAmount
/BORROWER/BANKRUPTCIES/BANKRUPTCY/BANKRUPTCY_DETAIL/BankruptcyFiledStateName,DataPoint,MISMOString,BANKRUPTCY_DETAIL,BankruptcyFiledStateName
/BORROWER/BANKRUPTCIES/BANKRUPTCY/BANKRUPTCY_DETAIL/BankruptcyLiabilitiesAmount,DataPoint,MISMOAmount,BANKRUPTCY_DETAIL,BankruptcyLiabilitiesAmount
/BORROWER/BANKRUPTCIES/BANKRUPTCY/BANKRUPTCY_DETAIL/BankruptcyRepaymentPercent,DataPoint,MISMOPercent,BANKRUPTCY_DETAIL,BankruptcyRepaymentPercent
/BORROWER/BANKRUPTCIES/BANKRUPTCY/BANKRUPTCY_DETAIL/BankruptcyType,Enumeration,BankruptcyEnum,BANKRUPTCY_DETAIL,BankruptcyType
/BORROWER/BANKRUPTCIES/BANKRUPTCY/BANKRUPTCY_DETAIL/BankruptcyVoluntaryIndicator,DataPoint,MISMOIndicator,BANKRUPTCY_DETAIL,BankruptcyVoluntaryIndicator
/BORROWER/BANKRUPTCIES/BANKRUPTCY/BANKRUPTCY_DETAIL/MaterialChangeInLoanTermsRequestedIndicator,DataPoint,MISMOIndicator,BANKRUPTCY_DETAIL,MaterialChangeInLoanTermsRequestedIndicator
/BORROWER/BANKRUPTCIES/BANKRUPTCY/BANKRUPTCY_DETAIL/MotionForReliefNotFiledReasonDescription,DataPoint,MISMOString,BANKRUPTCY_DETAIL,MotionForReliefNotFiledReasonDescription
/BORROWER/BANKRUPTCIES/BANKRUPTCY/BANKRUPTCY_DETAIL/PostPetitionArrearageIndicator,DataPoint,MISMOIndicator,BANKRUPTCY_DETAIL,PostPetitionArrearageIndicator
/BORROWER/BANKRUPTCIES/BANKRUPTCY/BANKRUPTCY_DETAIL/PostPetitionPaymentAmount,DataPoint,MISMOAmount,BANKRUPTCY_DETAIL,PostPetitionPaymentAmount
/BORROWER/BANKRUPTCIES/BANKRUPTCY/BANKRUPTCY_DETAIL/PostPetitionPayToTrusteeIndicator,DataPoint,MISMOIndicator,BANKRUPTCY_DETAIL,PostPetitionPayToTrusteeIndicator
/BORROWER/BANKRUPTCIES/BANKRUPTCY/BANKRUPTCY_DETAIL/PrePetitionArrearageIndicator,DataPoint,MISMOIndicator,BANKRUPTCY_DETAIL,PrePetitionArrearageIndicator
/BORROWER/BANKRUPTCIES/BANKRUPTCY/BANKRUPTCY_DETAIL/PreviousChapterSevenBankruptcyDischargeIndicator,DataPoint,MISMOIndicator,BANKRUPTCY_DETAIL,PreviousChapterSevenBankruptcyDischargeIndicator
/BORROWER/BANKRUPTCIES/BANKRUPTCY/BANKRUPTCY_DETAIL/PrincipalReductionOfUnsecuredAmount,DataPoint,MISMOAmount,BANKRUPTCY_DETAIL,PrincipalReductionOfUnsecuredAmount
/BORROWER/BANKRUPTCIES/BANKRUPTCY/BANKRUPTCY_DETAIL/EXTENSION,Container,BANKRUPTCY_DETAIL_EXTENSION,BANKRUPTCY_DETAIL,EXTENSION
/BORROWER/BANKRUPTCIES/BANKRUPTCY/BANKRUPTCY_DETAIL/EXTENSION/MISMO,Container,MISMO_BASE,EXTENSION,MISMO
/BORROWER/BANKRUPTCIES/BANKRUPTCY/BANKRUPTCY_DETAIL/EXTENSION/OTHER,Container,BANKRUPTCY_DETAIL_OTHER_BASE,EXTENSION,OTHER
/BORROWER/BANKRUPTCIES/BANKRUPTCY/BANKRUPTCY_DISPOSITIONS,Container,BANKRUPTCY_DISPOSITIONS,BANKRUPTCY,BANKRUPTCY_DISPOSITIONS
/BORROWER/BANKRUPTCIES/BANKRUPTCY/BANKRUPTCY_DISPOSITIONS/BANKRUPTCY_DISPOSITION,Container,BANKRUPTCY_DISPOSITION,BANKRUPTCY_DISPOSITIONS,BANKRUPTCY_DISPOSITION
/BORROWER/BANKRUPTCIES/BANKRUPTCY/BANKRUPTCY_DISPOSITIONS/BANKRUPTCY_DISPOSITION/BankruptcyDispositionDate,DataPoint,MISMODate,BANKRUPTCY_DISPOSITION,BankruptcyDispositionDate
/BORROWER/BANKRUPTCIES/BANKRUPTCY/BANKRUPTCY_DISPOSITIONS/BANKRUPTCY_DISPOSITION/BankruptcyDispositionType,Enumeration,BankruptcyDispositionEnum,BANKRUPTCY_DISPOSITION,BankruptcyDispositionType
/BORROWER/BANKRUPTCIES/BANKRUPTCY/BANKRUPTCY_DISPOSITIONS/BANKRUPTCY_DISPOSITION/BankruptcyDispositionTypeOtherDescription,DataPoint,MISMOString,BANKRUPTCY_DISPOSITION,BankruptcyDispositionTypeOtherDescription
/BORROWER/BANKRUPTCIES/BANKRUPTCY/BANKRUPTCY_DISPOSITIONS/BANKRUPTCY_DISPOSITION/EXTENSION,Container,BANKRUPTCY_DISPOSITION_EXTENSION,BANKRUPTCY_DISPOSITION,EXTENSION
/BORROWER/BANKRUPTCIES/BANKRUPTCY/BANKRUPTCY_DISPOSITIONS/BANKRUPTCY_DISPOSITION/EXTENSION/MISMO,Container,MISMO_BASE,EXTENSION,MISMO
/BORROWER/BANKRUPTCIES/BANKRUPTCY/BANKRUPTCY_DISPOSITIONS/BANKRUPTCY_DISPOSITION/EXTENSION/OTHER,Container,BANKRUPTCY_DISPOSITION_OTHER_BASE,EXTENSION,OTHER
/BORROWER/BANKRUPTCIES/BANKRUPTCY/BANKRUPTCY_DISPOSITIONS/EXTENSION,Container,BANKRUPTCY_DISPOSITIONS_EXTENSION,BANKRUPTCY_DISPOSITIONS,EXTENSION
/BORROWER/BANKRUPTCIES/BANKRUPTCY/BANKRUPTCY_DISPOSITIONS/EXTENSION/MISMO,Container,MISMO_BASE,EXTENSION,MISMO
/BORROWER/BANKRUPTCIES/BANKRUPTCY/BANKRUPTCY_DISPOSITIONS/EXTENSION/OTHER,Container,BANKRUPTCY_DISPOSITIONS_OTHER_BASE,EXTENSION,OTHER
/BORROWER/BANKRUPTCIES/BANKRUPTCY/BANKRUPTCY_RESULT_CLASSES,Container,BANKRUPTCY_RESULT_CLASSES,BANKRUPTCY,BANKRUPTCY_RESULT_CLASSES
/BORROWER/BANKRUPTCIES/BANKRUPTCY/BANKRUPTCY_RESULT_CLASSES/BANKRUPTCY_RESULT_CLASS,Container,BANKRUPTCY_RESULT_CLASS,BANKRUPTCY_RESULT_CLASSES,BANKRUPTCY_RESULT_CLASS
/BORROWER/BANKRUPTCIES/BANKRUPTCY/BANKRUPTCY_RESULT_CLASSES/BANKRUPTCY_RESULT_CLASS/BankruptcyResultClassificationCode,DataPoint,MISMOCode,BANKRUPTCY_RESULT_CLASS,BankruptcyResultClassificationCode
/BORROWER/BANKRUPTCIES/BANKRUPTCY/BANKRUPTCY_RESULT_CLASSES/BANKRUPTCY_RESULT_CLASS/EXTENSION,Container,BANKRUPTCY_RESULT_CLASS_EXTENSION,BANKRUPTCY_RESULT_CLASS,EXTENSION
/BORROWER/BANKRUPTCIES/BANKRUPTCY/BANKRUPTCY_RESULT_CLASSES/BANKRUPTCY_RESULT_CLASS/EXTENSION/MISMO,Container,MISMO_BASE,EXTENSION,MISMO
/BORROWER/BANKRUPTCIES/BANKRUPTCY/BANKRUPTCY_RESULT_CLASSES/BANKRUPTCY_RESULT_CLASS/EXTENSION/OTHER,Container,BANKRUPTCY_RESULT_CLASS_OTHER_BASE,EXTENSION,OTHER
/BORROWER/BANKRUPTCIES/BANKRUPTCY/BANKRUPTCY_RESULT_CLASSES/EXTENSION,Container,BANKRUPTCY_RESULT_CLASSES_EXTENSION,BANKRUPTCY_RESULT_CLASSES,EXTENSION
/BORROWER/BANKRUPTCIES/BANKRUPTCY/BANKRUPTCY_RESULT_CLASSES/EXTENSION/MISMO,Container,MISMO_BASE,EXTENSION,MISMO
/BORROWER/BANKRUPTCIES/BANKRUPTCY/BANKRUPTCY_RESULT_CLASSES/EXTENSION/OTHER,Container,BANKRUPTCY_RESULT_CLASSES_OTHER_BASE,EXTENSION,OTHER
/BORROWER/BANKRUPTCIES/BANKRUPTCY/BANKRUPTCY_STATUSES,Container,BANKRUPTCY_STATUSES,BANKRUPTCY,BANKRUPTCY_STATUSES
/BORROWER/BANKRUPTCIES/BANKRUPTCY/BANKRUPTCY_STATUSES/BANKRUPTCY_STATUS,Container,BANKRUPTCY_STATUS,BANKRUPTCY_STATUSES,BANKRUPTCY_STATUS
/BORROWER/BANKRUPTCIES/BANKRUPTCY/BANKRUPTCY_STATUSES/BANKRUPTCY_STATUS/BankruptcyStatusDate,DataPoint,MISMODate,BANKRUPTCY_STATUS,BankruptcyStatusDate
/BORROWER/BANKRUPTCIES/BANKRUPTCY/BANKRUPTCY_STATUSES/BANKRUPTCY_STATUS/BankruptcyStatusType,Enumeration,BankruptcyStatusEnum,BANKRUPTCY_STATUS,BankruptcyStatusType
/BORROWER/BANKRUPTCIES/BANKRUPTCY/BANKRUPTCY_STATUSES/BANKRUPTCY_STATUS/BankruptcyStatusTypeOtherDescription,DataPoint,MISMOString,BANKRUPTCY_STATUS,BankruptcyStatusTypeOtherDescription
/BORROWER/BANKRUPTCIES/BANKRUPTCY/BANKRUPTCY_STATUSES/BANKRUPTCY_STATUS/EXTENSION,Container,BANKRUPTCY_STATUS_EXTENSION,BANKRUPTCY_STATUS,EXTENSION
/BORROWER/BANKRUPTCIES/BANKRUPTCY/BANKRUPTCY_STATUSES/BANKRUPTCY_STATUS/EXTENSION/MISMO,Container,MISMO_BASE,EXTENSION,MISMO
/BORROWER/BANKRUPTCIES/BANKRUPTCY/BANKRUPTCY_STATUSES/BANKRUPTCY_STATUS/EXTENSION/OTHER,Container,BANKRUPTCY_STATUS_OTHER_BASE,EXTENSION,OTHER
/BORROWER/BANKRUPTCIES/BANKRUPTCY/BANKRUPTCY_STATUSES/EXTENSION,Container,BANKRUPTCY_STATUSES_EXTENSION,BANKRUPTCY_STATUSES,EXTENSION
/BORROWER/BANKRUPTCIES/BANKRUPTCY/BANKRUPTCY_STATUSES/EXTENSION/MISMO,Container,MISMO_BASE,EXTENSION,MISMO
/BORROWER/BANKRUPTCIES/BANKRUPTCY/BANKRUPTCY_STATUSES/EXTENSION/OTHER,Container,BANKRUPTCY_STATUSES_OTHER_BASE,EXTENSION,OTHER
/BORROWER/BANKRUPTCIES/BANKRUPTCY/EXTENSION,Container,BANKRUPTCY_EXTENSION,BANKRUPTCY,EXTENSION
/BORROWER/BANKRUPTCIES/BANKRUPTCY/EXTENSION/MISMO,Container,MISMO_BASE,EXTENSION,MISMO
/BORROWER/BANKRUPTCIES/BANKRUPTCY/EXTENSION/OTHER,Container,BANKRUPTCY_OTHER_BASE,EXTENSION,OTHER
/BORROWER/BANKRUPTCIES/EXTENSION,Container,BANKRUPTCIES_EXTENSION,BANKRUPTCIES,EXTENSION
/BORROWER/BANKRUPTCIES/EXTENSION/MISMO,Container,MISMO_BASE,EXTENSION,MISMO
/BORROWER/BANKRUPTCIES/EXTENSION/OTHER,Container,BANKRUPTCIES_OTHER_BASE,EXTENSION,OTHER
/BORROWER/BANKRUPTCY_SUMMARY,Container,BANKRUPTCY_SUMMARY,BORROWER,BANKRUPTCY_SUMMARY
/BORROWER/BANKRUPTCY_SUMMARY/BankruptciesInLastThreeYearsCount,DataPoint,MISMOCount,BANKRUPTCY_SUMMARY,BankruptciesInLastThreeYearsCount
/BORROWER/BANKRUPTCY_SUMMARY/EXTENSION,Container,BANKRUPTCY_SUMMARY_EXTENSION,BANKRUPTCY_SUMMARY,EXTENSION
/BORROWER/BANKRUPTCY_SUMMARY/EXTENSION/MISMO,Container,MISMO_BASE,EXTENSION,MISMO
/BORROWER/BANKRUPTCY_SUMMARY/EXTENSION/OTHER,Container,BANKRUPTCY_SUMMARY_OTHER_BASE,EXTENSION,OTHER
/BORROWER/BORROWER_DETAIL,Container,BORROWER_DETAIL,BORROWER,BORROWER_DETAIL
/BORROWER/BORROWER_DETAIL/AddressConfidentialityProgramIndicator,DataPoint,MISMOIndicator,BORROWER_DETAIL,AddressConfidentialityProgramIndicator
/BORROWER/BORROWER_DETAIL/AutomobilesOwnedCount,DataPoint,MISMOCount,BORROWER_DETAIL,AutomobilesOwnedCount
/BORROWER/BORROWER_DETAIL/BorrowerAgeAtApplicationYearsCount,DataPoint,MISMOCount,BORROWER_DETAIL,BorrowerAgeAtApplicationYearsCount
/BORROWER/BORROWER_DETAIL/BorrowerApplicationSignedDate,DataPoint,MISMODate,BORROWER_DETAIL,BorrowerApplicationSignedDate
/BORROWER/BORROWER_DETAIL/BorrowerBankruptcyIndicator,DataPoint,MISMOIndicator,BORROWER_DETAIL,BorrowerBankruptcyIndicator
/BORROWER/BORROWER_DETAIL/BorrowerBirthDate,DataPoint,MISMODate,BORROWER_DETAIL,BorrowerBirthDate
/BORROWER/BORROWER_DETAIL/BorrowerCharacteristicType,Enumeration,BorrowerCharacteristicEnum,BORROWER_DETAIL,BorrowerCharacteristicType
/BORROWER/BORROWER_DETAIL/BorrowerCharacteristicTypeOtherDescription,DataPoint,MISMOString,BORROWER_DETAIL,BorrowerCharacteristicTypeOtherDescription
/BORROWER/BORROWER_DETAIL/BorrowerClassificationType,Enumeration,BorrowerClassificationEnum,BORROWER_DETAIL,BorrowerClassificationType
/BORROWER/BORROWER_DETAIL/BorrowerDeathDate,DataPoint,MISMODate,BORROWER_DETAIL,BorrowerDeathDate
/BORROWER/BORROWER_DETAIL/BorrowerIsAnIndividualPersonIndicator,DataPoint,MISMOIndicator,BORROWER_DETAIL,BorrowerIsAnIndividualPersonIndicator
/BORROWER/BORROWER_DETAIL/BorrowerMailToAddressSameAsPropertyIndicator,DataPoint,MISMOIndicator,BORROWER_DETAIL,BorrowerMailToAddressSameAsPropertyIndicator
/BORROWER/BORROWER_DETAIL/BorrowerQualifyingIncomeAmount,DataPoint,MISMOAmount,BORROWER_DETAIL,BorrowerQualifyingIncomeAmount
/BORROWER/BORROWER_DETAIL/BorrowerRelationshipTitleType,Enumeration,BorrowerRelationshipTitleEnum,BORROWER_DETAIL,BorrowerRelationshipTitleType
/BORROWER/BORROWER_DETAIL/BorrowerRelationshipTitleTypeOtherDescription,DataPoint,MISMOString,BORROWER_DETAIL,BorrowerRelationshipTitleTypeOtherDescription
/BORROWER/BORROWER_DETAIL/BorrowerSameAsBuilderIndicator,DataPoint,MISMOIndicator,BORROWER_DETAIL,BorrowerSameAsBuilderIndicator
/BORROWER/BORROWER_DETAIL/BorrowerTotalMortgagedPropertiesCount,DataPoint,MISMOCount,BORROWER_DETAIL,BorrowerTotalMortgagedPropertiesCount
/BORROWER/BORROWER_DETAIL/CommunityPropertyStateResidentIndicator,DataPoint,MISMOIndicator,BORROWER_DETAIL,CommunityPropertyStateResidentIndicator
/BORROWER/BORROWER_DETAIL/CreditFileBorrowerAgeYearsCount,DataPoint,MISMOCount,BORROWER_DETAIL,CreditFileBorrowerAgeYearsCount
/BORROWER/BORROWER_DETAIL/CreditReportAuthorizationIndicator,DataPoint,MISMOIndicator,BORROWER_DETAIL,CreditReportAuthorizationIndicator
/BORROWER/BORROWER_DETAIL/CreditReportIdentifier,DataPoint,MISMOIdentifier,BORROWER_DETAIL,CreditReportIdentifier
/BORROWER/BORROWER_DETAIL/DependentCount,DataPoint,MISMOCount,BORROWER_DETAIL,DependentCount
/BORROWER/BORROWER_DETAIL/DomesticRelationshipIndicator,DataPoint,MISMOIndicator,BORROWER_DETAIL,DomesticRelationshipIndicator
/BORROWER/BORROWER_DETAIL/DomesticRelationshipStateCode,DataPoint,MISMOCode,BORROWER_DETAIL,DomesticRelationshipStateCode
/BORROWER/BORROWER_DETAIL/DomesticRelationshipType,Enumeration,DomesticRelationshipEnum,BORROWER_DETAIL,DomesticRelationshipType
/BORROWER/BORROWER_DETAIL/DomesticRelationshipTypeOtherDescription,DataPoint,MISMOString,BORROWER_DETAIL,DomesticRelationshipTypeOtherDescription
/BORROWER/BORROWER_DETAIL/EmploymentStateType,Enumeration,EmploymentStateEnum,BORROWER_DETAIL,EmploymentStateType
/BORROWER/BORROWER_DETAIL/EmploymentStateTypeOtherDescription,DataPoint,MISMOString,BORROWER_DETAIL,EmploymentStateTypeOtherDescription
/BORROWER/BORROWER_DETAIL/EmploymentVerificationLevelCode,DataPoint,MISMOCode,BORROWER_DETAIL,EmploymentVerificationLevelCode
/BORROWER/BORROWER_DETAIL/HousingCounselingRequiredIndicator,DataPoint,MISMOIndicator,BORROWER_DETAIL,HousingCounselingRequiredIndicator
/BORROWER/BORROWER_DETAIL/IncomeVerificationLevelCode,DataPoint,MISMOCode,BORROWER_DETAIL,IncomeVerificationLevelCode
/BORROWER/BORROWER_DETAIL/IntentToProceedWithLoanTransactionIndicatedDate,DataPoint,MISMODate,BORROWER_DETAIL,IntentToProceedWithLoanTransactionIndicatedDate
/BORROWER/BORROWER_DETAIL/JointAssetLiabilityReportingType,Enumeration,JointAssetLiabilityReportingEnum,BORROWER_DETAIL,JointAssetLiabilityReportingType
/BORROWER/BORROWER_DETAIL/MaritalStatusType,Enumeration,MaritalStatusEnum,BORROWER_DETAIL,MaritalStatusType
/BORROWER/BORROWER_DETAIL/MaritalStatusTypeOtherDescription,DataPoint,MISMOString,BORROWER_DETAIL,MaritalStatusTypeOtherDescription
/BORROWER/BORROWER_DETAIL/MilitaryLendingActCoveredBorrowerIndicator,DataPoint,MISMOIndicator,BORROWER_DETAIL,MilitaryLendingActCoveredBorrowerIndicator
/BORROWER/BORROWER_DETAIL/SchoolingYearsCount,DataPoint,MISMOCount,BORROWER_DETAIL,SchoolingYearsCount
/BORROWER/BORROWER_DETAIL/SelfDeclaredMilitaryServiceIndicator,DataPoint,MISMOIndicator,BORROWER_DETAIL,SelfDeclaredMilitaryServiceIndicator
/BORROWER/BORROWER_DETAIL/SignatureAuthorityType,Enumeration,SignatureAuthorityEnum,BORROWER_DETAIL,SignatureAuthorityType
/BORROWER/BORROWER_DETAIL/SignatureAuthorityTypeOtherDescription,DataPoint,MISMOString,BORROWER_DETAIL,SignatureAuthorityTypeOtherDescription
/BORROWER/BORROWER_DETAIL/SignedAuthorizationToRequestTaxRecordsIndicator,DataPoint,MISMOIndicator,BORROWER_DETAIL,SignedAuthorizationToRequestTaxRecordsIndicator
/BORROWER/BORROWER_DETAIL/SpousalVABenefitsEligibilityIndicator,DataPoint,MISMOIndicator,BORROWER_DETAIL,SpousalVABenefitsEligibilityIndicator
/BORROWER/BORROWER_DETAIL/TaxRecordsObtainedIndicator,DataPoint,MISMOIndicator,BORROWER_DETAIL,TaxRecordsObtainedIndicator
/BORROWER/BORROWER_DETAIL/URLAAdditionalBorrowerAddendumIndicator,DataPoint,MISMOIndicator,BORROWER_DETAIL,URLAAdditionalBorrowerAddendumIndicator
/BORROWER/BORROWER_DETAIL/URLAUnmarriedAddendumIndicator,DataPoint,MISMOIndicator,BORROWER_DETAIL,URLAUnmarriedAddendumIndicator
/BORROWER/BORROWER_DETAIL/EXTENSION,Container,BORROWER_DETAIL_EXTENSION,BORROWER_DETAIL,EXTENSION
/BORROWER/BORROWER_DETAIL/EXTENSION/MISMO,Container,MISMO_BASE,EXTENSION,MISMO
/BORROWER/BORROWER_DETAIL/EXTENSION/OTHER,Container,BORROWER_DETAIL_OTHER_BASE,EXTENSION,OTHER
/BORROWER/COUNSELING,Container,COUNSELING,BORROWER,COUNSELING
/BORROWER/COUNSELING/COUNSELING_DETAIL,Container,COUNSELING_DETAIL,COUNSELING,COUNSELING_DETAIL
/BORROWER/COUNSELING/COUNSELING_DETAIL/HousingCounselingAgenciesListProvidedDate,DataPoint,MISMODate,COUNSELING_DETAIL,HousingCounselingAgenciesListProvidedDate
/BORROWER/COUNSELING/COUNSELING_DETAIL/HousingCounselingAgencyListSourceType,Enumeration,HousingCounselingAgencyListSourceEnum,COUNSELING_DETAIL,HousingCounselingAgencyListSourceType
/BORROWER/COUNSELING/COUNSELING_DETAIL/HousingCounselingAgencyListSourceTypeOtherDescription,DataPoint,MISMOString,COUNSELING_DETAIL,HousingCounselingAgencyListSourceTypeOtherDescription
/BORROWER/COUNSELING/COUNSELING_DETAIL/HUDCounselingInitiatedIndicator,DataPoint,MISMOIndicator,COUNSELING_DETAIL,HUDCounselingInitiatedIndicator
/BORROWER/COUNSELING/COUNSELING_DETAIL/EXTENSION,Container,COUNSELING_DETAIL_EXTENSION,COUNSELING_DETAIL,EXTENSION
/BORROWER/COUNSELING/COUNSELING_DETAIL/EXTENSION/MISMO,Container,MISMO_BASE,EXTENSION,MISMO
/BORROWER/COUNSELING/COUNSELING_DETAIL/EXTENSION/OTHER,Container,COUNSELING_DETAIL_OTHER_BASE,EXTENSION,OTHER
/BORROWER/COUNSELING/COUNSELING_EVENTS,Container,COUNSELING_EVENTS,COUNSELING,COUNSELING_EVENTS
/BORROWER/COUNSELING/COUNSELING_EVENTS/COUNSELING_EVENT,Container,COUNSELING_EVENT,COUNSELING_EVENTS,COUNSELING_EVENT
/BORROWER/COUNSELING/COUNSELING_EVENTS/COUNSELING_EVENT/COUNSELING_EVENT_DETAIL,Container,COUNSELING_EVENT_DETAIL,COUNSELING_EVENT,COUNSELING_EVENT_DETAIL
/BORROWER/COUNSELING/COUNSELING_EVENTS/COUNSELING_EVENT/COUNSELING_EVENT_DETAIL/CounselingCompletedDate,DataPoint,MISMODate,COUNSELING_EVENT_DETAIL,CounselingCompletedDate
/BORROWER/COUNSELING/COUNSELING_EVENTS/COUNSELING_EVENT/COUNSELING_EVENT_DETAIL/CounselingConfirmationIndicator,DataPoint,MISMOIndicator,COUNSELING_EVENT_DETAIL,CounselingConfirmationIndicator
/BORROWER/COUNSELING/COUNSELING_EVENTS/COUNSELING_EVENT/COUNSELING_EVENT_DETAIL/CounselingDeliveredDate,DataPoint,MISMODate,COUNSELING_EVENT_DETAIL,CounselingDeliveredDate
/BORROWER/COUNSELING/COUNSELING_EVENTS/COUNSELING_EVENT/COUNSELING_EVENT_DETAIL/CounselingFormatType,Enumeration,CounselingFormatEnum,COUNSELING_EVENT_DETAIL,CounselingFormatType
/BORROWER/COUNSELING/COUNSELING_EVENTS/COUNSELING_EVENT/COUNSELING_EVENT_DETAIL/CounselingFormatTypeOtherDescription,DataPoint,MISMOString,COUNSELING_EVENT_DETAIL,CounselingFormatTypeOtherDescription
/BORROWER/COUNSELING/COUNSELING_EVENTS/COUNSELING_EVENT/COUNSELING_EVENT_DETAIL/CounselingInitiatedDate,DataPoint,MISMODate,COUNSELING_EVENT_DETAIL,CounselingInitiatedDate
/BORROWER/COUNSELING/COUNSELING_EVENTS/COUNSELING_EVENT/COUNSELING_EVENT_DETAIL/CounselingProviderType,Enumeration,CounselingProviderEnum,COUNSELING_EVENT_DETAIL,CounselingProviderType
/BORROWER/COUNSELING/COUNSELING_EVENTS/COUNSELING_EVENT/COUNSELING_EVENT_DETAIL/CounselingProviderTypeOtherDescription,DataPoint,MISMOString,COUNSELING_EVENT_DETAIL,CounselingProviderTypeOtherDescription
/BORROWER/COUNSELING/COUNSELING_EVENTS/COUNSELING_EVENT/COUNSELING_EVENT_DETAIL/CounselingSettingType,Enumeration,CounselingSettingEnum,COUNSELING_EVENT_DETAIL,CounselingSettingType
/BORROWER/COUNSELING/COUNSELING_EVENTS/COUNSELING_EVENT/COUNSELING_EVENT_DETAIL/CounselingSettingTypeOtherDescription,DataPoint,MISMOString,COUNSELING_EVENT_DETAIL,CounselingSettingTypeOtherDescription
/BORROWER/COUNSELING/COUNSELING_EVENTS/COUNSELING_EVENT/COUNSELING_EVENT_DETAIL/CounselingType,Enumeration,CounselingEnum,COUNSELING_EVENT_DETAIL,CounselingType
/BORROWER/COUNSELING/COUNSELING_EVENTS/COUNSELING_EVENT/COUNSELING_EVENT_DETAIL/HousingCounselingCertificationIssuedDate,DataPoint,MISMODate,COUNSELING_EVENT_DETAIL,HousingCounselingCertificationIssuedDate
/BORROWER/COUNSELING/COUNSELING_EVENTS/COUNSELING_EVENT/COUNSELING_EVENT_DETAIL/EXTENSION,Container,COUNSELING_EVENT_DETAIL_EXTENSION,COUNSELING_EVENT_DETAIL,EXTENSION
/BORROWER/COUNSELING/COUNSELING_EVENTS/COUNSELING_EVENT/COUNSELING_EVENT_DETAIL/EXTENSION/MISMO,Container,MISMO_BASE,EXTENSION,MISMO
/BORROWER/COUNSELING/COUNSELING_EVENTS/COUNSELING_EVENT/COUNSELING_EVENT_DETAIL/EXTENSION/OTHER,Container,COUNSELING_EVENT_DETAIL_OTHER_BASE,EXTENSION,OTHER
/BORROWER/COUNSELING/COUNSELING_EVENTS/COUNSELING_EVENT/COUNSELING_TOPICS,Container,COUNSELING_TOPICS,COUNSELING_EVENT,COUNSELING_TOPICS
/BORROWER/COUNSELING/COUNSELING_EVENTS/COUNSELING_EVENT/COUNSELING_TOPICS/COUNSELING_TOPIC,Container,COUNSELING_TOPIC,COUNSELING_TOPICS,COUNSELING_TOPIC
/BORROWER/COUNSELING/COUNSELING_EVENTS/COUNSELING_EVENT/COUNSELING_TOPICS/COUNSELING_TOPIC/CounselingTopicType,Enumeration,CounselingTopicEnum,COUNSELING_TOPIC,CounselingTopicType
/BORROWER/COUNSELING/COUNSELING_EVENTS/COUNSELING_EVENT/COUNSELING_TOPICS/COUNSELING_TOPIC/CounselingTopicTypeOtherDescription,DataPoint,MISMOString,COUNSELING_TOPIC,CounselingTopicTypeOtherDescription
/BORROWER/COUNSELING/COUNSELING_EVENTS/COUNSELING_EVENT/COUNSELING_TOPICS/COUNSELING_TOPIC/EXTENSION,Container,COUNSELING_TOPIC_EXTENSION,COUNSELING_TOPIC,EXTENSION
/BORROWER/COUNSELING/COUNSELING_EVENTS/COUNSELING_EVENT/COUNSELING_TOPICS/COUNSELING_TOPIC/EXTENSION/MISMO,Container,MISMO_BASE,EXTENSION,MISMO
/BORROWER/COUNSELING/COUNSELING_EVENTS/COUNSELING_EVENT/COUNSELING_TOPICS/COUNSELING_TOPIC/EXTENSION/OTHER,Container,COUNSELING_TOPIC_OTHER_BASE,EXTENSION,OTHER
/BORROWER/COUNSELING/COUNSELING_EVENTS/COUNSELING_EVENT/COUNSELING_TOPICS/EXTENSION,Container,COUNSELING_TOPICS_EXTENSION,COUNSELING_TOPICS,EXTENSION
/BORROWER/COUNSELING/COUNSELING_EVENTS/COUNSELING_EVENT/COUNSELING_TOPICS/EXTENSION/MISMO,Container,MISMO_BASE,EXTENSION,MISMO
/BORROWER/COUNSELING/COUNSELING_EVENTS/COUNSELING_EVENT/COUNSELING_TOPICS/EXTENSION/OTHER,Container,COUNSELING_TOPICS_OTHER_BASE,EXTENSION,OTHER
/BORROWER/COUNSELING/COUNSELING_EVENTS/COUNSELING_EVENT/EXTENSION,Container,COUNSELING_EVENT_EXTENSION,COUNSELING_EVENT,EXTENSION
/BORROWER/COUNSELING/COUNSELING_EVENTS/COUNSELING_EVENT/EXTENSION/MISMO,Container,MISMO_BASE,EXTENSION,MISMO
/BORROWER/COUNSELING/COUNSELING_EVENTS/COUNSELING_EVENT/EXTENSION/OTHER,Container,COUNSELING_EVENT_OTHER_BASE,EXTENSION,OTHER
/BORROWER/COUNSELING/COUNSELING_EVENTS/EXTENSION,Container,COUNSELING_EVENTS_EXTENSION,COUNSELING_EVENTS,EXTENSION
/BORROWER/COUNSELING/COUNSELING_EVENTS/EXTENSION/MISMO,Container,MISMO_BASE,EXTENSION,MISMO
/BORROWER/COUNSELING/COUNSELING_EVENTS/EXTENSION/OTHER,Container,COUNSELING_EVENTS_OTHER_BASE,EXTENSION,OTHER
/BORROWER/COUNSELING/EXTENSION,Container,COUNSELING_EXTENSION,COUNSELING,EXTENSION
/BORROWER/COUNSELING/EXTENSION/MISMO,Container,MISMO_BASE,EXTENSION,MISMO
/BORROWER/COUNSELING/EXTENSION/OTHER,Container,COUNSELING_OTHER_BASE,EXTENSION,OTHER
/BORROWER/CREDIT_SCORES,Container,CREDIT_SCORES,BORROWER,CREDIT_SCORES
/BORROWER/CREDIT_SCORES/CREDIT_SCORE,Container,CREDIT_SCORE,CREDIT_SCORES,CREDIT_SCORE
/BORROWER/CREDIT_SCORES/CREDIT_SCORE/CREDIT_SCORE_DETAIL,Container,CREDIT_SCORE_DETAIL,CREDIT_SCORE,CREDIT_SCORE_DETAIL
/BORROWER/CREDIT_SCORES/CREDIT_SCORE/CREDIT_SCORE_DETAIL/CreditReportIdentifier,DataPoint,MISMOIdentifier,CREDIT_SCORE_DETAIL,CreditReportIdentifier
/BORROWER/CREDIT_SCORES/CREDIT_SCORE/CREDIT_SCORE_DETAIL/CreditReportType,Enumeration,CreditReportEnum,CREDIT_SCORE_DETAIL,CreditReportType
/BORROWER/CREDIT_SCORES/CREDIT_SCORE/CREDIT_SCORE_DETAIL/CreditReportTypeOtherDescription,DataPoint,MISMOString,CREDIT_SCORE_DETAIL,CreditReportTypeOtherDescription
/BORROWER/CREDIT_SCORES/CREDIT_SCORE/CREDIT_SCORE_DETAIL/CreditRepositorySingleSourceIndicator,DataPoint,MISMOIndicator,CREDIT_SCORE_DETAIL,CreditRepositorySingleSourceIndicator
/BORROWER/CREDIT_SCORES/CREDIT_SCORE/CREDIT_SCORE_DETAIL/CreditRepositorySourceIndicator,DataPoint,MISMOIndicator,CREDIT_SCORE_DETAIL,CreditRepositorySourceIndicator
/BORROWER/CREDIT_SCORES/CREDIT_SCORE/CREDIT_SCORE_DETAIL/CreditRepositorySourceType,Enumeration,CreditRepositorySourceEnum,CREDIT_SCORE_DETAIL,CreditRepositorySourceType
/BORROWER/CREDIT_SCORES/CREDIT_SCORE/CREDIT_SCORE_DETAIL/CreditRepositorySourceTypeOtherDescription,DataPoint,MISMOString,CREDIT_SCORE_DETAIL,CreditRepositorySourceTypeOtherDescription
/BORROWER/CREDIT_SCORES/CREDIT_SCORE/CREDIT_SCORE_DETAIL/CreditScoreCategoryType,Enumeration,CreditScoreCategoryEnum,CREDIT_SCORE_DETAIL,CreditScoreCategoryType
/BORROWER/CREDIT_SCORES/CREDIT_SCORE/CREDIT_SCORE_DETAIL/CreditScoreCategoryTypeOtherDescription,DataPoint,MISMOString,CREDIT_SCORE_DETAIL,CreditScoreCategoryTypeOtherDescription
/BORROWER/CREDIT_SCORES/CREDIT_SCORE/CREDIT_SCORE_DETAIL/CreditScoreCategoryVersionType,Enumeration,CreditScoreCategoryVersionEnum,CREDIT_SCORE_DETAIL,CreditScoreCategoryVersionType
/BORROWER/CREDIT_SCORES/CREDIT_SCORE/CREDIT_SCORE_DETAIL/CreditScoreCategoryVersionTypeOtherDescription,DataPoint,MISMOString,CREDIT_SCORE_DETAIL,CreditScoreCategoryVersionTypeOtherDescription
/BORROWER/CREDIT_SCORES/CREDIT_SCORE/CREDIT_SCORE_DETAIL/CreditScoreDate,DataPoint,MISMODate,CREDIT_SCORE_DETAIL,CreditScoreDate
/BORROWER/CREDIT_SCORES/CREDIT_SCORE/CREDIT_SCORE_DETAIL/CreditScoreExclusionReasonType,Enumeration,CreditScoreExclusionReasonEnum,CREDIT_SCORE_DETAIL,CreditScoreExclusionReasonType
/BORROWER/CREDIT_SCORES/CREDIT_SCORE/CREDIT_SCORE_DETAIL/CreditScoreFACTAInquiriesIndicator,DataPoint,MISMOIndicator,CREDIT_SCORE_DETAIL,CreditScoreFACTAInquiriesIndicator
/BORROWER/CREDIT_SCORES/CREDIT_SCORE/CREDIT_SCORE_DETAIL/CreditScoreImpairmentType,Enumeration,CreditScoreImpairmentEnum,CREDIT_SCORE_DETAIL,CreditScoreImpairmentType
/BORROWER/CREDIT_SCORES/CREDIT_SCORE/CREDIT_SCORE_DETAIL/CreditScoreImpairmentTypeOtherDescription,DataPoint,MISMOString,CREDIT_SCORE_DETAIL,CreditScoreImpairmentTypeOtherDescription
/BORROWER/CREDIT_SCORES/CREDIT_SCORE/CREDIT_SCORE_DETAIL/CreditScoreModelNameType,Enumeration,CreditScoreModelNameEnum,CREDIT_SCORE_DETAIL,CreditScoreModelNameType
/BORROWER/CREDIT_SCORES/CREDIT_SCORE/CREDIT_SCORE_DETAIL/CreditScoreModelNameTypeOtherDescription,DataPoint,MISMOString,CREDIT_SCORE_DETAIL,CreditScoreModelNameTypeOtherDescription
/BORROWER/CREDIT_SCORES/CREDIT_SCORE/CREDIT_SCORE_DETAIL/CreditScoreRankPercentileDescription,DataPoint,MISMOString,CREDIT_SCORE_DETAIL,CreditScoreRankPercentileDescription
/BORROWER/CREDIT_SCORES/CREDIT_SCORE/CREDIT_SCORE_DETAIL/CreditScoreRankPercentileValue,DataPoint,MISMOValue,CREDIT_SCORE_DETAIL,CreditScoreRankPercentileValue
/BORROWER/CREDIT_SCORES/CREDIT_SCORE/CREDIT_SCORE_DETAIL/CreditScoreValue,DataPoint,MISMOValue,CREDIT_SCORE_DETAIL,CreditScoreValue
/BORROWER/CREDIT_SCORES/CREDIT_SCORE/CREDIT_SCORE_DETAIL/SelectedCreditScoreIndicator,DataPoint,MISMOIndicator,CREDIT_SCORE_DETAIL,SelectedCreditScoreIndicator
/BORROWER/CREDIT_SCORES/CREDIT_SCORE/CREDIT_SCORE_DETAIL/EXTENSION,Container,CREDIT_SCORE_DETAIL_EXTENSION,CREDIT_SCORE_DETAIL,EXTENSION
/BORROWER/CREDIT_SCORES/CREDIT_SCORE/CREDIT_SCORE_DETAIL/EXTENSION/MISMO,Container,MISMO_BASE,EXTENSION,MISMO
/BORROWER/CREDIT_SCORES/CREDIT_SCORE/CREDIT_SCORE_DETAIL/EXTENSION/OTHER,Container,CREDIT_SCORE_DETAIL_OTHER_BASE,EXTENSION,OTHER
/BORROWER/CREDIT_SCORES/CREDIT_SCORE/CREDIT_SCORE_FACTORS,Container,CREDIT_SCORE_FACTORS,CREDIT_SCORE,CREDIT_SCORE_FACTORS
/BORROWER/CREDIT_SCORES/CREDIT_SCORE/CREDIT_SCORE_FACTORS/CREDIT_SCORE_FACTOR,Container,CREDIT_SCORE_FACTOR,CREDIT_SCORE_FACTORS,CREDIT_SCORE_FACTOR
/BORROWER/CREDIT_SCORES/CREDIT_SCORE/CREDIT_SCORE_FACTORS/CREDIT_SCORE_FACTOR/CreditScoreFactorCode,DataPoint,MISMOCode,CREDIT_SCORE_FACTOR,CreditScoreFactorCode
/BORROWER/CREDIT_SCORES/CREDIT_SCORE/CREDIT_SCORE_FACTORS/CREDIT_SCORE_FACTOR/CreditScoreFactorText,DataPoint,MISMOString,CREDIT_SCORE_FACTOR,CreditScoreFactorText
/BORROWER/CREDIT_SCORES/CREDIT_SCORE/CREDIT_SCORE_FACTORS/CREDIT_SCORE_FACTOR/EXTENSION,Container,CREDIT_SCORE_FACTOR_EXTENSION,CREDIT_SCORE_FACTOR,EXTENSION
/BORROWER/CREDIT_SCORES/CREDIT_SCORE/CREDIT_SCORE_FACTORS/CREDIT_SCORE_FACTOR/EXTENSION/MISMO,Container,MISMO_BASE,EXTENSION,MISMO
/BORROWER/CREDIT_SCORES/CREDIT_SCORE/CREDIT_SCORE_FACTORS/CREDIT_SCORE_FACTOR/EXTENSION/OTHER,Container,CREDIT_SCORE_FACTOR_OTHER_BASE,EXTENSION,OTHER
/BORROWER/CREDIT_SCORES/CREDIT_SCORE/CREDIT_SCORE_FACTORS/EXTENSION,Container,CREDIT_SCORE_FACTORS_EXTENSION,CREDIT_SCORE_FACTORS,EXTENSION
/BORROWER/CREDIT_SCORES/CREDIT_SCORE/CREDIT_SCORE_FACTORS/EXTENSION/MISMO,Container,MISMO_BASE,EXTENSION,MISMO
/BORROWER/CREDIT_SCORES/CREDIT_SCORE/CREDIT_SCORE_FACTORS/EXTENSION/OTHER,Container,CREDIT_SCORE_FACTORS_OTHER_BASE,EXTENSION,OTHER
/BORROWER/CREDIT_SCORES/CREDIT_SCORE/CREDIT_SCORE_PROVIDER,Container,CREDIT_SCORE_PROVIDER,CREDIT_SCORE,CREDIT_SCORE_PROVIDER
/BORROWER/CREDIT_SCORES/CREDIT_SCORE/CREDIT_SCORE_PROVIDER/ADDRESS,Container,ADDRESS,CREDIT_SCORE_PROVIDER,ADDRESS
/BORROWER/CREDIT_SCORES/CREDIT_SCORE/CREDIT_SCORE_PROVIDER/ADDRESS/AddressAdditionalLineText,DataPoint,MISMOString,ADDRESS,AddressAdditionalLineText
/BORROWER/CREDIT_SCORES/CREDIT_SCORE/CREDIT_SCORE_PROVIDER/ADDRESS/AddressAdditionalLineTwoText,DataPoint,MISMOString,ADDRESS,AddressAdditionalLineTwoText
/BORROWER/CREDIT_SCORES/CREDIT_SCORE/CREDIT_SCORE_PROVIDER/ADDRESS/AddressCondominiumApartmentText,DataPoint,MISMOString,ADDRESS,AddressCondominiumApartmentText
/BORROWER/CREDIT_SCORES/CREDIT_SCORE/CREDIT_SCORE_PROVIDER/ADDRESS/AddressFormatType,Enumeration,AddressFormatEnum,ADDRESS,AddressFormatType
/BORROWER/CREDIT_SCORES/CREDIT_SCORE/CREDIT_SCORE_PROVIDER/ADDRESS/AddressFormatTypeOtherDescription,DataPoint,MISMOString,ADDRESS,AddressFormatTypeOtherDescription
/BORROWER/CREDIT_SCORES/CREDIT_SCORE/CREDIT_SCORE_PROVIDER/ADDRESS/AddressIsNotUSPSCodableIndicator,DataPoint,MISMOIndicator,ADDRESS,AddressIsNotUSPSCodableIndicator
/BORROWER/CREDIT_SCORES/CREDIT_SCORE/CREDIT_SCORE_PROVIDER/ADDRESS/AddressLineText,DataPoint,MISMOString,ADDRESS,AddressLineText
/BORROWER/CREDIT_SCORES/CREDIT_SCORE/CREDIT_SCORE_PROVIDER/ADDRESS/AddressPRUrbanizationText,DataPoint,MISMOString,ADDRESS,AddressPRUrbanizationText
/BORROWER/CREDIT_SCORES/CREDIT_SCORE/CREDIT_SCORE_PROVIDER/ADDRESS/AddressType,Enumeration,AddressEnum,ADDRESS,AddressType
/BORROWER/CREDIT_SCORES/CREDIT_SCORE/CREDIT_SCORE_PROVIDER/ADDRESS/AddressTypeOtherDescription,DataPoint,MISMOString,ADDRESS,AddressTypeOtherDescription
/BORROWER/CREDIT_SCORES/CREDIT_SCORE/CREDIT_SCORE_PROVIDER/ADDRESS/AddressUnitDesignatorType,Enumeration,AddressUnitDesignatorEnum,ADDRESS,AddressUnitDesignatorType
/BORROWER/CREDIT_SCORES/CREDIT_SCORE/CREDIT_SCORE_PROVIDER/ADDRESS/AddressUnitDesignatorTypeOtherDescription,DataPoint,MISMOString,ADDRESS,AddressUnitDesignatorTypeOtherDescription
/BORROWER/CREDIT_SCORES/CREDIT_SCORE/CREDIT_SCORE_PROVIDER/ADDRESS/AddressUnitIdentifier,DataPoint,MISMOIdentifier,ADDRESS,AddressUnitIdentifier
/BORROWER/CREDIT_SCORES/CREDIT_SCORE/CREDIT_SCORE_PROVIDER/ADDRESS/AttentionToName,DataPoint,MISMOString,ADDRESS,AttentionToName
/BORROWER/CREDIT_SCORES/CREDIT_SCORE/CREDIT_SCORE_PROVIDER/ADDRESS/CarrierRouteCode,DataPoint,MISMOCode,ADDRESS,CarrierRouteCode
/BORROWER/CREDIT_SCORES/CREDIT_SCORE/CREDIT_SCORE_PROVIDER/ADDRESS/CityName,DataPoint,MISMOString,ADDRESS,CityName
/BORROWER/CREDIT_SCORES/CREDIT_SCORE/CREDIT_SCORE_PROVIDER/ADDRESS/CountryCode,DataPoint,MISMOCode,ADDRESS,CountryCode
/BORROWER/CREDIT_SCORES/CREDIT_SCORE/CREDIT_SCORE_PROVIDER/ADDRESS/CountryName,DataPoint,MISMOString,ADDRESS,CountryName
/BORROWER/CREDIT_SCORES/CREDIT_SCORE/CREDIT_SCORE_PROVIDER/ADDRESS/CountyCode,DataPoint,MISMOCode,ADDRESS,CountyCode
/BORROWER/CREDIT_SCORES/CREDIT_SCORE/CREDIT_SCORE_PROVIDER/ADDRESS/CountyName,DataPoint,MISMOString,ADDRESS,CountyName
/BORROWER/CREDIT_SCORES/CREDIT_SCORE/CREDIT_SCORE_PROVIDER/ADDRESS/DeliveryPointBarCodeCheckValue,DataPoint,MISMOValue,ADDRESS,DeliveryPointBarCodeCheckValue
/BORROWER/CREDIT_SCORES/CREDIT_SCORE/CREDIT_SCORE_PROVIDER/ADDRESS/DeliveryPointBarCodeValue,DataPoint,MISMOValue,ADDRESS,DeliveryPointBarCodeValue
/BORROWER/CREDIT_SCORES/CREDIT_SCORE/CREDIT_SCORE_PROVIDER/ADDRESS/HighwayContractBoxIdentifier,DataPoint,MISMOIdentifier,ADDRESS,HighwayContractBoxIdentifier
/BORROWER/CREDIT_SCORES/CREDIT_SCORE/CREDIT_SCORE_PROVIDER/ADDRESS/HighwayContractRouteIdentifier,DataPoint,MISMOIdentifier,ADDRESS,HighwayContractRouteIdentifier
/BORROWER/CREDIT_SCORES/CREDIT_SCORE/CREDIT_SCORE_PROVIDER/ADDRESS/MailStopCode,DataPoint,MISMOCode,ADDRESS,MailStopCode
/BORROWER/CREDIT_SCORES/CREDIT_SCORE/CREDIT_SCORE_PROVIDER/ADDRESS/PlusFourZipCode,DataPoint,MISMOCode,ADDRESS,PlusFourZipCode
/BORROWER/CREDIT_SCORES/CREDIT_SCORE/CREDIT_SCORE_PROVIDER/ADDRESS/PostalCode,DataPoint,MISMOCode,ADDRESS,PostalCode
/BORROWER/CREDIT_SCORES/CREDIT_SCORE/CREDIT_SCORE_PROVIDER/ADDRESS/PostOfficeBoxIdentifier,DataPoint,MISMOIdentifier,ADDRESS,PostOfficeBoxIdentifier
/BORROWER/CREDIT_SCORES/CREDIT_SCORE/CREDIT_SCORE_PROVIDER/ADDRESS/RuralRouteBoxIdentifier,DataPoint,MISMOIdentifier,ADDRESS,RuralRouteBoxIdentifier
/BORROWER/CREDIT_SCORES/CREDIT_SCORE/CREDIT_SCORE_PROVIDER/ADDRESS/RuralRouteIdentifier,DataPoint,MISMOIdentifier,ADDRESS,RuralRouteIdentifier
/BORROWER/CREDIT_SCORES/CREDIT_SCORE/CREDIT_SCORE_PROVIDER/ADDRESS/StandardizedAdditionalAddressLineText,DataPoint,MISMOString,ADDRESS,StandardizedAdditionalAddressLineText
/BORROWER/CREDIT_SCORES/CREDIT_SCORE/CREDIT_SCORE_PROVIDER/ADDRESS/StandardizedAdditionalAddressLineTwoText,DataPoint,MISMOString,ADDRESS,StandardizedAdditionalAddressLineTwoText
/BORROWER/CREDIT_SCORES/CREDIT_SCORE/CREDIT_SCORE_PROVIDER/ADDRESS/StandardizedAddressLineText,DataPoint,MISMOString,ADDRESS,StandardizedAddressLineText
/BORROWER/CREDIT_SCORES/CREDIT_SCORE/CREDIT_SCORE_PROVIDER/ADDRESS/StandardizedAddressUnitDesignatorType,Enumeration,StandardizedAddressUnitDesignatorEnum,ADDRESS,StandardizedAddressUnitDesignatorType
/BORROWER/CREDIT_SCORES/CREDIT_SCORE/CREDIT_SCORE_PROVIDER/ADDRESS/StandardizedAddressUnitDesignatorTypeOtherDescription,DataPoint,MISMOString,ADDRESS,StandardizedAddressUnitDesignatorTypeOtherDescription
/BORROWER/CREDIT_SCORES/CREDIT_SCORE/CREDIT_SCORE_PROVIDER/ADDRESS/StandardizedPRUrbanizationType,Enumeration,StandardizedPRUrbanizationEnum,ADDRESS,StandardizedPRUrbanizationType
/BORROWER/CREDIT_SCORES/CREDIT_SCORE/CREDIT_SCORE_PROVIDER/ADDRESS/StandardizedPRUrbanizationTypeOtherDescription,DataPoint,MISMOString,ADDRESS,StandardizedPRUrbanizationTypeOtherDescription
/BORROWER/CREDIT_SCORES/CREDIT_SCORE/CREDIT_SCORE_PROVIDER/ADDRESS/StandardizedRuralHighwayContractRouteType,Enumeration,StandardizedRuralHighwayContractRouteEnum,ADDRESS,StandardizedRuralHighwayContractRouteType
/BORROWER/CREDIT_SCORES/CREDIT_SCORE/CREDIT_SCORE_PROVIDER/ADDRESS/StandardizedRuralHighwayContractRouteTypeOtherDescription,DataPoint,MISMOString,ADDRESS,StandardizedRuralHighwayContractRouteTypeOtherDescription
/BORROWER/CREDIT_SCORES/CREDIT_SCORE/CREDIT_SCORE_PROVIDER/ADDRESS/StandardizedSpanishAddressDesignatorType,Enumeration,StandardizedSpanishAddressDesignatorEnum,ADDRESS,StandardizedSpanishAddressDesignatorType
/BORROWER/CREDIT_SCORES/CREDIT_SCORE/CREDIT_SCORE_PROVIDER/ADDRESS/StandardizedSpanishAddressDesignatorTypeOtherDescription,DataPoint,MISMOString,ADDRESS,StandardizedSpanishAddressDesignatorTypeOtherDescription
/BORROWER/CREDIT_SCORES/CREDIT_SCORE/CREDIT_SCORE_PROVIDER/ADDRESS/StandardizedStreetSuffixType,Enumeration,StandardizedStreetSuffixEnum,ADDRESS,StandardizedStreetSuffixType
/BORROWER/CREDIT_SCORES/CREDIT_SCORE/CREDIT_SCORE_PROVIDER/ADDRESS/StandardizedStreetSuffixTypeOtherDescription,DataPoint,MISMOString,ADDRESS,StandardizedStreetSuffixTypeOtherDescription
/BORROWER/CREDIT_SCORES/CREDIT_SCORE/CREDIT_SCORE_PROVIDER/ADDRESS/StateCode,DataPoint,MISMOCode,ADDRESS,StateCode
/BORROWER/CREDIT_SCORES/CREDIT_SCORE/CREDIT_SCORE_PROVIDER/ADDRESS/StateName,DataPoint,MISMOString,ADDRESS,StateName
/BORROWER/CREDIT_SCORES/CREDIT_SCORE/CREDIT_SCORE_PROVIDER/ADDRESS/StreetName,DataPoint,MISMOString,ADDRESS,StreetName
/BORROWER/CREDIT_SCORES/CREDIT_SCORE/CREDIT_SCORE_PROVIDER/ADDRESS/StreetPostDirectionalText,DataPoint,MISMOString,ADDRESS,StreetPostDirectionalText
/BORROWER/CREDIT_SCORES/CREDIT_SCORE/CREDIT_SCORE_PROVIDER/ADDRESS/StreetPreDirectionalText,DataPoint,MISMOString,ADDRESS,StreetPreDirectionalText
/BORROWER/CREDIT_SCORES/CREDIT_SCORE/CREDIT_SCORE_PROVIDER/ADDRESS/StreetPrimaryNumberText,DataPoint,MISMOString,ADDRESS,StreetPrimaryNumberText
/BORROWER/CREDIT_SCORES/CREDIT_SCORE/CREDIT_SCORE_PROVIDER/ADDRESS/StreetSuffixText,DataPoint,MISMOString,ADDRESS,StreetSuffixText
/BORROWER/CREDIT_SCORES/CREDIT_SCORE/CREDIT_SCORE_PROVIDER/ADDRESS/EXTENSION,Container,ADDRESS_EXTENSION,ADDRESS,EXTENSION
/BORROWER/CREDIT_SCORES/CREDIT_SCORE/CREDIT_SCORE_PROVIDER/ADDRESS/EXTENSION/MISMO,Container,MISMO_BASE,EXTENSION,MISMO
/BORROWER/CREDIT_SCORES/CREDIT_SCORE/CREDIT_SCORE_PROVIDER/ADDRESS/EXTENSION/OTHER,Container,ADDRESS_OTHER_BASE,EXTENSION,OTHER
/BORROWER/CREDIT_SCORES/CREDIT_SCORE/CREDIT_SCORE_PROVIDER/CONTACTS,Container,CONTACTS,CREDIT_SCORE_PROVIDER,CONTACTS
/BORROWER/CREDIT_SCORES/CREDIT_SCORE/CREDIT_SCORE_PROVIDER/CONTACTS/CONTACT,Container,CONTACT,CONTACTS,CONTACT
/BORROWER/CREDIT_SCORES/CREDIT_SCORE/CREDIT_SCORE_PROVIDER/CONTACTS/CONTACT/CONTACT_DETAIL,Container,CONTACT_DETAIL,CONTACT,CONTACT_DETAIL
/BORROWER/CREDIT_SCORES/CREDIT_SCORE/CREDIT_SCORE_PROVIDER/CONTACTS/CONTACT/CONTACT_DETAIL/AttorneyInFactIndicator,DataPoint,MISMOIndicator,CONTACT_DETAIL,AttorneyInFactIndicator
/BORROWER/CREDIT_SCORES/CREDIT_SCORE/CREDIT_SCORE_PROVIDER/CONTACTS/CONTACT/CONTACT_DETAIL/ContactPartyIdentifier,DataPoint,MISMOIdentifier,CONTACT_DETAIL,ContactPartyIdentifier
/BORROWER/CREDIT_SCORES/CREDIT_SCORE/CREDIT_SCORE_PROVIDER/CONTACTS/CONTACT/CONTACT_DETAIL/SignatoryRoleType,Enumeration,SignatoryRoleEnum,CONTACT_DETAIL,SignatoryRoleType
/BORROWER/CREDIT_SCORES/CREDIT_SCORE/CREDIT_SCORE_PROVIDER/CONTACTS/CONTACT/CONTACT_DETAIL/EXTENSION,Container,CONTACT_DETAIL_EXTENSION,CONTACT_DETAIL,EXTENSION
/BORROWER/CREDIT_SCORES/CREDIT_SCORE/CREDIT_SCORE_PROVIDER/CONTACTS/CONTACT/CONTACT_DETAIL/EXTENSION/MISMO,Container,MISMO_BASE,EXTENSION,MISMO
/BORROWER/CREDIT_SCORES/CREDIT_SCORE/CREDIT_SCORE_PROVIDER/CONTACTS/CONTACT/CONTACT_DETAIL/EXTENSION/OTHER,Container,CONTACT_DETAIL_OTHER_BASE,EXTENSION,OTHER
/BORROWER/CREDIT_SCORES/CREDIT_SCORE/CREDIT_SCORE_PROVIDER/CONTACTS/CONTACT/CONTACT_POINTS,Container,CONTACT_POINTS,CONTACT,CONTACT_POINTS
/BORROWER/CREDIT_SCORES/CREDIT_SCORE/CREDIT_SCORE_PROVIDER/CONTACTS/CONTACT/CONTACT_POINTS/CONTACT_POINT,Container,CONTACT_POINT,CONTACT_POINTS,CONTACT_POINT
/BORROWER/CREDIT_SCORES/CREDIT_SCORE/CREDIT_SCORE_PROVIDER/CONTACTS/CONTACT/CONTACT_POINTS/CONTACT_POINT/CONTACT_POINT_EMAIL,Container,CONTACT_POINT_EMAIL,CONTACT_POINT,CONTACT_POINT_EMAIL
/BORROWER/CREDIT_SCORES/CREDIT_SCORE/CREDIT_SCORE_PROVIDER/CONTACTS/CONTACT/CONTACT_POINTS/CONTACT_POINT/CONTACT_POINT_EMAIL/ContactPointEmailValue,DataPoint,MISMOValue,CONTACT_POINT_EMAIL,ContactPointEmailValue
/BORROWER/CREDIT_SCORES/CREDIT_SCORE/CREDIT_SCORE_PROVIDER/CONTACTS/CONTACT/CONTACT_POINTS/CONTACT_POINT/CONTACT_POINT_EMAIL/EXTENSION,Container,CONTACT_POINT_EMAIL_EXTENSION,CONTACT_POINT_EMAIL,EXTENSION
/BORROWER/CREDIT_SCORES/CREDIT_SCORE/CREDIT_SCORE_PROVIDER/CONTACTS/CONTACT/CONTACT_POINTS/CONTACT_POINT/CONTACT_POINT_EMAIL/EXTENSION/MISMO,Container,MISMO_BASE,EXTENSION,MISMO
/BORROWER/CREDIT_SCORES/CREDIT_SCORE/CREDIT_SCORE_PROVIDER/CONTACTS/CONTACT/CONTACT_POINTS/CONTACT_POINT/CONTACT_POINT_EMAIL/EXTENSION/OTHER,Container,CONTACT_POINT_EMAIL_OTHER_BASE,EXTENSION,OTHER
/BORROWER/CREDIT_SCORES/CREDIT_SCORE/CREDIT_SCORE_PROVIDER/CONTACTS/CONTACT/CONTACT_POINTS/CONTACT_POINT/CONTACT_POINT_SOCIAL_MEDIA,Container,CONTACT_POINT_SOCIAL_MEDIA,CONTACT_POINT,CONTACT_POINT_SOCIAL_MEDIA
/BORROWER/CREDIT_SCORES/CREDIT_SCORE/CREDIT_SCORE_PROVIDER/CONTACTS/CONTACT/CONTACT_POINTS/CONTACT_POINT/CONTACT_POINT_SOCIAL_MEDIA/SocialMediaIdentifier,DataPoint,MISMOIdentifier,CONTACT_POINT_SOCIAL_MEDIA,SocialMediaIdentifier
/BORROWER/CREDIT_SCORES/CREDIT_SCORE/CREDIT_SCORE_PROVIDER/CONTACTS/CONTACT/CONTACT_POINTS/CONTACT_POINT/CONTACT_POINT_SOCIAL_MEDIA/EXTENSION,Container,CONTACT_POINT_SOCIAL_MEDIA_EXTENSION,CONTACT_POINT_SOCIAL_MEDIA,EXTENSION
/BORROWER/CREDIT_SCORES/CREDIT_SCORE/CREDIT_SCORE_PROVIDER/CONTACTS/CONTACT/CONTACT_POINTS/CONTACT_POINT/CONTACT_POINT_SOCIAL_MEDIA/EXTENSION/MISMO,Container,MISMO_BASE,EXTENSION,MISMO
/BORROWER/CREDIT_SCORES/CREDIT_SCORE/CREDIT_SCORE_PROVIDER/CONTACTS/CONTACT/CONTACT_POINTS/CONTACT_POINT/CONTACT_POINT_SOCIAL_MEDIA/EXTENSION/OTHER,Container,CONTACT_POINT_SOCIAL_MEDIA_OTHER_BASE,EXTENSION,OTHER
/BORROWER/CREDIT_SCORES/CREDIT_SCORE/CREDIT_SCORE_PROVIDER/CONTACTS/CONTACT/CONTACT_POINTS/CONTACT_POINT/CONTACT_POINT_TELEPHONE,Container,CONTACT_POINT_TELEPHONE,CONTACT_POINT,CONTACT_POINT_TELEPHONE
/BORROWER/CREDIT_SCORES/CREDIT_SCORE/CREDIT_SCORE_PROVIDER/CONTACTS/CONTACT/CONTACT_POINTS/CONTACT_POINT/CONTACT_POINT_TELEPHONE/ContactPointFaxExtensionValue,DataPoint,MISMOValue,CONTACT_POINT_TELEPHONE,ContactPointFaxExtensionValue
/BORROWER/CREDIT_SCORES/CREDIT_SCORE/CREDIT_SCORE_PROVIDER/CONTACTS/CONTACT/CONTACT_POINTS/CONTACT_POINT/CONTACT_POINT_TELEPHONE/ContactPointFaxValue,DataPoint,MISMOValue,CONTACT_POINT_TELEPHONE,ContactPointFaxValue
/BORROWER/CREDIT_SCORES/CREDIT_SCORE/CREDIT_SCORE_PROVIDER/CONTACTS/CONTACT/CONTACT_POINTS/CONTACT_POINT/CONTACT_POINT_TELEPHONE/ContactPointTelephoneExtensionValue,DataPoint,MISMOValue,CONTACT_POINT_TELEPHONE,ContactPointTelephoneExtensionValue
/BORROWER/CREDIT_SCORES/CREDIT_SCORE/CREDIT_SCORE_PROVIDER/CONTACTS/CONTACT/CONTACT_POINTS/CONTACT_POINT/CONTACT_POINT_TELEPHONE/ContactPointTelephoneTollFreeIndicator,DataPoint,MISMOIndicator,CONTACT_POINT_TELEPHONE,ContactPointTelephoneTollFreeIndicator
/BORROWER/CREDIT_SCORES/CREDIT_SCORE/CREDIT_SCORE_PROVIDER/CONTACTS/CONTACT/CONTACT_POINTS/CONTACT_POINT/CONTACT_POINT_TELEPHONE/ContactPointTelephoneValue,DataPoint,MISMOValue,CONTACT_POINT_TELEPHONE,ContactPointTelephoneValue
/BORROWER/CREDIT_SCORES/CREDIT_SCORE/CREDIT_SCORE_PROVIDER/CONTACTS/CONTACT/CONTACT_POINTS/CONTACT_POINT/CONTACT_POINT_TELEPHONE/TextMessageAcceptanceType,Enumeration,TextMessageAcceptanceEnum,CONTACT_POINT_TELEPHONE,TextMessageAcceptanceType
/BORROWER/CREDIT_SCORES/CREDIT_SCORE/CREDIT_SCORE_PROVIDER/CONTACTS/CONTACT/CONTACT_POINTS/CONTACT_POINT/CONTACT_POINT_TELEPHONE/EXTENSION,Container,CONTACT_POINT_TELEPHONE_EXTENSION,CONTACT_POINT_TELEPHONE,EXTENSION
/BORROWER/CREDIT_SCORES/CREDIT_SCORE/CREDIT_SCORE_PROVIDER/CONTACTS/CONTACT/CONTACT_POINTS/CONTACT_POINT/CONTACT_POINT_TELEPHONE/EXTENSION/MISMO,Container,MISMO_BASE,EXTENSION,MISMO
/BORROWER/CREDIT_SCORES/CREDIT_SCORE/CREDIT_SCORE_PROVIDER/CONTACTS/CONTACT/CONTACT_POINTS/CONTACT_POINT/CONTACT_POINT_TELEPHONE/EXTENSION/OTHER,Container,CONTACT_POINT_TELEPHONE_OTHER_BASE,EXTENSION,OTHER
/BORROWER/CREDIT_SCORES/CREDIT_SCORE/CREDIT_SCORE_PROVIDER/CONTACTS/CONTACT/CONTACT_POINTS/CONTACT_POINT/OTHER_CONTACT_POINT,Container,OTHER_CONTACT_POINT,CONTACT_POINT,OTHER_CONTACT_POINT
/BORROWER/CREDIT_SCORES/CREDIT_SCORE/CREDIT_SCORE_PROVIDER/CONTACTS/CONTACT/CONTACT_POINTS/CONTACT_POINT/OTHER_CONTACT_POINT/ContactPointOtherValue,DataPoint,MISMOValue,OTHER_CONTACT_POINT,ContactPointOtherValue
/BORROWER/CREDIT_SCORES/CREDIT_SCORE/CREDIT_SCORE_PROVIDER/CONTACTS/CONTACT/CONTACT_POINTS/CONTACT_POINT/OTHER_CONTACT_POINT/ContactPointOtherValueDescription,DataPoint,MISMOString,OTHER_CONTACT_POINT,ContactPointOtherValueDescription
/BORROWER/CREDIT_SCORES/CREDIT_SCORE/CREDIT_SCORE_PROVIDER/CONTACTS/CONTACT/CONTACT_POINTS/CONTACT_POINT/OTHER_CONTACT_POINT/EXTENSION,Container,OTHER_CONTACT_POINT_EXTENSION,OTHER_CONTACT_POINT,EXTENSION
/BORROWER/CREDIT_SCORES/CREDIT_SCORE/CREDIT_SCORE_PROVIDER/CONTACTS/CONTACT/CONTACT_POINTS/CONTACT_POINT/OTHER_CONTACT_POINT/EXTENSION/MISMO,Container,MISMO_BASE,EXTENSION,MISMO
/BORROWER/CREDIT_SCORES/CREDIT_SCORE/CREDIT_SCORE_PROVIDER/CONTACTS/CONTACT/CONTACT_POINTS/CONTACT_POINT/OTHER_CONTACT_POINT/EXTENSION/OTHER,Container,OTHER_CONTACT_POINT_OTHER_BASE,EXTENSION,OTHER
/BORROWER/CREDIT_SCORES/CREDIT_SCORE/CREDIT_SCORE_PROVIDER/CONTACTS/CONTACT/CONTACT_POINTS/CONTACT_POINT/CONTACT_POINT_DETAIL,Container,CONTACT_POINT_DETAIL,CONTACT_POINT,CONTACT_POINT_DETAIL
/BORROWER/CREDIT_SCORES/CREDIT_SCORE/CREDIT_SCORE_PROVIDER/CONTACTS/CONTACT/CONTACT_POINTS/CONTACT_POINT/CONTACT_POINT_DETAIL/ContactPointPreferenceIndicator,DataPoint,MISMOIndicator,CONTACT_POINT_DETAIL,ContactPointPreferenceIndicator
/BORROWER/CREDIT_SCORES/CREDIT_SCORE/CREDIT_SCORE_PROVIDER/CONTACTS/CONTACT/CONTACT_POINTS/CONTACT_POINT/CONTACT_POINT_DETAIL/ContactPointTimeZoneType,Enumeration,ContactPointTimeZoneEnum,CONTACT_POINT_DETAIL,ContactPointTimeZoneType
/BORROWER/CREDIT_SCORES/CREDIT_SCORE/CREDIT_SCORE_PROVIDER/CONTACTS/CONTACT/CONTACT_POINTS/CONTACT_POINT/CONTACT_POINT_DETAIL/ContactPointTimeZoneTypeOtherDescription,DataPoint,MISMOString,CONTACT_POINT_DETAIL,ContactPointTimeZoneTypeOtherDescription
/BORROWER/CREDIT_SCORES/CREDIT_SCORE/CREDIT_SCORE_PROVIDER/CONTACTS/CONTACT/CONTACT_POINTS/CONTACT_POINT/CONTACT_POINT_DETAIL/NoTelephoneIndicator,DataPoint,MISMOIndicator,CONTACT_POINT_DETAIL,NoTelephoneIndicator
/BORROWER/CREDIT_SCORES/CREDIT_SCORE/CREDIT_SCORE_PROVIDER/CONTACTS/CONTACT/CONTACT_POINTS/CONTACT_POINT/CONTACT_POINT_DETAIL/PriorContactPointIndicator,DataPoint,MISMOIndicator,CONTACT_POINT_DETAIL,PriorContactPointIndicator
/BORROWER/CREDIT_SCORES/CREDIT_SCORE/CREDIT_SCORE_PROVIDER/CONTACTS/CONTACT/CONTACT_POINTS/CONTACT_POINT/CONTACT_POINT_DETAIL/RequestNoContactIndicator,DataPoint,MISMOIndicator,CONTACT_POINT_DETAIL,RequestNoContactIndicator
/BORROWER/CREDIT_SCORES/CREDIT_SCORE/CREDIT_SCORE_PROVIDER/CONTACTS/CONTACT/CONTACT_POINTS/CONTACT_POINT/CONTACT_POINT_DETAIL/EXTENSION,Container,CONTACT_POINT_DETAIL_EXTENSION,CONTACT_POINT_DETAIL,EXTENSION
/BORROWER/CREDIT_SCORES/CREDIT_SCORE/CREDIT_SCORE_PROVIDER/CONTACTS/CONTACT/CONTACT_POINTS/CONTACT_POINT/CONTACT_POINT_DETAIL/EXTENSION/MISMO,Container,MISMO_BASE,EXTENSION,MISMO
/BORROWER/CREDIT_SCORES/CREDIT_SCORE/CREDIT_SCORE_PROVIDER/CONTACTS/CONTACT/CONTACT_POINTS/CONTACT_POINT/CONTACT_POINT_DETAIL/EXTENSION/OTHER,Container,CONTACT_POINT_DETAIL_OTHER_BASE,EXTENSION,OTHER
/BORROWER/CREDIT_SCORES/CREDIT_SCORE/CREDIT_SCORE_PROVIDER/CONTACTS/CONTACT/CONTACT_POINTS/CONTACT_POINT/CONTACT_POINT_ROLES,Container,CONTACT_POINT_ROLES,CONTACT_POINT,CONTACT_POINT_ROLES
/BORROWER/CREDIT_SCORES/CREDIT_SCORE/CREDIT_SCORE_PROVIDER/CONTACTS/CONTACT/CONTACT_POINTS/CONTACT_POINT/CONTACT_POINT_ROLES/CONTACT_POINT_ROLE,Container,CONTACT_POINT_ROLE,CONTACT_POINT_ROLES,CONTACT_POINT_ROLE
/BORROWER/CREDIT_SCORES/CREDIT_SCORE/CREDIT_SCORE_PROVIDER/CONTACTS/CONTACT/CONTACT_POINTS/CONTACT_POINT/CONTACT_POINT_ROLES/CONTACT_POINT_ROLE/ContactPointRoleType,Enumeration,ContactPointRoleEnum,CONTACT_POINT_ROLE,ContactPointRoleType
/BORROWER/CREDIT_SCORES/CREDIT_SCORE/CREDIT_SCORE_PROVIDER/CONTACTS/CONTACT/CONTACT_POINTS/CONTACT_POINT/CONTACT_POINT_ROLES/CONTACT_POINT_ROLE/ContactPointRoleTypeOtherDescription,DataPoint,MISMOString,CONTACT_POINT_ROLE,ContactPointRoleTypeOtherDescription
/BORROWER/CREDIT_SCORES/CREDIT_SCORE/CREDIT_SCORE_PROVIDER/CONTACTS/CONTACT/CONTACT_POINTS/CONTACT_POINT/CONTACT_POINT_ROLES/CONTACT_POINT_ROLE/EXTENSION,Container,CONTACT_POINT_ROLE_EXTENSION,CONTACT_POINT_ROLE,EXTENSION
/BORROWER/CREDIT_SCORES/CREDIT_SCORE/CREDIT_SCORE_PROVIDER/CONTACTS/CONTACT/CONTACT_POINTS/CONTACT_POINT/CONTACT_POINT_ROLES/CONTACT_POINT_ROLE/EXTENSION/MISMO,Container,MISMO_BASE,EXTENSION,MISMO
/BORROWER/CREDIT_SCORES/CREDIT_SCORE/CREDIT_SCORE_PROVIDER/CONTACTS/CONTACT/CONTACT_POINTS/CONTACT_POINT/CONTACT_POINT_ROLES/CONTACT_POINT_ROLE/EXTENSION/OTHER,Container,CONTACT_POINT_ROLE_OTHER_BASE,EXTENSION,OTHER
/BORROWER/CREDIT_SCORES/CREDIT_SCORE/CREDIT_SCORE_PROVIDER/CONTACTS/CONTACT/CONTACT_POINTS/CONTACT_POINT/CONTACT_POINT_ROLES/EXTENSION,Container,CONTACT_POINT_ROLES_EXTENSION,CONTACT_POINT_ROLES,EXTENSION
/BORROWER/CREDIT_SCORES/CREDIT_SCORE/CREDIT_SCORE_PROVIDER/CONTACTS/CONTACT/CONTACT_POINTS/CONTACT_POINT/CONTACT_POINT_ROLES/EXTENSION/MISMO,Container,MISMO_BASE,EXTENSION,MISMO
/BORROWER/CREDIT_SCORES/CREDIT_SCORE/CREDIT_SCORE_PROVIDER/CONTACTS/CONTACT/CONTACT_POINTS/CONTACT_POINT/CONTACT_POINT_ROLES/EXTENSION/OTHER,Container,CONTACT_POINT_ROLES_OTHER_BASE,EXTENSION,OTHER
/BORROWER/CREDIT_SCORES/CREDIT_SCORE/CREDIT_SCORE_PROVIDER/CONTACTS/CONTACT/CONTACT_POINTS/CONTACT_POINT/CONTACT_POINT_TIME_PREFERENCES,Container,CONTACT_POINT_TIME_PREFERENCES,CONTACT_POINT,CONTACT_POINT_TIME_PREFERENCES
/BORROWER/CREDIT_SCORES/CREDIT_SCORE/CREDIT_SCORE_PROVIDER/CONTACTS/CONTACT/CONTACT_POINTS/CONTACT_POINT/CONTACT_POINT_TIME_PREFERENCES/CONTACT_POINT_TIME_PREFERENCE,Container,CONTACT_POINT_TIME_PREFERENCE,CONTACT_POINT_TIME_PREFERENCES,CONTACT_POINT_TIME_PREFERENCE
/BORROWER/CREDIT_SCORES/CREDIT_SCORE/CREDIT_SCORE_PROVIDER/CONTACTS/CONTACT/CONTACT_POINTS/CONTACT_POINT/CONTACT_POINT_TIME_PREFERENCES/CONTACT_POINT_TIME_PREFERENCE/ContactPointDayPreferenceType,Enumeration,ContactPointDayPreferenceEnum,CONTACT_POINT_TIME_PREFERENCE,ContactPointDayPreferenceType
/BORROWER/CREDIT_SCORES/CREDIT_SCORE/CREDIT_SCORE_PROVIDER/CONTACTS/CONTACT/CONTACT_POINTS/CONTACT_POINT/CONTACT_POINT_TIME_PREFERENCES/CONTACT_POINT_TIME_PREFERENCE/ContactPointDayPreferenceTypeOtherDescription,DataPoint,MISMOString,CONTACT_POINT_TIME_PREFERENCE,ContactPointDayPreferenceTypeOtherDescription
/BORROWER/CREDIT_SCORES/CREDIT_SCORE/CREDIT_SCORE_PROVIDER/CONTACTS/CONTACT/CONTACT_POINTS/CONTACT_POINT/CONTACT_POINT_TIME_PREFERENCES/CONTACT_POINT_TIME_PREFERENCE/ContactPointNoContactEndingDate,DataPoint,MISMODate,CONTACT_POINT_TIME_PREFERENCE,ContactPointNoContactEndingDate
/BORROWER/CREDIT_SCORES/CREDIT_SCORE/CREDIT_SCORE_PROVIDER/CONTACTS/CONTACT/CONTACT_POINTS/CONTACT_POINT/CONTACT_POINT_TIME_PREFERENCES/CONTACT_POINT_TIME_PREFERENCE/ContactPointNoContactStartingDate,DataPoint,MISMODate,CONTACT_POINT_TIME_PREFERENCE,ContactPointNoContactStartingDate
/BORROWER/CREDIT_SCORES/CREDIT_SCORE/CREDIT_SCORE_PROVIDER/CONTACTS/CONTACT/CONTACT_POINTS/CONTACT_POINT/CONTACT_POINT_TIME_PREFERENCES/CONTACT_POINT_TIME_PREFERENCE/ContactPointPreferenceEndTime,DataPoint,MISMOTime,CONTACT_POINT_TIME_PREFERENCE,ContactPointPreferenceEndTime
/BORROWER/CREDIT_SCORES/CREDIT_SCORE/CREDIT_SCORE_PROVIDER/CONTACTS/CONTACT/CONTACT_POINTS/CONTACT_POINT/CONTACT_POINT_TIME_PREFERENCES/CONTACT_POINT_TIME_PREFERENCE/ContactPointPreferenceStartTime,DataPoint,MISMOTime,CONTACT_POINT_TIME_PREFERENCE,ContactPointPreferenceStartTime
/BORROWER/CREDIT_SCORES/CREDIT_SCORE/CREDIT_SCORE_PROVIDER/CONTACTS/CONTACT/CONTACT_POINTS/CONTACT_POINT/CONTACT_POINT_TIME_PREFERENCES/CONTACT_POINT_TIME_PREFERENCE/ContactPointRequestNoContactIndicator,DataPoint,MISMOIndicator,CONTACT_POINT_TIME_PREFERENCE,ContactPointRequestNoContactIndicator
/BORROWER/CREDIT_SCORES/CREDIT_SCORE/CREDIT_SCORE_PROVIDER/CONTACTS/CONTACT/CONTACT_POINTS/CONTACT_POINT/CONTACT_POINT_TIME_PREFERENCES/CONTACT_POINT_TIME_PREFERENCE/ContactPointTimePreferenceNoticeDatetime,DataPoint,MISMODatetime,CONTACT_POINT_TIME_PREFERENCE,ContactPointTimePreferenceNoticeDatetime
/BORROWER/CREDIT_SCORES/CREDIT_SCORE/CREDIT_SCORE_PROVIDER/CONTACTS/CONTACT/CONTACT_POINTS/CONTACT_POINT/CONTACT_POINT_TIME_PREFERENCES/CONTACT_POINT_TIME_PREFERENCE/ContactPointTimePreferenceSourceType,Enumeration,ContactPointTimePreferenceSourceEnum,CONTACT_POINT_TIME_PREFERENCE,ContactPointTimePreferenceSourceType
/BORROWER/CREDIT_SCORES/CREDIT_SCORE/CREDIT_SCORE_PROVIDER/CONTACTS/CONTACT/CONTACT_POINTS/CONTACT_POINT/CONTACT_POINT_TIME_PREFERENCES/CONTACT_POINT_TIME_PREFERENCE/ContactPointTimePreferenceSourceTypeAdditionalDescription,DataPoint,MISMOString,CONTACT_POINT_TIME_PREFERENCE,ContactPointTimePreferenceSourceTypeAdditionalDescription
/BORROWER/CREDIT_SCORES/CREDIT_SCORE/CREDIT_SCORE_PROVIDER/CONTACTS/CONTACT/CONTACT_POINTS/CONTACT_POINT/CONTACT_POINT_TIME_PREFERENCES/CONTACT_POINT_TIME_PREFERENCE/ContactPointTimePreferenceSourceTypeOtherDescription,DataPoint,MISMOString,CONTACT_POINT_TIME_PREFERENCE,ContactPointTimePreferenceSourceTypeOtherDescription
/BORROWER/CREDIT_SCORES/CREDIT_SCORE/CREDIT_SCORE_PROVIDER/CONTACTS/CONTACT/CONTACT_POINTS/CONTACT_POINT/CONTACT_POINT_TIME_PREFERENCES/CONTACT_POINT_TIME_PREFERENCE/ContactPointTimeZoneType,Enumeration,ContactPointTimeZoneEnum,CONTACT_POINT_TIME_PREFERENCE,ContactPointTimeZoneType
/BORROWER/CREDIT_SCORES/CREDIT_SCORE/CREDIT_SCORE_PROVIDER/CONTACTS/CONTACT/CONTACT_POINTS/CONTACT_POINT/CONTACT_POINT_TIME_PREFERENCES/CONTACT_POINT_TIME_PREFERENCE/ContactPointTimeZoneTypeOtherDescription,DataPoint,MISMOString,CONTACT_POINT_TIME_PREFERENCE,ContactPointTimeZoneTypeOtherDescription
/BORROWER/CREDIT_SCORES/CREDIT_SCORE/CREDIT_SCORE_PROVIDER/CONTACTS/CONTACT/CONTACT_POINTS/CONTACT_POINT/CONTACT_POINT_TIME_PREFERENCES/CONTACT_POINT_TIME_PREFERENCE/EXTENSION,Container,CONTACT_POINT_TIME_PREFERENCE_EXTENSION,CONTACT_POINT_TIME_PREFERENCE,EXTENSION
/BORROWER/CREDIT_SCORES/CREDIT_SCORE/CREDIT_SCORE_PROVIDER/CONTACTS/CONTACT/CONTACT_POINTS/CONTACT_POINT/CONTACT_POINT_TIME_PREFERENCES/CONTACT_POINT_TIME_PREFERENCE/EXTENSION/MISMO,Container,MISMO_BASE,EXTENSION,MISMO
/BORROWER/CREDIT_SCORES/CREDIT_SCORE/CREDIT_SCORE_PROVIDER/CONTACTS/CONTACT/CONTACT_POINTS/CONTACT_POINT/CONTACT_POINT_TIME_PREFERENCES/CONTACT_POINT_TIME_PREFERENCE/EXTENSION/OTHER,Container,CONTACT_POINT_TIME_PREFERENCE_OTHER_BASE,EXTENSION,OTHER
/BORROWER/CREDIT_SCORES/CREDIT_SCORE/CREDIT_SCORE_PROVIDER/CONTACTS/CONTACT/CONTACT_POINTS/CONTACT_POINT/CONTACT_POINT_TIME_PREFERENCES/EXTENSION,Container,CONTACT_POINT_TIME_PREFERENCES_EXTENSION,CONTACT_POINT_TIME_PREFERENCES,EXTENSION
/BORROWER/CREDIT_SCORES/CREDIT_SCORE/CREDIT_SCORE_PROVIDER/CONTACTS/CONTACT/CONTACT_POINTS/CONTACT_POINT/CONTACT_POINT_TIME_PREFERENCES/EXTENSION/MISMO,Container,MISMO_BASE,EXTENSION,MISMO
/BORROWER/CREDIT_SCORES/CREDIT_SCORE/CREDIT_SCORE_PROVIDER/CONTACTS/CONTACT/CONTACT_POINTS/CONTACT_POINT/CONTACT_POINT_TIME_PREFERENCES/EXTENSION/OTHER,Container,CONTACT_POINT_TIME_PREFERENCES_OTHER_BASE,EXTENSION,OTHER
/BORROWER/CREDIT_SCORES/CREDIT_SCORE/CREDIT_SCORE_PROVIDER/CONTACTS/CONTACT/CONTACT_POINTS/CONTACT_POINT/EXTENSION,Container,CONTACT_POINT_EXTENSION,CONTACT_POINT,EXTENSION
/BORROWER/CREDIT_SCORES/CREDIT_SCORE/CREDIT_SCORE_PROVIDER/CONTACTS/CONTACT/CONTACT_POINTS/CONTACT_POINT/EXTENSION/MISMO,Container,MISMO_BASE,EXTENSION,MISMO
/BORROWER/CREDIT_SCORES/CREDIT_SCORE/CREDIT_SCORE_PROVIDER/CONTACTS/CONTACT/CONTACT_POINTS/CONTACT_POINT/EXTENSION/OTHER,Container,CONTACT_POINT_OTHER_BASE,EXTENSION,OTHER
/BORROWER/CREDIT_SCORES/CREDIT_SCORE/CREDIT_SCORE_PROVIDER/CONTACTS/CONTACT/CONTACT_POINTS/EXTENSION,Container,CONTACT_POINTS_EXTENSION,CONTACT_POINTS,EXTENSION
/BORROWER/CREDIT_SCORES/CREDIT_SCORE/CREDIT_SCORE_PROVIDER/CONTACTS/CONTACT/CONTACT_POINTS/EXTENSION/MISMO,Container,MISMO_BASE,EXTENSION,MISMO
/BORROWER/CREDIT_SCORES/CREDIT_SCORE/CREDIT_SCORE_PROVIDER/CONTACTS/CONTACT/CONTACT_POINTS/EXTENSION/OTHER,Container,CONTACT_POINTS_OTHER_BASE,EXTENSION,OTHER
/BORROWER/CREDIT_SCORES/CREDIT_SCORE/CREDIT_SCORE_PROVIDER/CONTACTS/CONTACT/IDENTIFICATION_VERIFICATION,Container,IDENTIFICATION_VERIFICATION,CONTACT,IDENTIFICATION_VERIFICATION
/BORROWER/CREDIT_SCORES/CREDIT_SCORE/CREDIT_SCORE_PROVIDER/CONTACTS/CONTACT/IDENTIFICATION_VERIFICATION/BIRTH_INFORMATION,Container,BIRTH_INFORMATION,IDENTIFICATION_VERIFICATION,BIRTH_INFORMATION
/BORROWER/CREDIT_SCORES/CREDIT_SCORE/CREDIT_SCORE_PROVIDER/CONTACTS/CONTACT/IDENTIFICATION_VERIFICATION/BIRTH_INFORMATION/BirthDate,DataPoint,MISMODate,BIRTH_INFORMATION,BirthDate
/BORROWER/CREDIT_SCORES/CREDIT_SCORE/CREDIT_SCORE_PROVIDER/CONTACTS/CONTACT/IDENTIFICATION_VERIFICATION/BIRTH_INFORMATION/CityTownVillageOfBirthName,DataPoint,MISMOString,BIRTH_INFORMATION,CityTownVillageOfBirthName
/BORROWER/CREDIT_SCORES/CREDIT_SCORE/CREDIT_SCORE_PROVIDER/CONTACTS/CONTACT/IDENTIFICATION_VERIFICATION/BIRTH_INFORMATION/CountryOfBirthName,DataPoint,MISMOString,BIRTH_INFORMATION,CountryOfBirthName
/BORROWER/CREDIT_SCORES/CREDIT_SCORE/CREDIT_SCORE_PROVIDER/CONTACTS/CONTACT/IDENTIFICATION_VERIFICATION/BIRTH_INFORMATION/MothersMaidenName,DataPoint,MISMOString,BIRTH_INFORMATION,MothersMaidenName
/BORROWER/CREDIT_SCORES/CREDIT_SCORE/CREDIT_SCORE_PROVIDER/CONTACTS/CONTACT/IDENTIFICATION_VERIFICATION/BIRTH_INFORMATION/StateProvinceOfBirthName,DataPoint,MISMOString,BIRTH_INFORMATION,StateProvinceOfBirthName
/BORROWER/CREDIT_SCORES/CREDIT_SCORE/CREDIT_SCORE_PROVIDER/CONTACTS/CONTACT/IDENTIFICATION_VERIFICATION/BIRTH_INFORMATION/EXTENSION,Container,BIRTH_INFORMATION_EXTENSION,BIRTH_INFORMATION,EXTENSION
/BORROWER/CREDIT_SCORES/CREDIT_SCORE/CREDIT_SCORE_PROVIDER/CONTACTS/CONTACT/IDENTIFICATION_VERIFICATION/BIRTH_INFORMATION/EXTENSION/MISMO,Container,MISMO_BASE,EXTENSION,MISMO
/BORROWER/CREDIT_SCORES/CREDIT_SCORE/CREDIT_SCORE_PROVIDER/CONTACTS/CONTACT/IDENTIFICATION_VERIFICATION/BIRTH_INFORMATION/EXTENSION/OTHER,Container,BIRTH_INFORMATION_OTHER_BASE,EXTENSION,OTHER
/BORROWER/CREDIT_SCORES/CREDIT_SCORE/CREDIT_SCORE_PROVIDER/CONTACTS/CONTACT/IDENTIFICATION_VERIFICATION/IDENTIFICATION_VERIFICATION_DETAIL,Container,IDENTIFICATION_VERIFICATION_DETAIL,IDENTIFICATION_VERIFICATION,IDENTIFICATION_VERIFICATION_DETAIL
/BORROWER/CREDIT_SCORES/CREDIT_SCORE/CREDIT_SCORE_PROVIDER/CONTACTS/CONTACT/IDENTIFICATION_VERIFICATION/IDENTIFICATION_VERIFICATION_DETAIL/CountryOfCitizenshipName,DataPoint,MISMOString,IDENTIFICATION_VERIFICATION_DETAIL,CountryOfCitizenshipName
/BORROWER/CREDIT_SCORES/CREDIT_SCORE/CREDIT_SCORE_PROVIDER/CONTACTS/CONTACT/IDENTIFICATION_VERIFICATION/IDENTIFICATION_VERIFICATION_DETAIL/NotaryCertificateSignerIdentificationType,Enumeration,NotaryCertificateSignerIdentificationEnum,IDENTIFICATION_VERIFICATION_DETAIL,NotaryCertificateSignerIdentificationType
/BORROWER/CREDIT_SCORES/CREDIT_SCORE/CREDIT_SCORE_PROVIDER/CONTACTS/CONTACT/IDENTIFICATION_VERIFICATION/IDENTIFICATION_VERIFICATION_DETAIL/SSNAssociationsCount,DataPoint,MISMOCount,IDENTIFICATION_VERIFICATION_DETAIL,SSNAssociationsCount
/BORROWER/CREDIT_SCORES/CREDIT_SCORE/CREDIT_SCORE_PROVIDER/CONTACTS/CONTACT/IDENTIFICATION_VERIFICATION/IDENTIFICATION_VERIFICATION_DETAIL/EXTENSION,Container,IDENTIFICATION_VERIFICATION_DETAIL_EXTENSION,IDENTIFICATION_VERIFICATION_DETAIL,EXTENSION
/BORROWER/CREDIT_SCORES/CREDIT_SCORE/CREDIT_SCORE_PROVIDER/CONTACTS/CONTACT/IDENTIFICATION_VERIFICATION/IDENTIFICATION_VERIFICATION_DETAIL/EXTENSION/MISMO,Container,MISMO_BASE,EXTENSION,MISMO
/BORROWER/CREDIT_SCORES/CREDIT_SCORE/CREDIT_SCORE_PROVIDER/CONTACTS/CONTACT/IDENTIFICATION_VERIFICATION/IDENTIFICATION_VERIFICATION_DETAIL/EXTENSION/OTHER,Container,IDENTIFICATION_VERIFICATION_DETAIL_OTHER_BASE,EXTENSION,OTHER
/BORROWER/CREDIT_SCORES/CREDIT_SCORE/CREDIT_SCORE_PROVIDER/CONTACTS/CONTACT/IDENTIFICATION_VERIFICATION/IDENTITY_DOCUMENTATIONS,Container,IDENTITY_DOCUMENTATIONS,IDENTIFICATION_VERIFICATION,IDENTITY_DOCUMENTATIONS
/BORROWER/CREDIT_SCORES/CREDIT_SCORE/CREDIT_SCORE_PROVIDER/CONTACTS/CONTACT/IDENTIFICATION_VERIFICATION/IDENTITY_DOCUMENTATIONS/IDENTITY_DOCUMENTATION,Container,IDENTITY_DOCUMENTATION,IDENTITY_DOCUMENTATIONS,IDENTITY_DOCUMENTATION
/BORROWER/CREDIT_SCORES/CREDIT_SCORE/CREDIT_SCORE_PROVIDER/CONTACTS/CONTACT/IDENTIFICATION_VERIFICATION/IDENTITY_DOCUMENTATIONS/IDENTITY_DOCUMENTATION/IdentityDocumentExpirationDate,DataPoint,MISMODate,IDENTITY_DOCUMENTATION,IdentityDocumentExpirationDate
/BORROWER/CREDIT_SCORES/CREDIT_SCORE/CREDIT_SCORE_PROVIDER/CONTACTS/CONTACT/IDENTIFICATION_VERIFICATION/IDENTITY_DOCUMENTATIONS/IDENTITY_DOCUMENTATION/IdentityDocumentIdentifier,DataPoint,MISMOIdentifier,IDENTITY_DOCUMENTATION,IdentityDocumentIdentifier
/BORROWER/CREDIT_SCORES/CREDIT_SCORE/CREDIT_SCORE_PROVIDER/CONTACTS/CONTACT/IDENTIFICATION_VERIFICATION/IDENTITY_DOCUMENTATIONS/IDENTITY_DOCUMENTATION/IdentityDocumentIssuedByCountryName,DataPoint,MISMOString,IDENTITY_DOCUMENTATION,IdentityDocumentIssuedByCountryName
/BORROWER/CREDIT_SCORES/CREDIT_SCORE/CREDIT_SCORE_PROVIDER/CONTACTS/CONTACT/IDENTIFICATION_VERIFICATION/IDENTITY_DOCUMENTATIONS/IDENTITY_DOCUMENTATION/IdentityDocumentIssuedByName,DataPoint,MISMOString,IDENTITY_DOCUMENTATION,IdentityDocumentIssuedByName
/BORROWER/CREDIT_SCORES/CREDIT_SCORE/CREDIT_SCORE_PROVIDER/CONTACTS/CONTACT/IDENTIFICATION_VERIFICATION/IDENTITY_DOCUMENTATIONS/IDENTITY_DOCUMENTATION/IdentityDocumentIssuedByStateCode,DataPoint,MISMOCode,IDENTITY_DOCUMENTATION,IdentityDocumentIssuedByStateCode
/BORROWER/CREDIT_SCORES/CREDIT_SCORE/CREDIT_SCORE_PROVIDER/CONTACTS/CONTACT/IDENTIFICATION_VERIFICATION/IDENTITY_DOCUMENTATIONS/IDENTITY_DOCUMENTATION/IdentityDocumentIssuedByStateProvinceName,DataPoint,MISMOString,IDENTITY_DOCUMENTATION,IdentityDocumentIssuedByStateProvinceName
/BORROWER/CREDIT_SCORES/CREDIT_SCORE/CREDIT_SCORE_PROVIDER/CONTACTS/CONTACT/IDENTIFICATION_VERIFICATION/IDENTITY_DOCUMENTATIONS/IDENTITY_DOCUMENTATION/IdentityDocumentIssuedByType,Enumeration,IdentityDocumentIssuedByEnum,IDENTITY_DOCUMENTATION,IdentityDocumentIssuedByType
/BORROWER/CREDIT_SCORES/CREDIT_SCORE/CREDIT_SCORE_PROVIDER/CONTACTS/CONTACT/IDENTIFICATION_VERIFICATION/IDENTITY_DOCUMENTATIONS/IDENTITY_DOCUMENTATION/IdentityDocumentIssuedByTypeOtherDescription,DataPoint,MISMOString,IDENTITY_DOCUMENTATION,IdentityDocumentIssuedByTypeOtherDescription
/BORROWER/CREDIT_SCORES/CREDIT_SCORE/CREDIT_SCORE_PROVIDER/CONTACTS/CONTACT/IDENTIFICATION_VERIFICATION/IDENTITY_DOCUMENTATIONS/IDENTITY_DOCUMENTATION/IdentityDocumentIssuedDate,DataPoint,MISMODate,IDENTITY_DOCUMENTATION,IdentityDocumentIssuedDate
/BORROWER/CREDIT_SCORES/CREDIT_SCORE/CREDIT_SCORE_PROVIDER/CONTACTS/CONTACT/IDENTIFICATION_VERIFICATION/IDENTITY_DOCUMENTATIONS/IDENTITY_DOCUMENTATION/IdentityDocumentType,Enumeration,IdentityDocumentEnum,IDENTITY_DOCUMENTATION,IdentityDocumentType
/BORROWER/CREDIT_SCORES/CREDIT_SCORE/CREDIT_SCORE_PROVIDER/CONTACTS/CONTACT/IDENTIFICATION_VERIFICATION/IDENTITY_DOCUMENTATIONS/IDENTITY_DOCUMENTATION/IdentityDocumentTypeOtherDescription,DataPoint,MISMOString,IDENTITY_DOCUMENTATION,IdentityDocumentTypeOtherDescription
/BORROWER/CREDIT_SCORES/CREDIT_SCORE/CREDIT_SCORE_PROVIDER/CONTACTS/CONTACT/IDENTIFICATION_VERIFICATION/IDENTITY_DOCUMENTATIONS/IDENTITY_DOCUMENTATION/EXTENSION,Container,IDENTITY_DOCUMENTATION_EXTENSION,IDENTITY_DOCUMENTATION,EXTENSION
/BORROWER/CREDIT_SCORES/CREDIT_SCORE/CREDIT_SCORE_PROVIDER/CONTACTS/CONTACT/IDENTIFICATION_VERIFICATION/IDENTITY_DOCUMENTATIONS/IDENTITY_DOCUMENTATION/EXTENSION/MISMO,Container,MISMO_BASE,EXTENSION,MISMO
/BORROWER/CREDIT_SCORES/CREDIT_SCORE/CREDIT_SCORE_PROVIDER/CONTACTS/CONTACT/IDENTIFICATION_VERIFICATION/IDENTITY_DOCUMENTATIONS/IDENTITY_DOCUMENTATION/EXTENSION/OTHER,Container,IDENTITY_DOCUMENTATION_OTHER_BASE,EXTENSION,OTHER
/BORROWER/CREDIT_SCORES/CREDIT_SCORE/CREDIT_SCORE_PROVIDER/CONTACTS/CONTACT/IDENTIFICATION_VERIFICATION/IDENTITY_DOCUMENTATIONS/EXTENSION,Container,IDENTITY_DOCUMENTATIONS_EXTENSION,IDENTITY_DOCUMENTATIONS,EXTENSION
/BORROWER/CREDIT_SCORES/CREDIT_SCORE/CREDIT_SCORE_PROVIDER/CONTACTS/CONTACT/IDENTIFICATION_VERIFICATION/IDENTITY_DOCUMENTATIONS/EXTENSION/MISMO,Container,MISMO_BASE,EXTENSION,MISMO
/BORROWER/CREDIT_SCORES/CREDIT_SCORE/CREDIT_SCORE_PROVIDER/CONTACTS/CONTACT/IDENTIFICATION_VERIFICATION/IDENTITY_DOCUMENTATIONS/EXTENSION/OTHER,Container,IDENTITY_DOCUMENTATIONS_OTHER_BASE,EXTENSION,OTHER
/BORROWER/CREDIT_SCORES/CREDIT_SCORE/CREDIT_SCORE_PROVIDER/CONTACTS/CONTACT/IDENTIFICATION_VERIFICATION/SHARED_SECRETS,Container,SHARED_SECRETS,IDENTIFICATION_VERIFICATION,SHARED_SECRETS
/BORROWER/CREDIT_SCORES/CREDIT_SCORE/CREDIT_SCORE_PROVIDER/CONTACTS/CONTACT/IDENTIFICATION_VERIFICATION/SHARED_SECRETS/SHARED_SECRET,Container,SHARED_SECRET,SHARED_SECRETS,SHARED_SECRET
/BORROWER/CREDIT_SCORES/CREDIT_SCORE/CREDIT_SCORE_PROVIDER/CONTACTS/CONTACT/IDENTIFICATION_VERIFICATION/SHARED_SECRETS/SHARED_SECRET/SharedSecretPromptText,DataPoint,MISMOString,SHARED_SECRET,SharedSecretPromptText
/BORROWER/CREDIT_SCORES/CREDIT_SCORE/CREDIT_SCORE_PROVIDER/CONTACTS/CONTACT/IDENTIFICATION_VERIFICATION/SHARED_SECRETS/SHARED_SECRET/SharedSecretResponseText,DataPoint,MISMOString,SHARED_SECRET,SharedSecretResponseText
/BORROWER/CREDIT_SCORES/CREDIT_SCORE/CREDIT_SCORE_PROVIDER/CONTACTS/CONTACT/IDENTIFICATION_VERIFICATION/SHARED_SECRETS/SHARED_SECRET/EXTENSION,Container,SHARED_SECRET_EXTENSION,SHARED_SECRET,EXTENSION
/BORROWER/CREDIT_SCORES/CREDIT_SCORE/CREDIT_SCORE_PROVIDER/CONTACTS/CONTACT/IDENTIFICATION_VERIFICATION/SHARED_SECRETS/SHARED_SECRET/EXTENSION/MISMO,Container,MISMO_BASE,EXTENSION,MISMO
/BORROWER/CREDIT_SCORES/CREDIT_SCORE/CREDIT_SCORE_PROVIDER/CONTACTS/CONTACT/IDENTIFICATION_VERIFICATION/SHARED_SECRETS/SHARED_SECRET/EXTENSION/OTHER,Container,SHARED_SECRET_OTHER_BASE,EXTENSION,OTHER
/BORROWER/CREDIT_SCORES/CREDIT_SCORE/CREDIT_SCORE_PROVIDER/CONTACTS/CONTACT/IDENTIFICATION_VERIFICATION/SHARED_SECRETS/EXTENSION,Container,SHARED_SECRETS_EXTENSION,SHARED_SECRETS,EXTENSION
/BORROWER/CREDIT_SCORES/CREDIT_SCORE/CREDIT_SCORE_PROVIDER/CONTACTS/CONTACT/IDENTIFICATION_VERIFICATION/SHARED_SECRETS/EXTENSION/MISMO,Container,MISMO_BASE,EXTENSION,MISMO
/BORROWER/CREDIT_SCORES/CREDIT_SCORE/CREDIT_SCORE_PROVIDER/CONTACTS/CONTACT/IDENTIFICATION_VERIFICATION/SHARED_SECRETS/EXTENSION/OTHER,Container,SHARED_SECRETS_OTHER_BASE,EXTENSION,OTHER
/BORROWER/CREDIT_SCORES/CREDIT_SCORE/CREDIT_SCORE_PROVIDER/CONTACTS/CONTACT/IDENTIFICATION_VERIFICATION/SPOUSE_INFORMATION,Container,SPOUSE_INFORMATION,IDENTIFICATION_VERIFICATION,SPOUSE_INFORMATION
/BORROWER/CREDIT_SCORES/CREDIT_SCORE/CREDIT_SCORE_PROVIDER/CONTACTS/CONTACT/IDENTIFICATION_VERIFICATION/SPOUSE_INFORMATION/NAME,Container,NAME,SPOUSE_INFORMATION,NAME
/BORROWER/CREDIT_SCORES/CREDIT_SCORE/CREDIT_SCORE_PROVIDER/CONTACTS/CONTACT/IDENTIFICATION_VERIFICATION/SPOUSE_INFORMATION/NAME/EducationalAchievementsDescription,DataPoint,MISMOString,NAME,EducationalAchievementsDescription
/BORROWER/CREDIT_SCORES/CREDIT_SCORE/CREDIT_SCORE_PROVIDER/CONTACTS/CONTACT/IDENTIFICATION_VERIFICATION/SPOUSE_INFORMATION/NAME/FirstName,DataPoint,MISMOString,NAME,FirstName
/BORROWER/CREDIT_SCORES/CREDIT_SCORE/CREDIT_SCORE_PROVIDER/CONTACTS/CONTACT/IDENTIFICATION_VERIFICATION/SPOUSE_INFORMATION/NAME/FullName,DataPoint,MISMOString,NAME,FullName
/BORROWER/CREDIT_SCORES/CREDIT_SCORE/CREDIT_SCORE_PROVIDER/CONTACTS/CONTACT/IDENTIFICATION_VERIFICATION/SPOUSE_INFORMATION/NAME/FunctionalTitleDescription,DataPoint,MISMOString,NAME,FunctionalTitleDescription
/BORROWER/CREDIT_SCORES/CREDIT_SCORE/CREDIT_SCORE_PROVIDER/CONTACTS/CONTACT/IDENTIFICATION_VERIFICATION/SPOUSE_INFORMATION/NAME/IndividualTitleDescription,DataPoint,MISMOString,NAME,IndividualTitleDescription
/BORROWER/CREDIT_SCORES/CREDIT_SCORE/CREDIT_SCORE_PROVIDER/CONTACTS/CONTACT/IDENTIFICATION_VERIFICATION/SPOUSE_INFORMATION/NAME/LastName,DataPoint,MISMOString,NAME,LastName
/BORROWER/CREDIT_SCORES/CREDIT_SCORE/CREDIT_SCORE_PROVIDER/CONTACTS/CONTACT/IDENTIFICATION_VERIFICATION/SPOUSE_INFORMATION/NAME/MiddleName,DataPoint,MISMOString,NAME,MiddleName
/BORROWER/CREDIT_SCORES/CREDIT_SCORE/CREDIT_SCORE_PROVIDER/CONTACTS/CONTACT/IDENTIFICATION_VERIFICATION/SPOUSE_INFORMATION/NAME/PrefixName,DataPoint,MISMOString,NAME,PrefixName
/BORROWER/CREDIT_SCORES/CREDIT_SCORE/CREDIT_SCORE_PROVIDER/CONTACTS/CONTACT/IDENTIFICATION_VERIFICATION/SPOUSE_INFORMATION/NAME/SuffixName,DataPoint,MISMOString,NAME,SuffixName
/BORROWER/CREDIT_SCORES/CREDIT_SCORE/CREDIT_SCORE_PROVIDER/CONTACTS/CONTACT/IDENTIFICATION_VERIFICATION/SPOUSE_INFORMATION/NAME/EXTENSION,Container,NAME_EXTENSION,NAME,EXTENSION
/BORROWER/CREDIT_SCORES/CREDIT_SCORE/CREDIT_SCORE_PROVIDER/CONTACTS/CONTACT/IDENTIFICATION_VERIFICATION/SPOUSE_INFORMATION/NAME/EXTENSION/MISMO,Container,MISMO_BASE,EXTENSION,MISMO
/BORROWER/CREDIT_SCORES/CREDIT_SCORE/CREDIT_SCORE_PROVIDER/CONTACTS/CONTACT/IDENTIFICATION_VERIFICATION/SPOUSE_INFORMATION/NAME/EXTENSION/OTHER,Container,NAME_OTHER_BASE,EXTENSION,OTHER
/BORROWER/CREDIT_SCORES/CREDIT_SCORE/CREDIT_SCORE_PROVIDER/CONTACTS/CONTACT/IDENTIFICATION_VERIFICATION/SPOUSE_INFORMATION/EXTENSION,Container,SPOUSE_INFORMATION_EXTENSION,SPOUSE_INFORMATION,EXTENSION
/BORROWER/CREDIT_SCORES/CREDIT_SCORE/CREDIT_SCORE_PROVIDER/CONTACTS/CONTACT/IDENTIFICATION_VERIFICATION/SPOUSE_INFORMATION/EXTENSION/MISMO,Container,MISMO_BASE,EXTENSION,MISMO
/BORROWER/CREDIT_SCORES/CREDIT_SCORE/CREDIT_SCORE_PROVIDER/CONTACTS/CONTACT/IDENTIFICATION_VERIFICATION/SPOUSE_INFORMATION/EXTENSION/OTHER,Container,SPOUSE_INFORMATION_OTHER_BASE,EXTENSION,OTHER
/BORROWER/CREDIT_SCORES/CREDIT_SCORE/CREDIT_SCORE_PROVIDER/CONTACTS/CONTACT/IDENTIFICATION_VERIFICATION/EXTENSION,Container,IDENTIFICATION_VERIFICATION_EXTENSION,IDENTIFICATION_VERIFICATION,EXTENSION
/BORROWER/CREDIT_SCORES/CREDIT_SCORE/CREDIT_SCORE_PROVIDER/CONTACTS/CONTACT/IDENTIFICATION_VERIFICATION/EXTENSION/MISMO,Container,MISMO_BASE,EXTENSION,MISMO
/BORROWER/CREDIT_SCORES/CREDIT_SCORE/CREDIT_SCORE_PROVIDER/CONTACTS/CONTACT/IDENTIFICATION_VERIFICATION/EXTENSION/OTHER,Container,IDENTIFICATION_VERIFICATION_OTHER_BASE,EXTENSION,OTHER
/BORROWER/CREDIT_SCORES/CREDIT_SCORE/CREDIT_SCORE_PROVIDER/CONTACTS/CONTACT/NAME,Container,NAME,CONTACT,NAME
/BORROWER/CREDIT_SCORES/CREDIT_SCORE/CREDIT_SCORE_PROVIDER/CONTACTS/CONTACT/NAME/EducationalAchievementsDescription,DataPoint,MISMOString,NAME,EducationalAchievementsDescription
/BORROWER/CREDIT_SCORES/CREDIT_SCORE/CREDIT_SCORE_PROVIDER/CONTACTS/CONTACT/NAME/FirstName,DataPoint,MISMOString,NAME,FirstName
/BORROWER/CREDIT_SCORES/CREDIT_SCORE/CREDIT_SCORE_PROVIDER/CONTACTS/CONTACT/NAME/FullName,DataPoint,MISMOString,NAME,FullName
/BORROWER/CREDIT_SCORES/CREDIT_SCORE/CREDIT_SCORE_PROVIDER/CONTACTS/CONTACT/NAME/FunctionalTitleDescription,DataPoint,MISMOString,NAME,FunctionalTitleDescription
/BORROWER/CREDIT_SCORES/CREDIT_SCORE/CREDIT_SCORE_PROVIDER/CONTACTS/CONTACT/NAME/IndividualTitleDescription,DataPoint,MISMOString,NAME,IndividualTitleDescription
/BORROWER/CREDIT_SCORES/CREDIT_SCORE/CREDIT_SCORE_PROVIDER/CONTACTS/CONTACT/NAME/LastName,DataPoint,MISMOString,NAME,LastName
/BORROWER/CREDIT_SCORES/CREDIT_SCORE/CREDIT_SCORE_PROVIDER/CONTACTS/CONTACT/NAME/MiddleName,DataPoint,MISMOString,NAME,MiddleName
/BORROWER/CREDIT_SCORES/CREDIT_SCORE/CREDIT_SCORE_PROVIDER/CONTACTS/CONTACT/NAME/PrefixName,DataPoint,MISMOString,NAME,PrefixName
/BORROWER/CREDIT_SCORES/CREDIT_SCORE/CREDIT_SCORE_PROVIDER/CONTACTS/CONTACT/NAME/SuffixName,DataPoint,MISMOString,NAME,SuffixName
/BORROWER/CREDIT_SCORES/CREDIT_SCORE/CREDIT_SCORE_PROVIDER/CONTACTS/CONTACT/NAME/EXTENSION,Container,NAME_EXTENSION,NAME,EXTENSION
/BORROWER/CREDIT_SCORES/CREDIT_SCORE/CREDIT_SCORE_PROVIDER/CONTACTS/CONTACT/NAME/EXTENSION/MISMO,Container,MISMO_BASE,EXTENSION,MISMO
/BORROWER/CREDIT_SCORES/CREDIT_SCORE/CREDIT_SCORE_PROVIDER/CONTACTS/CONTACT/NAME/EXTENSION/OTHER,Container,NAME_OTHER_BASE,EXTENSION,OTHER
/BORROWER/CREDIT_SCORES/CREDIT_SCORE/CREDIT_SCORE_PROVIDER/CONTACTS/CONTACT/EXTENSION,Container,CONTACT_EXTENSION,CONTACT,EXTENSION
/BORROWER/CREDIT_SCORES/CREDIT_SCORE/CREDIT_SCORE_PROVIDER/CONTACTS/CONTACT/EXTENSION/MISMO,Container,MISMO_BASE,EXTENSION,MISMO
/BORROWER/CREDIT_SCORES/CREDIT_SCORE/CREDIT_SCORE_PROVIDER/CONTACTS/CONTACT/EXTENSION/OTHER,Container,CONTACT_OTHER_BASE,EXTENSION,OTHER
/BORROWER/CREDIT_SCORES/CREDIT_SCORE/CREDIT_SCORE_PROVIDER/CONTACTS/EXTENSION,Container,CONTACTS_EXTENSION,CONTACTS,EXTENSION
/BORROWER/CREDIT_SCORES/CREDIT_SCORE/CREDIT_SCORE_PROVIDER/CONTACTS/EXTENSION/MISMO,Container,MISMO_BASE,EXTENSION,MISMO
/BORROWER/CREDIT_SCORES/CREDIT_SCORE/CREDIT_SCORE_PROVIDER/CONTACTS/EXTENSION/OTHER,Container,CONTACTS_OTHER_BASE,EXTENSION,OTHER
/BORROWER/CREDIT_SCORES/CREDIT_SCORE/CREDIT_SCORE_PROVIDER/CREDIT_SCORE_PROVIDER_DETAIL,Container,CREDIT_SCORE_PROVIDER_DETAIL,CREDIT_SCORE_PROVIDER,CREDIT_SCORE_PROVIDER_DETAIL
/BORROWER/CREDIT_SCORES/CREDIT_SCORE/CREDIT_SCORE_PROVIDER/CREDIT_SCORE_PROVIDER_DETAIL/CreditScoreProviderName,DataPoint,MISMOString,CREDIT_SCORE_PROVIDER_DETAIL,CreditScoreProviderName
/BORROWER/CREDIT_SCORES/CREDIT_SCORE/CREDIT_SCORE_PROVIDER/CREDIT_SCORE_PROVIDER_DETAIL/CreditScoreProviderURL,DataPoint,MISMOURL,CREDIT_SCORE_PROVIDER_DETAIL,CreditScoreProviderURL
/BORROWER/CREDIT_SCORES/CREDIT_SCORE/CREDIT_SCORE_PROVIDER/CREDIT_SCORE_PROVIDER_DETAIL/EXTENSION,Container,CREDIT_SCORE_PROVIDER_DETAIL_EXTENSION,CREDIT_SCORE_PROVIDER_DETAIL,EXTENSION
/BORROWER/CREDIT_SCORES/CREDIT_SCORE/CREDIT_SCORE_PROVIDER/CREDIT_SCORE_PROVIDER_DETAIL/EXTENSION/MISMO,Container,MISMO_BASE,EXTENSION,MISMO
/BORROWER/CREDIT_SCORES/CREDIT_SCORE/CREDIT_SCORE_PROVIDER/CREDIT_SCORE_PROVIDER_DETAIL/EXTENSION/OTHER,Container,CREDIT_SCORE_PROVIDER_DETAIL_OTHER_BASE,EXTENSION,OTHER
/BORROWER/CREDIT_SCORES/CREDIT_SCORE/CREDIT_SCORE_PROVIDER/EXTENSION,Container,CREDIT_SCORE_PROVIDER_EXTENSION,CREDIT_SCORE_PROVIDER,EXTENSION
/BORROWER/CREDIT_SCORES/CREDIT_SCORE/CREDIT_SCORE_PROVIDER/EXTENSION/MISMO,Container,MISMO_BASE,EXTENSION,MISMO
/BORROWER/CREDIT_SCORES/CREDIT_SCORE/CREDIT_SCORE_PROVIDER/EXTENSION/OTHER,Container,CREDIT_SCORE_PROVIDER_OTHER_BASE,EXTENSION,OTHER
/BORROWER/CREDIT_SCORES/CREDIT_SCORE/EXTENSION,Container,CREDIT_SCORE_EXTENSION,CREDIT_SCORE,EXTENSION
/BORROWER/CREDIT_SCORES/CREDIT_SCORE/EXTENSION/MISMO,Container,MISMO_BASE,EXTENSION,MISMO
/BORROWER/CREDIT_SCORES/CREDIT_SCORE/EXTENSION/OTHER,Container,CREDIT_SCORE_OTHER_BASE,EXTENSION,OTHER
/BORROWER/CREDIT_SCORES/EXTENSION,Container,CREDIT_SCORES_EXTENSION,CREDIT_SCORES,EXTENSION
/BORROWER/CREDIT_SCORES/EXTENSION/MISMO,Container,MISMO_BASE,EXTENSION,MISMO
/BORROWER/CREDIT_SCORES/EXTENSION/OTHER,Container,CREDIT_SCORES_OTHER_BASE,EXTENSION,OTHER
/BORROWER/CURRENT_INCOME,Container,CURRENT_INCOME,BORROWER,CURRENT_INCOME
/BORROWER/CURRENT_INCOME/CURRENT_INCOME_DETAIL,Container,CURRENT_INCOME_DETAIL,CURRENT_INCOME,CURRENT_INCOME_DETAIL
/BORROWER/CURRENT_INCOME/CURRENT_INCOME_DETAIL/IncomeReportedType,Enumeration,IncomeReportedEnum,CURRENT_INCOME_DETAIL,IncomeReportedType
/BORROWER/CURRENT_INCOME/CURRENT_INCOME_DETAIL/URLABorrowerTotalMonthlyIncomeAmount,DataPoint,MISMOAmount,CURRENT_INCOME_DETAIL,URLABorrowerTotalMonthlyIncomeAmount
/BORROWER/CURRENT_INCOME/CURRENT_INCOME_DETAIL/URLABorrowerTotalOtherIncomeAmount,DataPoint,MISMOAmount,CURRENT_INCOME_DETAIL,URLABorrowerTotalOtherIncomeAmount
/BORROWER/CURRENT_INCOME/CURRENT_INCOME_DETAIL/EXTENSION,Container,CURRENT_INCOME_DETAIL_EXTENSION,CURRENT_INCOME_DETAIL,EXTENSION
/BORROWER/CURRENT_INCOME/CURRENT_INCOME_DETAIL/EXTENSION/MISMO,Container,MISMO_BASE,EXTENSION,MISMO
/BORROWER/CURRENT_INCOME/CURRENT_INCOME_DETAIL/EXTENSION/OTHER,Container,CURRENT_INCOME_DETAIL_OTHER_BASE,EXTENSION,OTHER
/BORROWER/CURRENT_INCOME/CURRENT_INCOME_ITEM_SUMMARY,Container,CURRENT_INCOME_ITEM_SUMMARY,CURRENT_INCOME,CURRENT_INCOME_ITEM_SUMMARY
/BORROWER/CURRENT_INCOME/CURRENT_INCOME_ITEM_SUMMARY/MonthlyMilitaryEntitlementsAmount,DataPoint,MISMOAmount,CURRENT_INCOME_ITEM_SUMMARY,MonthlyMilitaryEntitlementsAmount
/BORROWER/CURRENT_INCOME/CURRENT_INCOME_ITEM_SUMMARY/MonthlyRetirementAmount,DataPoint,MISMOAmount,CURRENT_INCOME_ITEM_SUMMARY,MonthlyRetirementAmount
/BORROWER/CURRENT_INCOME/CURRENT_INCOME_ITEM_SUMMARY/EXTENSION,Container,CURRENT_INCOME_ITEM_SUMMARY_EXTENSION,CURRENT_INCOME_ITEM_SUMMARY,EXTENSION
/BORROWER/CURRENT_INCOME/CURRENT_INCOME_ITEM_SUMMARY/EXTENSION/MISMO,Container,MISMO_BASE,EXTENSION,MISMO
/BORROWER/CURRENT_INCOME/CURRENT_INCOME_ITEM_SUMMARY/EXTENSION/OTHER,Container,CURRENT_INCOME_ITEM_SUMMARY_OTHER_BASE,EXTENSION,OTHER
/BORROWER/CURRENT_INCOME/CURRENT_INCOME_ITEMS,Container,CURRENT_INCOME_ITEMS,CURRENT_INCOME,CURRENT_INCOME_ITEMS
/BORROWER/CURRENT_INCOME/CURRENT_INCOME_ITEMS/CURRENT_INCOME_ITEM,Container,CURRENT_INCOME_ITEM,CURRENT_INCOME_ITEMS,CURRENT_INCOME_ITEM
/BORROWER/CURRENT_INCOME/CURRENT_INCOME_ITEMS/CURRENT_INCOME_ITEM/CURRENT_INCOME_ITEM_DETAIL,Container,CURRENT_INCOME_ITEM_DETAIL,CURRENT_INCOME_ITEM,CURRENT_INCOME_ITEM_DETAIL
/BORROWER/CURRENT_INCOME/CURRENT_INCOME_ITEMS/CURRENT_INCOME_ITEM/CURRENT_INCOME_ITEM_DETAIL/CurrentIncomeMonthlyTotalAmount,DataPoint,MISMOAmount,CURRENT_INCOME_ITEM_DETAIL,CurrentIncomeMonthlyTotalAmount
/BORROWER/CURRENT_INCOME/CURRENT_INCOME_ITEMS/CURRENT_INCOME_ITEM/CURRENT_INCOME_ITEM_DETAIL/EmploymentIncomeIndicator,DataPoint,MISMOIndicator,CURRENT_INCOME_ITEM_DETAIL,EmploymentIncomeIndicator
/BORROWER/CURRENT_INCOME/CURRENT_INCOME_ITEMS/CURRENT_INCOME_ITEM/CURRENT_INCOME_ITEM_DETAIL/ForeignIncomeIndicator,DataPoint,MISMOIndicator,CURRENT_INCOME_ITEM_DETAIL,ForeignIncomeIndicator
/BORROWER/CURRENT_INCOME/CURRENT_INCOME_ITEMS/CURRENT_INCOME_ITEM/CURRENT_INCOME_ITEM_DETAIL/IncomeFederalTaxExemptIndicator,DataPoint,MISMOIndicator,CURRENT_INCOME_ITEM_DETAIL,IncomeFederalTaxExemptIndicator
/BORROWER/CURRENT_INCOME/CURRENT_INCOME_ITEMS/CURRENT_INCOME_ITEM/CURRENT_INCOME_ITEM_DETAIL/IncomeType,Enumeration,IncomeEnum,CURRENT_INCOME_ITEM_DETAIL,IncomeType
/BORROWER/CURRENT_INCOME/CURRENT_INCOME_ITEMS/CURRENT_INCOME_ITEM/CURRENT_INCOME_ITEM_DETAIL/IncomeTypeOtherDescription,DataPoint,MISMOString,CURRENT_INCOME_ITEM_DETAIL,IncomeTypeOtherDescription
/BORROWER/CURRENT_INCOME/CURRENT_INCOME_ITEMS/CURRENT_INCOME_ITEM/CURRENT_INCOME_ITEM_DETAIL/SeasonalIncomeIndicator,DataPoint,MISMOIndicator,CURRENT_INCOME_ITEM_DETAIL,SeasonalIncomeIndicator
/BORROWER/CURRENT_INCOME/CURRENT_INCOME_ITEMS/CURRENT_INCOME_ITEM/CURRENT_INCOME_ITEM_DETAIL/EXTENSION,Container,CURRENT_INCOME_ITEM_DETAIL_EXTENSION,CURRENT_INCOME_ITEM_DETAIL,EXTENSION
/BORROWER/CURRENT_INCOME/CURRENT_INCOME_ITEMS/CURRENT_INCOME_ITEM/CURRENT_INCOME_ITEM_DETAIL/EXTENSION/MISMO,Container,MISMO_BASE,EXTENSION,MISMO
/BORROWER/CURRENT_INCOME/CURRENT_INCOME_ITEMS/CURRENT_INCOME_ITEM/CURRENT_INCOME_ITEM_DETAIL/EXTENSION/OTHER,Container,CURRENT_INCOME_ITEM_DETAIL_OTHER_BASE,EXTENSION,OTHER
/BORROWER/CURRENT_INCOME/CURRENT_INCOME_ITEMS/CURRENT_INCOME_ITEM/INCOME_DOCUMENTATIONS,Container,INCOME_DOCUMENTATIONS,CURRENT_INCOME_ITEM,INCOME_DOCUMENTATIONS
/BORROWER/CURRENT_INCOME/CURRENT_INCOME_ITEMS/CURRENT_INCOME_ITEM/INCOME_DOCUMENTATIONS/INCOME_DOCUMENTATION,Container,INCOME_DOCUMENTATION,INCOME_DOCUMENTATIONS,INCOME_DOCUMENTATION
/BORROWER/CURRENT_INCOME/CURRENT_INCOME_ITEMS/CURRENT_INCOME_ITEM/INCOME_DOCUMENTATIONS/INCOME_DOCUMENTATION/DocumentationStateType,Enumeration,DocumentationStateEnum,INCOME_DOCUMENTATION,DocumentationStateType
/BORROWER/CURRENT_INCOME/CURRENT_INCOME_ITEMS/CURRENT_INCOME_ITEM/INCOME_DOCUMENTATIONS/INCOME_DOCUMENTATION/DocumentationStateTypeOtherDescription,DataPoint,MISMOString,INCOME_DOCUMENTATION,DocumentationStateTypeOtherDescription
/BORROWER/CURRENT_INCOME/CURRENT_INCOME_ITEMS/CURRENT_INCOME_ITEM/INCOME_DOCUMENTATIONS/INCOME_DOCUMENTATION/IncomeDocumentType,Enumeration,IncomeDocumentEnum,INCOME_DOCUMENTATION,IncomeDocumentType
/BORROWER/CURRENT_INCOME/CURRENT_INCOME_ITEMS/CURRENT_INCOME_ITEM/INCOME_DOCUMENTATIONS/INCOME_DOCUMENTATION/IncomeDocumentTypeOtherDescription,DataPoint,MISMOString,INCOME_DOCUMENTATION,IncomeDocumentTypeOtherDescription
/BORROWER/CURRENT_INCOME/CURRENT_INCOME_ITEMS/CURRENT_INCOME_ITEM/INCOME_DOCUMENTATIONS/INCOME_DOCUMENTATION/IncomeVerificationRangeCount,DataPoint,MISMOCount,INCOME_DOCUMENTATION,IncomeVerificationRangeCount
/BORROWER/CURRENT_INCOME/CURRENT_INCOME_ITEMS/CURRENT_INCOME_ITEM/INCOME_DOCUMENTATIONS/INCOME_DOCUMENTATION/IncomeVerificationRangeType,Enumeration,IncomeVerificationRangeEnum,INCOME_DOCUMENTATION,IncomeVerificationRangeType
/BORROWER/CURRENT_INCOME/CURRENT_INCOME_ITEMS/CURRENT_INCOME_ITEM/INCOME_DOCUMENTATIONS/INCOME_DOCUMENTATION/IncomeVerificationRangeTypeOtherDescription,DataPoint,MISMOString,INCOME_DOCUMENTATION,IncomeVerificationRangeTypeOtherDescription
/BORROWER/CURRENT_INCOME/CURRENT_INCOME_ITEMS/CURRENT_INCOME_ITEM/INCOME_DOCUMENTATIONS/INCOME_DOCUMENTATION/EXTENSION,Container,INCOME_DOCUMENTATION_EXTENSION,INCOME_DOCUMENTATION,EXTENSION
/BORROWER/CURRENT_INCOME/CURRENT_INCOME_ITEMS/CURRENT_INCOME_ITEM/INCOME_DOCUMENTATIONS/INCOME_DOCUMENTATION/EXTENSION/MISMO,Container,MISMO_BASE,EXTENSION,MISMO
/BORROWER/CURRENT_INCOME/CURRENT_INCOME_ITEMS/CURRENT_INCOME_ITEM/INCOME_DOCUMENTATIONS/INCOME_DOCUMENTATION/EXTENSION/OTHER,Container,INCOME_DOCUMENTATION_OTHER_BASE,EXTENSION,OTHER
/BORROWER/CURRENT_INCOME/CURRENT_INCOME_ITEMS/CURRENT_INCOME_ITEM/INCOME_DOCUMENTATIONS/EXTENSION,Container,INCOME_DOCUMENTATIONS_EXTENSION,INCOME_DOCUMENTATIONS,EXTENSION
/BORROWER/CURRENT_INCOME/CURRENT_INCOME_ITEMS/CURRENT_INCOME_ITEM/INCOME_DOCUMENTATIONS/EXTENSION/MISMO,Container,MISMO_BASE,EXTENSION,MISMO
/BORROWER/CURRENT_INCOME/CURRENT_INCOME_ITEMS/CURRENT_INCOME_ITEM/INCOME_DOCUMENTATIONS/EXTENSION/OTHER,Container,INCOME_DOCUMENTATIONS_OTHER_BASE,EXTENSION,OTHER
/BORROWER/CURRENT_INCOME/CURRENT_INCOME_ITEMS/CURRENT_INCOME_ITEM/VERIFICATION,Container,VERIFICATION,CURRENT_INCOME_ITEM,VERIFICATION
/BORROWER/CURRENT_INCOME/CURRENT_INCOME_ITEMS/CURRENT_INCOME_ITEM/VERIFICATION/VerificationByName,DataPoint,MISMOString,VERIFICATION,VerificationByName
/BORROWER/CURRENT_INCOME/CURRENT_INCOME_ITEMS/CURRENT_INCOME_ITEM/VERIFICATION/VerificationCommentDescription,DataPoint,MISMOString,VERIFICATION,VerificationCommentDescription
/BORROWER/CURRENT_INCOME/CURRENT_INCOME_ITEMS/CURRENT_INCOME_ITEM/VERIFICATION/VerificationDate,DataPoint,MISMODate,VERIFICATION,VerificationDate
/BORROWER/CURRENT_INCOME/CURRENT_INCOME_ITEMS/CURRENT_INCOME_ITEM/VERIFICATION/VerificationMethodType,Enumeration,VerificationMethodEnum,VERIFICATION,VerificationMethodType
/BORROWER/CURRENT_INCOME/CURRENT_INCOME_ITEMS/CURRENT_INCOME_ITEM/VERIFICATION/VerificationMethodTypeOtherDescription,DataPoint,MISMOString,VERIFICATION,VerificationMethodTypeOtherDescription
/BORROWER/CURRENT_INCOME/CURRENT_INCOME_ITEMS/CURRENT_INCOME_ITEM/VERIFICATION/VerificationStatusType,Enumeration,VerificationStatusEnum,VERIFICATION,VerificationStatusType
/BORROWER/CURRENT_INCOME/CURRENT_INCOME_ITEMS/CURRENT_INCOME_ITEM/VERIFICATION/EXTENSION,Container,VERIFICATION_EXTENSION,VERIFICATION,EXTENSION
/BORROWER/CURRENT_INCOME/CURRENT_INCOME_ITEMS/CURRENT_INCOME_ITEM/VERIFICATION/EXTENSION/MISMO,Container,MISMO_BASE,EXTENSION,MISMO
/BORROWER/CURRENT_INCOME/CURRENT_INCOME_ITEMS/CURRENT_INCOME_ITEM/VERIFICATION/EXTENSION/OTHER,Container,VERIFICATION_OTHER_BASE,EXTENSION,OTHER
/BORROWER/CURRENT_INCOME/CURRENT_INCOME_ITEMS/CURRENT_INCOME_ITEM/EXTENSION,Container,CURRENT_INCOME_ITEM_EXTENSION,CURRENT_INCOME_ITEM,EXTENSION
/BORROWER/CURRENT_INCOME/CURRENT_INCOME_ITEMS/CURRENT_INCOME_ITEM/EXTENSION/MISMO,Container,MISMO_BASE,EXTENSION,MISMO
/BORROWER/CURRENT_INCOME/CURRENT_INCOME_ITEMS/CURRENT_INCOME_ITEM/EXTENSION/OTHER,Container,CURRENT_INCOME_ITEM_OTHER_BASE,EXTENSION,OTHER
/BORROWER/CURRENT_INCOME/CURRENT_INCOME_ITEMS/EXTENSION,Container,CURRENT_INCOME_ITEMS_EXTENSION,CURRENT_INCOME_ITEMS,EXTENSION
/BORROWER/CURRENT_INCOME/CURRENT_INCOME_ITEMS/EXTENSION/MISMO,Container,MISMO_BASE,EXTENSION,MISMO
/BORROWER/CURRENT_INCOME/CURRENT_INCOME_ITEMS/EXTENSION/OTHER,Container,CURRENT_INCOME_ITEMS_OTHER_BASE,EXTENSION,OTHER
/BORROWER/CURRENT_INCOME/EXTENSION,Container,CURRENT_INCOME_EXTENSION,CURRENT_INCOME,EXTENSION
/BORROWER/CURRENT_INCOME/EXTENSION/MISMO,Container,MISMO_BASE,EXTENSION,MISMO
/BORROWER/CURRENT_INCOME/EXTENSION/OTHER,Container,CURRENT_INCOME_OTHER_BASE,EXTENSION,OTHER
/BORROWER/DECLARATION,Container,DECLARATION,BORROWER,DECLARATION
/BORROWER/DECLARATION/DECLARATION_DETAIL,Container,DECLARATION_DETAIL,DECLARATION,DECLARATION_DETAIL
/BORROWER/DECLARATION/DECLARATION_DETAIL/AlimonyChildSupportObligationIndicator,DataPoint,MISMOIndicator,DECLARATION_DETAIL,AlimonyChildSupportObligationIndicator
/BORROWER/DECLARATION/DECLARATION_DETAIL/BankruptcyIndicator,DataPoint,MISMOIndicator,DECLARATION_DETAIL,BankruptcyIndicator
/BORROWER/DECLARATION/DECLARATION_DETAIL/BorrowerFirstGenerationHomebuyerIndicator,DataPoint,MISMOIndicator,DECLARATION_DETAIL,BorrowerFirstGenerationHomebuyerIndicator
/BORROWER/DECLARATION/DECLARATION_DETAIL/BorrowerFirstTimeHomebuyerIndicator,DataPoint,MISMOIndicator,DECLARATION_DETAIL,BorrowerFirstTimeHomebuyerIndicator
/BORROWER/DECLARATION/DECLARATION_DETAIL/BorrowerHousingCounselorConsentIndicator,DataPoint,MISMOIndicator,DECLARATION_DETAIL,BorrowerHousingCounselorConsentIndicator
/BORROWER/DECLARATION/DECLARATION_DETAIL/CitizenshipResidencyType,Enumeration,CitizenshipResidencyEnum,DECLARATION_DETAIL,CitizenshipResidencyType
/BORROWER/DECLARATION/DECLARATION_DETAIL/CoMakerEndorserOfNoteIndicator,DataPoint,MISMOIndicator,DECLARATION_DETAIL,CoMakerEndorserOfNoteIndicator
/BORROWER/DECLARATION/DECLARATION_DETAIL/FHASecondaryResidenceIndicator,DataPoint,MISMOIndicator,DECLARATION_DETAIL,FHASecondaryResidenceIndicator
/BORROWER/DECLARATION/DECLARATION_DETAIL/HomeownerPastThreeYearsType,Enumeration,HomeownerPastThreeYearsEnum,DECLARATION_DETAIL,HomeownerPastThreeYearsType
/BORROWER/DECLARATION/DECLARATION_DETAIL/IntentToOccupyType,Enumeration,IntentToOccupyEnum,DECLARATION_DETAIL,IntentToOccupyType
/BORROWER/DECLARATION/DECLARATION_DETAIL/LoanForeclosureOrJudgmentIndicator,DataPoint,MISMOIndicator,DECLARATION_DETAIL,LoanForeclosureOrJudgmentIndicator
/BORROWER/DECLARATION/DECLARATION_DETAIL/OutstandingJudgmentsIndicator,DataPoint,MISMOIndicator,DECLARATION_DETAIL,OutstandingJudgmentsIndicator
/BORROWER/DECLARATION/DECLARATION_DETAIL/PartyToLawsuitIndicator,DataPoint,MISMOIndicator,DECLARATION_DETAIL,PartyToLawsuitIndicator
/BORROWER/DECLARATION/DECLARATION_DETAIL/PresentlyDelinquentIndicator,DataPoint,MISMOIndicator,DECLARATION_DETAIL,PresentlyDelinquentIndicator
/BORROWER/DECLARATION/DECLARATION_DETAIL/PriorPropertyDeedInLieuConveyedIndicator,DataPoint,MISMOIndicator,DECLARATION_DETAIL,PriorPropertyDeedInLieuConveyedIndicator
/BORROWER/DECLARATION/DECLARATION_DETAIL/PriorPropertyForeclosureCompletedIndicator,DataPoint,MISMOIndicator,DECLARATION_DETAIL,PriorPropertyForeclosureCompletedIndicator
/BORROWER/DECLARATION/DECLARATION_DETAIL/PriorPropertyShortSaleCompletedIndicator,DataPoint,MISMOIndicator,DECLARATION_DETAIL,PriorPropertyShortSaleCompletedIndicator
/BORROWER/DECLARATION/DECLARATION_DETAIL/PriorPropertyTitleType,Enumeration,PriorPropertyTitleEnum,DECLARATION_DETAIL,PriorPropertyTitleType
/BORROWER/DECLARATION/DECLARATION_DETAIL/PriorPropertyUsageType,Enumeration,PriorPropertyUsageEnum,DECLARATION_DETAIL,PriorPropertyUsageType
/BORROWER/DECLARATION/DECLARATION_DETAIL/PropertyProposedCleanEnergyLienIndicator,DataPoint,MISMOIndicator,DECLARATION_DETAIL,PropertyProposedCleanEnergyLienIndicator
/BORROWER/DECLARATION/DECLARATION_DETAIL/SpecialBorrowerSellerRelationshipIndicator,DataPoint,MISMOIndicator,DECLARATION_DETAIL,SpecialBorrowerSellerRelationshipIndicator
/BORROWER/DECLARATION/DECLARATION_DETAIL/UndisclosedBorrowedFundsAmount,DataPoint,MISMOAmount,DECLARATION_DETAIL,UndisclosedBorrowedFundsAmount
/BORROWER/DECLARATION/DECLARATION_DETAIL/UndisclosedBorrowedFundsIndicator,DataPoint,MISMOIndicator,DECLARATION_DETAIL,UndisclosedBorrowedFundsIndicator
/BORROWER/DECLARATION/DECLARATION_DETAIL/UndisclosedComakerOfNoteIndicator,DataPoint,MISMOIndicator,DECLARATION_DETAIL,UndisclosedComakerOfNoteIndicator
/BORROWER/DECLARATION/DECLARATION_DETAIL/UndisclosedCreditApplicationIndicator,DataPoint,MISMOIndicator,DECLARATION_DETAIL,UndisclosedCreditApplicationIndicator
/BORROWER/DECLARATION/DECLARATION_DETAIL/UndisclosedMortgageApplicationIndicator,DataPoint,MISMOIndicator,DECLARATION_DETAIL,UndisclosedMortgageApplicationIndicator
/BORROWER/DECLARATION/DECLARATION_DETAIL/EXTENSION,Container,DECLARATION_DETAIL_EXTENSION,DECLARATION_DETAIL,EXTENSION
/BORROWER/DECLARATION/DECLARATION_DETAIL/EXTENSION/MISMO,Container,MISMO_BASE,EXTENSION,MISMO
/BORROWER/DECLARATION/DECLARATION_DETAIL/EXTENSION/OTHER,Container,DECLARATION_DETAIL_OTHER_BASE,EXTENSION,OTHER
/BORROWER/DECLARATION/DECLARATION_EXPLANATIONS,Container,DECLARATION_EXPLANATIONS,DECLARATION,DECLARATION_EXPLANATIONS
/BORROWER/DECLARATION/DECLARATION_EXPLANATIONS/DECLARATION_EXPLANATION,Container,DECLARATION_EXPLANATION,DECLARATION_EXPLANATIONS,DECLARATION_EXPLANATION
/BORROWER/DECLARATION/DECLARATION_EXPLANATIONS/DECLARATION_EXPLANATION/DeclarationExplanationDescription,DataPoint,MISMOString,DECLARATION_EXPLANATION,DeclarationExplanationDescription
/BORROWER/DECLARATION/DECLARATION_EXPLANATIONS/DECLARATION_EXPLANATION/DeclarationExplanationType,Enumeration,DeclarationExplanationEnum,DECLARATION_EXPLANATION,DeclarationExplanationType
/BORROWER/DECLARATION/DECLARATION_EXPLANATIONS/DECLARATION_EXPLANATION/DeclarationExplanationTypeOtherDescription,DataPoint,MISMOString,DECLARATION_EXPLANATION,DeclarationExplanationTypeOtherDescription
/BORROWER/DECLARATION/DECLARATION_EXPLANATIONS/DECLARATION_EXPLANATION/EXTENSION,Container,DECLARATION_EXPLANATION_EXTENSION,DECLARATION_EXPLANATION,EXTENSION
/BORROWER/DECLARATION/DECLARATION_EXPLANATIONS/DECLARATION_EXPLANATION/EXTENSION/MISMO,Container,MISMO_BASE,EXTENSION,MISMO
/BORROWER/DECLARATION/DECLARATION_EXPLANATIONS/DECLARATION_EXPLANATION/EXTENSION/OTHER,Container,DECLARATION_EXPLANATION_OTHER_BASE,EXTENSION,OTHER
/BORROWER/DECLARATION/DECLARATION_EXPLANATIONS/EXTENSION,Container,DECLARATION_EXPLANATIONS_EXTENSION,DECLARATION_EXPLANATIONS,EXTENSION
/BORROWER/DECLARATION/DECLARATION_EXPLANATIONS/EXTENSION/MISMO,Container,MISMO_BASE,EXTENSION,MISMO
/BORROWER/DECLARATION/DECLARATION_EXPLANATIONS/EXTENSION/OTHER,Container,DECLARATION_EXPLANATIONS_OTHER_BASE,EXTENSION,OTHER
/BORROWER/DECLARATION/EXTENSION,Container,DECLARATION_EXTENSION,DECLARATION,EXTENSION
/BORROWER/DECLARATION/EXTENSION/MISMO,Container,MISMO_BASE,EXTENSION,MISMO
/BORROWER/DECLARATION/EXTENSION/OTHER,Container,DECLARATION_OTHER_BASE,EXTENSION,OTHER
/BORROWER/DEPENDENTS,Container,DEPENDENTS,BORROWER,DEPENDENTS
/BORROWER/DEPENDENTS/DEPENDENT,Container,DEPENDENT,DEPENDENTS,DEPENDENT
/BORROWER/DEPENDENTS/DEPENDENT/DependentAgeYearsCount,DataPoint,MISMOCount,DEPENDENT,DependentAgeYearsCount
/BORROWER/DEPENDENTS/DEPENDENT/EXTENSION,Container,DEPENDENT_EXTENSION,DEPENDENT,EXTENSION
/BORROWER/DEPENDENTS/DEPENDENT/EXTENSION/MISMO,Container,MISMO_BASE,EXTENSION,MISMO
/BORROWER/DEPENDENTS/DEPENDENT/EXTENSION/OTHER,Container,DEPENDENT_OTHER_BASE,EXTENSION,OTHER
/BORROWER/DEPENDENTS/EXTENSION,Container,DEPENDENTS_EXTENSION,DEPENDENTS,EXTENSION
/BORROWER/DEPENDENTS/EXTENSION/MISMO,Container,MISMO_BASE,EXTENSION,MISMO
/BORROWER/DEPENDENTS/EXTENSION/OTHER,Container,DEPENDENTS_OTHER_BASE,EXTENSION,OTHER
/BORROWER/EMPLOYERS,Container,EMPLOYERS,BORROWER,EMPLOYERS
/BORROWER/EMPLOYERS/EMPLOYER,Container,EMPLOYER,EMPLOYERS,EMPLOYER
/BORROWER/EMPLOYERS/EMPLOYER/INDIVIDUAL,Container,INDIVIDUAL,EMPLOYER,INDIVIDUAL
/BORROWER/EMPLOYERS/EMPLOYER/INDIVIDUAL/ALIASES,Container,ALIASES,INDIVIDUAL,ALIASES
/BORROWER/EMPLOYERS/EMPLOYER/INDIVIDUAL/ALIASES/ALIAS,Container,ALIAS,ALIASES,ALIAS
/BORROWER/EMPLOYERS/EMPLOYER/INDIVIDUAL/ALIASES/ALIAS/ALIAS_DETAIL,Container,ALIAS_DETAIL,ALIAS,ALIAS_DETAIL
/BORROWER/EMPLOYERS/EMPLOYER/INDIVIDUAL/ALIASES/ALIAS/ALIAS_DETAIL/AliasAccountIdentifier,DataPoint,MISMOIdentifier,ALIAS_DETAIL,AliasAccountIdentifier
/BORROWER/EMPLOYERS/EMPLOYER/INDIVIDUAL/ALIASES/ALIAS/ALIAS_DETAIL/AliasCreditorName,DataPoint,MISMOString,ALIAS_DETAIL,AliasCreditorName
/BORROWER/EMPLOYERS/EMPLOYER/INDIVIDUAL/ALIASES/ALIAS/ALIAS_DETAIL/AliasTaxReturnIndicator,DataPoint,MISMOIndicator,ALIAS_DETAIL,AliasTaxReturnIndicator
/BORROWER/EMPLOYERS/EMPLOYER/INDIVIDUAL/ALIASES/ALIAS/ALIAS_DETAIL/AliasType,Enumeration,AliasEnum,ALIAS_DETAIL,AliasType
/BORROWER/EMPLOYERS/EMPLOYER/INDIVIDUAL/ALIASES/ALIAS/ALIAS_DETAIL/AliasTypeOtherDescription,DataPoint,MISMOString,ALIAS_DETAIL,AliasTypeOtherDescription
/BORROWER/EMPLOYERS/EMPLOYER/INDIVIDUAL/ALIASES/ALIAS/ALIAS_DETAIL/EXTENSION,Container,ALIAS_DETAIL_EXTENSION,ALIAS_DETAIL,EXTENSION
/BORROWER/EMPLOYERS/EMPLOYER/INDIVIDUAL/ALIASES/ALIAS/ALIAS_DETAIL/EXTENSION/MISMO,Container,MISMO_BASE,EXTENSION,MISMO
/BORROWER/EMPLOYERS/EMPLOYER/INDIVIDUAL/ALIASES/ALIAS/ALIAS_DETAIL/EXTENSION/OTHER,Container,ALIAS_DETAIL_OTHER_BASE,EXTENSION,OTHER
/BORROWER/EMPLOYERS/EMPLOYER/INDIVIDUAL/ALIASES/ALIAS/NAME,Container,NAME,ALIAS,NAME
/BORROWER/EMPLOYERS/EMPLOYER/INDIVIDUAL/ALIASES/ALIAS/NAME/EducationalAchievementsDescription,DataPoint,MISMOString,NAME,EducationalAchievementsDescription
/BORROWER/EMPLOYERS/EMPLOYER/INDIVIDUAL/ALIASES/ALIAS/NAME/FirstName,DataPoint,MISMOString,NAME,FirstName
/BORROWER/EMPLOYERS/EMPLOYER/INDIVIDUAL/ALIASES/ALIAS/NAME/FullName,DataPoint,MISMOString,NAME,FullName
/BORROWER/EMPLOYERS/EMPLOYER/INDIVIDUAL/ALIASES/ALIAS/NAME/FunctionalTitleDescription,DataPoint,MISMOString,NAME,FunctionalTitleDescription
/BORROWER/EMPLOYERS/EMPLOYER/INDIVIDUAL/ALIASES/ALIAS/NAME/IndividualTitleDescription,DataPoint,MISMOString,NAME,IndividualTitleDescription
/BORROWER/EMPLOYERS/EMPLOYER/INDIVIDUAL/ALIASES/ALIAS/NAME/LastName,DataPoint,MISMOString,NAME,LastName
/BORROWER/EMPLOYERS/EMPLOYER/INDIVIDUAL/ALIASES/ALIAS/NAME/MiddleName,DataPoint,MISMOString,NAME,MiddleName
/BORROWER/EMPLOYERS/EMPLOYER/INDIVIDUAL/ALIASES/ALIAS/NAME/PrefixName,DataPoint,MISMOString,NAME,PrefixName
/BORROWER/EMPLOYERS/EMPLOYER/INDIVIDUAL/ALIASES/ALIAS/NAME/SuffixName,DataPoint,MISMOString,NAME,SuffixName
/BORROWER/EMPLOYERS/EMPLOYER/INDIVIDUAL/ALIASES/ALIAS/NAME/EXTENSION,Container,NAME_EXTENSION,NAME,EXTENSION
/BORROWER/EMPLOYERS/EMPLOYER/INDIVIDUAL/ALIASES/ALIAS/NAME/EXTENSION/MISMO,Container,MISMO_BASE,EXTENSION,MISMO
/BORROWER/EMPLOYERS/EMPLOYER/INDIVIDUAL/ALIASES/ALIAS/NAME/EXTENSION/OTHER,Container,NAME_OTHER_BASE,EXTENSION,OTHER
/BORROWER/EMPLOYERS/EMPLOYER/INDIVIDUAL/ALIASES/ALIAS/TAXPAYER_IDENTIFIERS,Container,TAXPAYER_IDENTIFIERS,ALIAS,TAXPAYER_IDENTIFIERS
/BORROWER/EMPLOYERS/EMPLOYER/INDIVIDUAL/ALIASES/ALIAS/TAXPAYER_IDENTIFIERS/TAXPAYER_IDENTIFIER,Container,TAXPAYER_IDENTIFIER,TAXPAYER_IDENTIFIERS,TAXPAYER_IDENTIFIER
/BORROWER/EMPLOYERS/EMPLOYER/INDIVIDUAL/ALIASES/ALIAS/TAXPAYER_IDENTIFIERS/TAXPAYER_IDENTIFIER/CanadianSocialInsuranceNumberIdentifier,DataPoint,MISMOIdentifier,TAXPAYER_IDENTIFIER,CanadianSocialInsuranceNumberIdentifier
/BORROWER/EMPLOYERS/EMPLOYER/INDIVIDUAL/ALIASES/ALIAS/TAXPAYER_IDENTIFIERS/TAXPAYER_IDENTIFIER/SSNCertificationIndicator,DataPoint,MISMOIndicator,TAXPAYER_IDENTIFIER,SSNCertificationIndicator
/BORROWER/EMPLOYERS/EMPLOYER/INDIVIDUAL/ALIASES/ALIAS/TAXPAYER_IDENTIFIERS/TAXPAYER_IDENTIFIER/TaxpayerIdentifierType,Enumeration,TaxpayerIdentifierEnum,TAXPAYER_IDENTIFIER,TaxpayerIdentifierType
/BORROWER/EMPLOYERS/EMPLOYER/INDIVIDUAL/ALIASES/ALIAS/TAXPAYER_IDENTIFIERS/TAXPAYER_IDENTIFIER/TaxpayerIdentifierValue,DataPoint,MISMOValue,TAXPAYER_IDENTIFIER,TaxpayerIdentifierValue
/BORROWER/EMPLOYERS/EMPLOYER/INDIVIDUAL/ALIASES/ALIAS/TAXPAYER_IDENTIFIERS/TAXPAYER_IDENTIFIER/EXTENSION,Container,TAXPAYER_IDENTIFIER_EXTENSION,TAXPAYER_IDENTIFIER,EXTENSION
/BORROWER/EMPLOYERS/EMPLOYER/INDIVIDUAL/ALIASES/ALIAS/TAXPAYER_IDENTIFIERS/TAXPAYER_IDENTIFIER/EXTENSION/MISMO,Container,MISMO_BASE,EXTENSION,MISMO
/BORROWER/EMPLOYERS/EMPLOYER/INDIVIDUAL/ALIASES/ALIAS/TAXPAYER_IDENTIFIERS/TAXPAYER_IDENTIFIER/EXTENSION/OTHER,Container,TAXPAYER_IDENTIFIER_OTHER_BASE,EXTENSION,OTHER
/BORROWER/EMPLOYERS/EMPLOYER/INDIVIDUAL/ALIASES/ALIAS/TAXPAYER_IDENTIFIERS/EXTENSION,Container,TAXPAYER_IDENTIFIERS_EXTENSION,TAXPAYER_IDENTIFIERS,EXTENSION
/BORROWER/EMPLOYERS/EMPLOYER/INDIVIDUAL/ALIASES/ALIAS/TAXPAYER_IDENTIFIERS/EXTENSION/MISMO,Container,MISMO_BASE,EXTENSION,MISMO
/BORROWER/EMPLOYERS/EMPLOYER/INDIVIDUAL/ALIASES/ALIAS/TAXPAYER_IDENTIFIERS/EXTENSION/OTHER,Container,TAXPAYER_IDENTIFIERS_OTHER_BASE,EXTENSION,OTHER
/BORROWER/EMPLOYERS/EMPLOYER/INDIVIDUAL/ALIASES/ALIAS/EXTENSION,Container,ALIAS_EXTENSION,ALIAS,EXTENSION
/BORROWER/EMPLOYERS/EMPLOYER/INDIVIDUAL/ALIASES/ALIAS/EXTENSION/MISMO,Container,MISMO_BASE,EXTENSION,MISMO
/BORROWER/EMPLOYERS/EMPLOYER/INDIVIDUAL/ALIASES/ALIAS/EXTENSION/OTHER,Container,ALIAS_OTHER_BASE,EXTENSION,OTHER
/BORROWER/EMPLOYERS/EMPLOYER/INDIVIDUAL/ALIASES/EXTENSION,Container,ALIASES_EXTENSION,ALIASES,EXTENSION
/BORROWER/EMPLOYERS/EMPLOYER/INDIVIDUAL/ALIASES/EXTENSION/MISMO,Container,MISMO_BASE,EXTENSION,MISMO
/BORROWER/EMPLOYERS/EMPLOYER/INDIVIDUAL/ALIASES/EXTENSION/OTHER,Container,ALIASES_OTHER_BASE,EXTENSION,OTHER
/BORROWER/EMPLOYERS/EMPLOYER/INDIVIDUAL/CONTACT_POINTS,Container,CONTACT_POINTS,INDIVIDUAL,CONTACT_POINTS
/BORROWER/EMPLOYERS/EMPLOYER/INDIVIDUAL/CONTACT_POINTS/CONTACT_POINT,Container,CONTACT_POINT,CONTACT_POINTS,CONTACT_POINT
/BORROWER/EMPLOYERS/EMPLOYER/INDIVIDUAL/CONTACT_POINTS/CONTACT_POINT/CONTACT_POINT_EMAIL,Container,CONTACT_POINT_EMAIL,CONTACT_POINT,CONTACT_POINT_EMAIL
/BORROWER/EMPLOYERS/EMPLOYER/INDIVIDUAL/CONTACT_POINTS/CONTACT_POINT/CONTACT_POINT_EMAIL/ContactPointEmailValue,DataPoint,MISMOValue,CONTACT_POINT_EMAIL,ContactPointEmailValue
/BORROWER/EMPLOYERS/EMPLOYER/INDIVIDUAL/CONTACT_POINTS/CONTACT_POINT/CONTACT_POINT_EMAIL/EXTENSION,Container,CONTACT_POINT_EMAIL_EXTENSION,CONTACT_POINT_EMAIL,EXTENSION
/BORROWER/EMPLOYERS/EMPLOYER/INDIVIDUAL/CONTACT_POINTS/CONTACT_POINT/CONTACT_POINT_EMAIL/EXTENSION/MISMO,Container,MISMO_BASE,EXTENSION,MISMO
/BORROWER/EMPLOYERS/EMPLOYER/INDIVIDUAL/CONTACT_POINTS/CONTACT_POINT/CONTACT_POINT_EMAIL/EXTENSION/OTHER,Container,CONTACT_POINT_EMAIL_OTHER_BASE,EXTENSION,OTHER
/BORROWER/EMPLOYERS/EMPLOYER/INDIVIDUAL/CONTACT_POINTS/CONTACT_POINT/CONTACT_POINT_SOCIAL_MEDIA,Container,CONTACT_POINT_SOCIAL_MEDIA,CONTACT_POINT,CONTACT_POINT_SOCIAL_MEDIA
/BORROWER/EMPLOYERS/EMPLOYER/INDIVIDUAL/CONTACT_POINTS/CONTACT_POINT/CONTACT_POINT_SOCIAL_MEDIA/SocialMediaIdentifier,DataPoint,MISMOIdentifier,CONTACT_POINT_SOCIAL_MEDIA,SocialMediaIdentifier
/BORROWER/EMPLOYERS/EMPLOYER/INDIVIDUAL/CONTACT_POINTS/CONTACT_POINT/CONTACT_POINT_SOCIAL_MEDIA/EXTENSION,Container,CONTACT_POINT_SOCIAL_MEDIA_EXTENSION,CONTACT_POINT_SOCIAL_MEDIA,EXTENSION
/BORROWER/EMPLOYERS/EMPLOYER/INDIVIDUAL/CONTACT_POINTS/CONTACT_POINT/CONTACT_POINT_SOCIAL_MEDIA/EXTENSION/MISMO,Container,MISMO_BASE,EXTENSION,MISMO
/BORROWER/EMPLOYERS/EMPLOYER/INDIVIDUAL/CONTACT_POINTS/CONTACT_POINT/CONTACT_POINT_SOCIAL_MEDIA/EXTENSION/OTHER,Container,CONTACT_POINT_SOCIAL_MEDIA_OTHER_BASE,EXTENSION,OTHER
/BORROWER/EMPLOYERS/EMPLOYER/INDIVIDUAL/CONTACT_POINTS/CONTACT_POINT/CONTACT_POINT_TELEPHONE,Container,CONTACT_POINT_TELEPHONE,CONTACT_POINT,CONTACT_POINT_TELEPHONE
/BORROWER/EMPLOYERS/EMPLOYER/INDIVIDUAL/CONTACT_POINTS/CONTACT_POINT/CONTACT_POINT_TELEPHONE/ContactPointFaxExtensionValue,DataPoint,MISMOValue,CONTACT_POINT_TELEPHONE,ContactPointFaxExtensionValue
/BORROWER/EMPLOYERS/EMPLOYER/INDIVIDUAL/CONTACT_POINTS/CONTACT_POINT/CONTACT_POINT_TELEPHONE/ContactPointFaxValue,DataPoint,MISMOValue,CONTACT_POINT_TELEPHONE,ContactPointFaxValue
/BORROWER/EMPLOYERS/EMPLOYER/INDIVIDUAL/CONTACT_POINTS/CONTACT_POINT/CONTACT_POINT_TELEPHONE/ContactPointTelephoneExtensionValue,DataPoint,MISMOValue,CONTACT_POINT_TELEPHONE,ContactPointTelephoneExtensionValue
/BORROWER/EMPLOYERS/EMPLOYER/INDIVIDUAL/CONTACT_POINTS/CONTACT_POINT/CONTACT_POINT_TELEPHONE/ContactPointTelephoneTollFreeIndicator,DataPoint,MISMOIndicator,CONTACT_POINT_TELEPHONE,ContactPointTelephoneTollFreeIndicator
/BORROWER/EMPLOYERS/EMPLOYER/INDIVIDUAL/CONTACT_POINTS/CONTACT_POINT/CONTACT_POINT_TELEPHONE/ContactPointTelephoneValue,DataPoint,MISMOValue,CONTACT_POINT_TELEPHONE,ContactPointTelephoneValue
/BORROWER/EMPLOYERS/EMPLOYER/INDIVIDUAL/CONTACT_POINTS/CONTACT_POINT/CONTACT_POINT_TELEPHONE/TextMessageAcceptanceType,Enumeration,TextMessageAcceptanceEnum,CONTACT_POINT_TELEPHONE,TextMessageAcceptanceType
/BORROWER/EMPLOYERS/EMPLOYER/INDIVIDUAL/CONTACT_POINTS/CONTACT_POINT/CONTACT_POINT_TELEPHONE/EXTENSION,Container,CONTACT_POINT_TELEPHONE_EXTENSION,CONTACT_POINT_TELEPHONE,EXTENSION
/BORROWER/EMPLOYERS/EMPLOYER/INDIVIDUAL/CONTACT_POINTS/CONTACT_POINT/CONTACT_POINT_TELEPHONE/EXTENSION/MISMO,Container,MISMO_BASE,EXTENSION,MISMO
/BORROWER/EMPLOYERS/EMPLOYER/INDIVIDUAL/CONTACT_POINTS/CONTACT_POINT/CONTACT_POINT_TELEPHONE/EXTENSION/OTHER,Container,CONTACT_POINT_TELEPHONE_OTHER_BASE,EXTENSION,OTHER
/BORROWER/EMPLOYERS/EMPLOYER/INDIVIDUAL/CONTACT_POINTS/CONTACT_POINT/OTHER_CONTACT_POINT,Container,OTHER_CONTACT_POINT,CONTACT_POINT,OTHER_CONTACT_POINT
/BORROWER/EMPLOYERS/EMPLOYER/INDIVIDUAL/CONTACT_POINTS/CONTACT_POINT/OTHER_CONTACT_POINT/ContactPointOtherValue,DataPoint,MISMOValue,OTHER_CONTACT_POINT,ContactPointOtherValue
/BORROWER/EMPLOYERS/EMPLOYER/INDIVIDUAL/CONTACT_POINTS/CONTACT_POINT/OTHER_CONTACT_POINT/ContactPointOtherValueDescription,DataPoint,MISMOString,OTHER_CONTACT_POINT,ContactPointOtherValueDescription
/BORROWER/EMPLOYERS/EMPLOYER/INDIVIDUAL/CONTACT_POINTS/CONTACT_POINT/OTHER_CONTACT_POINT/EXTENSION,Container,OTHER_CONTACT_POINT_EXTENSION,OTHER_CONTACT_POINT,EXTENSION
/BORROWER/EMPLOYERS/EMPLOYER/INDIVIDUAL/CONTACT_POINTS/CONTACT_POINT/OTHER_CONTACT_POINT/EXTENSION/MISMO,Container,MISMO_BASE,EXTENSION,MISMO
/BORROWER/EMPLOYERS/EMPLOYER/INDIVIDUAL/CONTACT_POINTS/CONTACT_POINT/OTHER_CONTACT_POINT/EXTENSION/OTHER,Container,OTHER_CONTACT_POINT_OTHER_BASE,EXTENSION,OTHER
/BORROWER/EMPLOYERS/EMPLOYER/INDIVIDUAL/CONTACT_POINTS/CONTACT_POINT/CONTACT_POINT_DETAIL,Container,CONTACT_POINT_DETAIL,CONTACT_POINT,CONTACT_POINT_DETAIL
/BORROWER/EMPLOYERS/EMPLOYER/INDIVIDUAL/CONTACT_POINTS/CONTACT_POINT/CONTACT_POINT_DETAIL/ContactPointPreferenceIndicator,DataPoint,MISMOIndicator,CONTACT_POINT_DETAIL,ContactPointPreferenceIndicator
/BORROWER/EMPLOYERS/EMPLOYER/INDIVIDUAL/CONTACT_POINTS/CONTACT_POINT/CONTACT_POINT_DETAIL/ContactPointTimeZoneType,Enumeration,ContactPointTimeZoneEnum,CONTACT_POINT_DETAIL,ContactPointTimeZoneType
/BORROWER/EMPLOYERS/EMPLOYER/INDIVIDUAL/CONTACT_POINTS/CONTACT_POINT/CONTACT_POINT_DETAIL/ContactPointTimeZoneTypeOtherDescription,DataPoint,MISMOString,CONTACT_POINT_DETAIL,ContactPointTimeZoneTypeOtherDescription
/BORROWER/EMPLOYERS/EMPLOYER/INDIVIDUAL/CONTACT_POINTS/CONTACT_POINT/CONTACT_POINT_DETAIL/NoTelephoneIndicator,DataPoint,MISMOIndicator,CONTACT_POINT_DETAIL,NoTelephoneIndicator
/BORROWER/EMPLOYERS/EMPLOYER/INDIVIDUAL/CONTACT_POINTS/CONTACT_POINT/CONTACT_POINT_DETAIL/PriorContactPointIndicator,DataPoint,MISMOIndicator,CONTACT_POINT_DETAIL,PriorContactPointIndicator
/BORROWER/EMPLOYERS/EMPLOYER/INDIVIDUAL/CONTACT_POINTS/CONTACT_POINT/CONTACT_POINT_DETAIL/RequestNoContactIndicator,DataPoint,MISMOIndicator,CONTACT_POINT_DETAIL,RequestNoContactIndicator
/BORROWER/EMPLOYERS/EMPLOYER/INDIVIDUAL/CONTACT_POINTS/CONTACT_POINT/CONTACT_POINT_DETAIL/EXTENSION,Container,CONTACT_POINT_DETAIL_EXTENSION,CONTACT_POINT_DETAIL,EXTENSION
/BORROWER/EMPLOYERS/EMPLOYER/INDIVIDUAL/CONTACT_POINTS/CONTACT_POINT/CONTACT_POINT_DETAIL/EXTENSION/MISMO,Container,MISMO_BASE,EXTENSION,MISMO
/BORROWER/EMPLOYERS/EMPLOYER/INDIVIDUAL/CONTACT_POINTS/CONTACT_POINT/CONTACT_POINT_DETAIL/EXTENSION/OTHER,Container,CONTACT_POINT_DETAIL_OTHER_BASE,EXTENSION,OTHER
/BORROWER/EMPLOYERS/EMPLOYER/INDIVIDUAL/CONTACT_POINTS/CONTACT_POINT/CONTACT_POINT_ROLES,Container,CONTACT_POINT_ROLES,CONTACT_POINT,CONTACT_POINT_ROLES
/BORROWER/EMPLOYERS/EMPLOYER/INDIVIDUAL/CONTACT_POINTS/CONTACT_POINT/CONTACT_POINT_ROLES/CONTACT_POINT_ROLE,Container,CONTACT_POINT_ROLE,CONTACT_POINT_ROLES,CONTACT_POINT_ROLE
/BORROWER/EMPLOYERS/EMPLOYER/INDIVIDUAL/CONTACT_POINTS/CONTACT_POINT/CONTACT_POINT_ROLES/CONTACT_POINT_ROLE/ContactPointRoleType,Enumeration,ContactPointRoleEnum,CONTACT_POINT_ROLE,ContactPointRoleType
/BORROWER/EMPLOYERS/EMPLOYER/INDIVIDUAL/CONTACT_POINTS/CONTACT_POINT/CONTACT_POINT_ROLES/CONTACT_POINT_ROLE/ContactPointRoleTypeOtherDescription,DataPoint,MISMOString,CONTACT_POINT_ROLE,ContactPointRoleTypeOtherDescription
/BORROWER/EMPLOYERS/EMPLOYER/INDIVIDUAL/CONTACT_POINTS/CONTACT_POINT/CONTACT_POINT_ROLES/CONTACT_POINT_ROLE/EXTENSION,Container,CONTACT_POINT_ROLE_EXTENSION,CONTACT_POINT_ROLE,EXTENSION
/BORROWER/EMPLOYERS/EMPLOYER/INDIVIDUAL/CONTACT_POINTS/CONTACT_POINT/CONTACT_POINT_ROLES/CONTACT_POINT_ROLE/EXTENSION/MISMO,Container,MISMO_BASE,EXTENSION,MISMO
/BORROWER/EMPLOYERS/EMPLOYER/INDIVIDUAL/CONTACT_POINTS/CONTACT_POINT/CONTACT_POINT_ROLES/CONTACT_POINT_ROLE/EXTENSION/OTHER,Container,CONTACT_POINT_ROLE_OTHER_BASE,EXTENSION,OTHER
/BORROWER/EMPLOYERS/EMPLOYER/INDIVIDUAL/CONTACT_POINTS/CONTACT_POINT/CONTACT_POINT_ROLES/EXTENSION,Container,CONTACT_POINT_ROLES_EXTENSION,CONTACT_POINT_ROLES,EXTENSION
/BORROWER/EMPLOYERS/EMPLOYER/INDIVIDUAL/CONTACT_POINTS/CONTACT_POINT/CONTACT_POINT_ROLES/EXTENSION/MISMO,Container,MISMO_BASE,EXTENSION,MISMO
/BORROWER/EMPLOYERS/EMPLOYER/INDIVIDUAL/CONTACT_POINTS/CONTACT_POINT/CONTACT_POINT_ROLES/EXTENSION/OTHER,Container,CONTACT_POINT_ROLES_OTHER_BASE,EXTENSION,OTHER
/BORROWER/EMPLOYERS/EMPLOYER/INDIVIDUAL/CONTACT_POINTS/CONTACT_POINT/CONTACT_POINT_TIME_PREFERENCES,Container,CONTACT_POINT_TIME_PREFERENCES,CONTACT_POINT,CONTACT_POINT_TIME_PREFERENCES
/BORROWER/EMPLOYERS/EMPLOYER/INDIVIDUAL/CONTACT_POINTS/CONTACT_POINT/CONTACT_POINT_TIME_PREFERENCES/CONTACT_POINT_TIME_PREFERENCE,Container,CONTACT_POINT_TIME_PREFERENCE,CONTACT_POINT_TIME_PREFERENCES,CONTACT_POINT_TIME_PREFERENCE
/BORROWER/EMPLOYERS/EMPLOYER/INDIVIDUAL/CONTACT_POINTS/CONTACT_POINT/CONTACT_POINT_TIME_PREFERENCES/CONTACT_POINT_TIME_PREFERENCE/ContactPointDayPreferenceType,Enumeration,ContactPointDayPreferenceEnum,CONTACT_POINT_TIME_PREFERENCE,ContactPointDayPreferenceType
/BORROWER/EMPLOYERS/EMPLOYER/INDIVIDUAL/CONTACT_POINTS/CONTACT_POINT/CONTACT_POINT_TIME_PREFERENCES/CONTACT_POINT_TIME_PREFERENCE/ContactPointDayPreferenceTypeOtherDescription,DataPoint,MISMOString,CONTACT_POINT_TIME_PREFERENCE,ContactPointDayPreferenceTypeOtherDescription
/BORROWER/EMPLOYERS/EMPLOYER/INDIVIDUAL/CONTACT_POINTS/CONTACT_POINT/CONTACT_POINT_TIME_PREFERENCES/CONTACT_POINT_TIME_PREFERENCE/ContactPointNoContactEndingDate,DataPoint,MISMODate,CONTACT_POINT_TIME_PREFERENCE,ContactPointNoContactEndingDate
/BORROWER/EMPLOYERS/EMPLOYER/INDIVIDUAL/CONTACT_POINTS/CONTACT_POINT/CONTACT_POINT_TIME_PREFERENCES/CONTACT_POINT_TIME_PREFERENCE/ContactPointNoContactStartingDate,DataPoint,MISMODate,CONTACT_POINT_TIME_PREFERENCE,ContactPointNoContactStartingDate
/BORROWER/EMPLOYERS/EMPLOYER/INDIVIDUAL/CONTACT_POINTS/CONTACT_POINT/CONTACT_POINT_TIME_PREFERENCES/CONTACT_POINT_TIME_PREFERENCE/ContactPointPreferenceEndTime,DataPoint,MISMOTime,CONTACT_POINT_TIME_PREFERENCE,ContactPointPreferenceEndTime
/BORROWER/EMPLOYERS/EMPLOYER/INDIVIDUAL/CONTACT_POINTS/CONTACT_POINT/CONTACT_POINT_TIME_PREFERENCES/CONTACT_POINT_TIME_PREFERENCE/ContactPointPreferenceStartTime,DataPoint,MISMOTime,CONTACT_POINT_TIME_PREFERENCE,ContactPointPreferenceStartTime
/BORROWER/EMPLOYERS/EMPLOYER/INDIVIDUAL/CONTACT_POINTS/CONTACT_POINT/CONTACT_POINT_TIME_PREFERENCES/CONTACT_POINT_TIME_PREFERENCE/ContactPointRequestNoContactIndicator,DataPoint,MISMOIndicator,CONTACT_POINT_TIME_PREFERENCE,ContactPointRequestNoContactIndicator
/BORROWER/EMPLOYERS/EMPLOYER/INDIVIDUAL/CONTACT_POINTS/CONTACT_POINT/CONTACT_POINT_TIME_PREFERENCES/CONTACT_POINT_TIME_PREFERENCE/ContactPointTimePreferenceNoticeDatetime,DataPoint,MISMODatetime,CONTACT_POINT_TIME_PREFERENCE,ContactPointTimePreferenceNoticeDatetime
/BORROWER/EMPLOYERS/EMPLOYER/INDIVIDUAL/CONTACT_POINTS/CONTACT_POINT/CONTACT_POINT_TIME_PREFERENCES/CONTACT_POINT_TIME_PREFERENCE/ContactPointTimePreferenceSourceType,Enumeration,ContactPointTimePreferenceSourceEnum,CONTACT_POINT_TIME_PREFERENCE,ContactPointTimePreferenceSourceType
/BORROWER/EMPLOYERS/EMPLOYER/INDIVIDUAL/CONTACT_POINTS/CONTACT_POINT/CONTACT_POINT_TIME_PREFERENCES/CONTACT_POINT_TIME_PREFERENCE/ContactPointTimePreferenceSourceTypeAdditionalDescription,DataPoint,MISMOString,CONTACT_POINT_TIME_PREFERENCE,ContactPointTimePreferenceSourceTypeAdditionalDescription
/BORROWER/EMPLOYERS/EMPLOYER/INDIVIDUAL/CONTACT_POINTS/CONTACT_POINT/CONTACT_POINT_TIME_PREFERENCES/CONTACT_POINT_TIME_PREFERENCE/ContactPointTimePreferenceSourceTypeOtherDescription,DataPoint,MISMOString,CONTACT_POINT_TIME_PREFERENCE,ContactPointTimePreferenceSourceTypeOtherDescription
/BORROWER/EMPLOYERS/EMPLOYER/INDIVIDUAL/CONTACT_POINTS/CONTACT_POINT/CONTACT_POINT_TIME_PREFERENCES/CONTACT_POINT_TIME_PREFERENCE/ContactPointTimeZoneType,Enumeration,ContactPointTimeZoneEnum,CONTACT_POINT_TIME_PREFERENCE,ContactPointTimeZoneType
/BORROWER/EMPLOYERS/EMPLOYER/INDIVIDUAL/CONTACT_POINTS/CONTACT_POINT/CONTACT_POINT_TIME_PREFERENCES/CONTACT_POINT_TIME_PREFERENCE/ContactPointTimeZoneTypeOtherDescription,DataPoint,MISMOString,CONTACT_POINT_TIME_PREFERENCE,ContactPointTimeZoneTypeOtherDescription
/BORROWER/EMPLOYERS/EMPLOYER/INDIVIDUAL/CONTACT_POINTS/CONTACT_POINT/CONTACT_POINT_TIME_PREFERENCES/CONTACT_POINT_TIME_PREFERENCE/EXTENSION,Container,CONTACT_POINT_TIME_PREFERENCE_EXTENSION,CONTACT_POINT_TIME_PREFERENCE,EXTENSION
/BORROWER/EMPLOYERS/EMPLOYER/INDIVIDUAL/CONTACT_POINTS/CONTACT_POINT/CONTACT_POINT_TIME_PREFERENCES/CONTACT_POINT_TIME_PREFERENCE/EXTENSION/MISMO,Container,MISMO_BASE,EXTENSION,MISMO
/BORROWER/EMPLOYERS/EMPLOYER/INDIVIDUAL/CONTACT_POINTS/CONTACT_POINT/CONTACT_POINT_TIME_PREFERENCES/CONTACT_POINT_TIME_PREFERENCE/EXTENSION/OTHER,Container,CONTACT_POINT_TIME_PREFERENCE_OTHER_BASE,EXTENSION,OTHER
/BORROWER/EMPLOYERS/EMPLOYER/INDIVIDUAL/CONTACT_POINTS/CONTACT_POINT/CONTACT_POINT_TIME_PREFERENCES/EXTENSION,Container,CONTACT_POINT_TIME_PREFERENCES_EXTENSION,CONTACT_POINT_TIME_PREFERENCES,EXTENSION
/BORROWER/EMPLOYERS/EMPLOYER/INDIVIDUAL/CONTACT_POINTS/CONTACT_POINT/CONTACT_POINT_TIME_PREFERENCES/EXTENSION/MISMO,Container,MISMO_BASE,EXTENSION,MISMO
/BORROWER/EMPLOYERS/EMPLOYER/INDIVIDUAL/CONTACT_POINTS/CONTACT_POINT/CONTACT_POINT_TIME_PREFERENCES/EXTENSION/OTHER,Container,CONTACT_POINT_TIME_PREFERENCES_OTHER_BASE,EXTENSION,OTHER
/BORROWER/EMPLOYERS/EMPLOYER/INDIVIDUAL/CONTACT_POINTS/CONTACT_POINT/EXTENSION,Container,CONTACT_POINT_EXTENSION,CONTACT_POINT,EXTENSION
/BORROWER/EMPLOYERS/EMPLOYER/INDIVIDUAL/CONTACT_POINTS/CONTACT_POINT/EXTENSION/MISMO,Container,MISMO_BASE,EXTENSION,MISMO
/BORROWER/EMPLOYERS/EMPLOYER/INDIVIDUAL/CONTACT_POINTS/CONTACT_POINT/EXTENSION/OTHER,Container,CONTACT_POINT_OTHER_BASE,EXTENSION,OTHER
/BORROWER/EMPLOYERS/EMPLOYER/INDIVIDUAL/CONTACT_POINTS/EXTENSION,Container,CONTACT_POINTS_EXTENSION,CONTACT_POINTS,EXTENSION
/BORROWER/EMPLOYERS/EMPLOYER/INDIVIDUAL/CONTACT_POINTS/EXTENSION/MISMO,Container,MISMO_BASE,EXTENSION,MISMO
/BORROWER/EMPLOYERS/EMPLOYER/INDIVIDUAL/CONTACT_POINTS/EXTENSION/OTHER,Container,CONTACT_POINTS_OTHER_BASE,EXTENSION,OTHER
/BORROWER/EMPLOYERS/EMPLOYER/INDIVIDUAL/IDENTIFICATION_VERIFICATION,Container,IDENTIFICATION_VERIFICATION,INDIVIDUAL,IDENTIFICATION_VERIFICATION
/BORROWER/EMPLOYERS/EMPLOYER/INDIVIDUAL/IDENTIFICATION_VERIFICATION/BIRTH_INFORMATION,Container,BIRTH_INFORMATION,IDENTIFICATION_VERIFICATION,BIRTH_INFORMATION
/BORROWER/EMPLOYERS/EMPLOYER/INDIVIDUAL/IDENTIFICATION_VERIFICATION/BIRTH_INFORMATION/BirthDate,DataPoint,MISMODate,BIRTH_INFORMATION,BirthDate
/BORROWER/EMPLOYERS/EMPLOYER/INDIVIDUAL/IDENTIFICATION_VERIFICATION/BIRTH_INFORMATION/CityTownVillageOfBirthName,DataPoint,MISMOString,BIRTH_INFORMATION,CityTownVillageOfBirthName
/BORROWER/EMPLOYERS/EMPLOYER/INDIVIDUAL/IDENTIFICATION_VERIFICATION/BIRTH_INFORMATION/CountryOfBirthName,DataPoint,MISMOString,BIRTH_INFORMATION,CountryOfBirthName
/BORROWER/EMPLOYERS/EMPLOYER/INDIVIDUAL/IDENTIFICATION_VERIFICATION/BIRTH_INFORMATION/MothersMaidenName,DataPoint,MISMOString,BIRTH_INFORMATION,MothersMaidenName
/BORROWER/EMPLOYERS/EMPLOYER/INDIVIDUAL/IDENTIFICATION_VERIFICATION/BIRTH_INFORMATION/StateProvinceOfBirthName,DataPoint,MISMOString,BIRTH_INFORMATION,StateProvinceOfBirthName
/BORROWER/EMPLOYERS/EMPLOYER/INDIVIDUAL/IDENTIFICATION_VERIFICATION/BIRTH_INFORMATION/EXTENSION,Container,BIRTH_INFORMATION_EXTENSION,BIRTH_INFORMATION,EXTENSION
/BORROWER/EMPLOYERS/EMPLOYER/INDIVIDUAL/IDENTIFICATION_VERIFICATION/BIRTH_INFORMATION/EXTENSION/MISMO,Container,MISMO_BASE,EXTENSION,MISMO
/BORROWER/EMPLOYERS/EMPLOYER/INDIVIDUAL/IDENTIFICATION_VERIFICATION/BIRTH_INFORMATION/EXTENSION/OTHER,Container,BIRTH_INFORMATION_OTHER_BASE,EXTENSION,OTHER
/BORROWER/EMPLOYERS/EMPLOYER/INDIVIDUAL/IDENTIFICATION_VERIFICATION/IDENTIFICATION_VERIFICATION_DETAIL,Container,IDENTIFICATION_VERIFICATION_DETAIL,IDENTIFICATION_VERIFICATION,IDENTIFICATION_VERIFICATION_DETAIL
/BORROWER/EMPLOYERS/EMPLOYER/INDIVIDUAL/IDENTIFICATION_VERIFICATION/IDENTIFICATION_VERIFICATION_DETAIL/CountryOfCitizenshipName,DataPoint,MISMOString,IDENTIFICATION_VERIFICATION_DETAIL,CountryOfCitizenshipName
/BORROWER/EMPLOYERS/EMPLOYER/INDIVIDUAL/IDENTIFICATION_VERIFICATION/IDENTIFICATION_VERIFICATION_DETAIL/NotaryCertificateSignerIdentificationType,Enumeration,NotaryCertificateSignerIdentificationEnum,IDENTIFICATION_VERIFICATION_DETAIL,NotaryCertificateSignerIdentificationType
/BORROWER/EMPLOYERS/EMPLOYER/INDIVIDUAL/IDENTIFICATION_VERIFICATION/IDENTIFICATION_VERIFICATION_DETAIL/SSNAssociationsCount,DataPoint,MISMOCount,IDENTIFICATION_VERIFICATION_DETAIL,SSNAssociationsCount
/BORROWER/EMPLOYERS/EMPLOYER/INDIVIDUAL/IDENTIFICATION_VERIFICATION/IDENTIFICATION_VERIFICATION_DETAIL/EXTENSION,Container,IDENTIFICATION_VERIFICATION_DETAIL_EXTENSION,IDENTIFICATION_VERIFICATION_DETAIL,EXTENSION
/BORROWER/EMPLOYERS/EMPLOYER/INDIVIDUAL/IDENTIFICATION_VERIFICATION/IDENTIFICATION_VERIFICATION_DETAIL/EXTENSION/MISMO,Container,MISMO_BASE,EXTENSION,MISMO
/BORROWER/EMPLOYERS/EMPLOYER/INDIVIDUAL/IDENTIFICATION_VERIFICATION/IDENTIFICATION_VERIFICATION_DETAIL/EXTENSION/OTHER,Container,IDENTIFICATION_VERIFICATION_DETAIL_OTHER_BASE,EXTENSION,OTHER
/BORROWER/EMPLOYERS/EMPLOYER/INDIVIDUAL/IDENTIFICATION_VERIFICATION/IDENTITY_DOCUMENTATIONS,Container,IDENTITY_DOCUMENTATIONS,IDENTIFICATION_VERIFICATION,IDENTITY_DOCUMENTATIONS
/BORROWER/EMPLOYERS/EMPLOYER/INDIVIDUAL/IDENTIFICATION_VERIFICATION/IDENTITY_DOCUMENTATIONS/IDENTITY_DOCUMENTATION,Container,IDENTITY_DOCUMENTATION,IDENTITY_DOCUMENTATIONS,IDENTITY_DOCUMENTATION
/BORROWER/EMPLOYERS/EMPLOYER/INDIVIDUAL/IDENTIFICATION_VERIFICATION/IDENTITY_DOCUMENTATIONS/IDENTITY_DOCUMENTATION/IdentityDocumentExpirationDate,DataPoint,MISMODate,IDENTITY_DOCUMENTATION,IdentityDocumentExpirationDate
/BORROWER/EMPLOYERS/EMPLOYER/INDIVIDUAL/IDENTIFICATION_VERIFICATION/IDENTITY_DOCUMENTATIONS/IDENTITY_DOCUMENTATION/IdentityDocumentIdentifier,DataPoint,MISMOIdentifier,IDENTITY_DOCUMENTATION,IdentityDocumentIdentifier
/BORROWER/EMPLOYERS/EMPLOYER/INDIVIDUAL/IDENTIFICATION_VERIFICATION/IDENTITY_DOCUMENTATIONS/IDENTITY_DOCUMENTATION/IdentityDocumentIssuedByCountryName,DataPoint,MISMOString,IDENTITY_DOCUMENTATION,IdentityDocumentIssuedByCountryName
/BORROWER/EMPLOYERS/EMPLOYER/INDIVIDUAL/IDENTIFICATION_VERIFICATION/IDENTITY_DOCUMENTATIONS/IDENTITY_DOCUMENTATION/IdentityDocumentIssuedByName,DataPoint,MISMOString,IDENTITY_DOCUMENTATION,IdentityDocumentIssuedByName
/BORROWER/EMPLOYERS/EMPLOYER/INDIVIDUAL/IDENTIFICATION_VERIFICATION/IDENTITY_DOCUMENTATIONS/IDENTITY_DOCUMENTATION/IdentityDocumentIssuedByStateCode,DataPoint,MISMOCode,IDENTITY_DOCUMENTATION,IdentityDocumentIssuedByStateCode
/BORROWER/EMPLOYERS/EMPLOYER/INDIVIDUAL/IDENTIFICATION_VERIFICATION/IDENTITY_DOCUMENTATIONS/IDENTITY_DOCUMENTATION/IdentityDocumentIssuedByStateProvinceName,DataPoint,MISMOString,IDENTITY_DOCUMENTATION,IdentityDocumentIssuedByStateProvinceName
/BORROWER/EMPLOYERS/EMPLOYER/INDIVIDUAL/IDENTIFICATION_VERIFICATION/IDENTITY_DOCUMENTATIONS/IDENTITY_DOCUMENTATION/IdentityDocumentIssuedByType,Enumeration,IdentityDocumentIssuedByEnum,IDENTITY_DOCUMENTATION,IdentityDocumentIssuedByType
/BORROWER/EMPLOYERS/EMPLOYER/INDIVIDUAL/IDENTIFICATION_VERIFICATION/IDENTITY_DOCUMENTATIONS/IDENTITY_DOCUMENTATION/IdentityDocumentIssuedByTypeOtherDescription,DataPoint,MISMOString,IDENTITY_DOCUMENTATION,IdentityDocumentIssuedByTypeOtherDescription
/BORROWER/EMPLOYERS/EMPLOYER/INDIVIDUAL/IDENTIFICATION_VERIFICATION/IDENTITY_DOCUMENTATIONS/IDENTITY_DOCUMENTATION/IdentityDocumentIssuedDate,DataPoint,MISMODate,IDENTITY_DOCUMENTATION,IdentityDocumentIssuedDate
/BORROWER/EMPLOYERS/EMPLOYER/INDIVIDUAL/IDENTIFICATION_VERIFICATION/IDENTITY_DOCUMENTATIONS/IDENTITY_DOCUMENTATION/IdentityDocumentType,Enumeration,IdentityDocumentEnum,IDENTITY_DOCUMENTATION,IdentityDocumentType
/BORROWER/EMPLOYERS/EMPLOYER/INDIVIDUAL/IDENTIFICATION_VERIFICATION/IDENTITY_DOCUMENTATIONS/IDENTITY_DOCUMENTATION/IdentityDocumentTypeOtherDescription,DataPoint,MISMOString,IDENTITY_DOCUMENTATION,IdentityDocumentTypeOtherDescription
/BORROWER/EMPLOYERS/EMPLOYER/INDIVIDUAL/IDENTIFICATION_VERIFICATION/IDENTITY_DOCUMENTATIONS/IDENTITY_DOCUMENTATION/EXTENSION,Container,IDENTITY_DOCUMENTATION_EXTENSION,IDENTITY_DOCUMENTATION,EXTENSION
/BORROWER/EMPLOYERS/EMPLOYER/INDIVIDUAL/IDENTIFICATION_VERIFICATION/IDENTITY_DOCUMENTATIONS/IDENTITY_DOCUMENTATION/EXTENSION/MISMO,Container,MISMO_BASE,EXTENSION,MISMO
/BORROWER/EMPLOYERS/EMPLOYER/INDIVIDUAL/IDENTIFICATION_VERIFICATION/IDENTITY_DOCUMENTATIONS/IDENTITY_DOCUMENTATION/EXTENSION/OTHER,Container,IDENTITY_DOCUMENTATION_OTHER_BASE,EXTENSION,OTHER
/BORROWER/EMPLOYERS/EMPLOYER/INDIVIDUAL/IDENTIFICATION_VERIFICATION/IDENTITY_DOCUMENTATIONS/EXTENSION,Container,IDENTITY_DOCUMENTATIONS_EXTENSION,IDENTITY_DOCUMENTATIONS,EXTENSION
/BORROWER/EMPLOYERS/EMPLOYER/INDIVIDUAL/IDENTIFICATION_VERIFICATION/IDENTITY_DOCUMENTATIONS/EXTENSION/MISMO,Container,MISMO_BASE,EXTENSION,MISMO
/BORROWER/EMPLOYERS/EMPLOYER/INDIVIDUAL/IDENTIFICATION_VERIFICATION/IDENTITY_DOCUMENTATIONS/EXTENSION/OTHER,Container,IDENTITY_DOCUMENTATIONS_OTHER_BASE,EXTENSION,OTHER
/BORROWER/EMPLOYERS/EMPLOYER/INDIVIDUAL/IDENTIFICATION_VERIFICATION/SHARED_SECRETS,Container,SHARED_SECRETS,IDENTIFICATION_VERIFICATION,SHARED_SECRETS
/BORROWER/EMPLOYERS/EMPLOYER/INDIVIDUAL/IDENTIFICATION_VERIFICATION/SHARED_SECRETS/SHARED_SECRET,Container,SHARED_SECRET,SHARED_SECRETS,SHARED_SECRET
/BORROWER/EMPLOYERS/EMPLOYER/INDIVIDUAL/IDENTIFICATION_VERIFICATION/SHARED_SECRETS/SHARED_SECRET/SharedSecretPromptText,DataPoint,MISMOString,SHARED_SECRET,SharedSecretPromptText
/BORROWER/EMPLOYERS/EMPLOYER/INDIVIDUAL/IDENTIFICATION_VERIFICATION/SHARED_SECRETS/SHARED_SECRET/SharedSecretResponseText,DataPoint,MISMOString,SHARED_SECRET,SharedSecretResponseText
/BORROWER/EMPLOYERS/EMPLOYER/INDIVIDUAL/IDENTIFICATION_VERIFICATION/SHARED_SECRETS/SHARED_SECRET/EXTENSION,Container,SHARED_SECRET_EXTENSION,SHARED_SECRET,EXTENSION
/BORROWER/EMPLOYERS/EMPLOYER/INDIVIDUAL/IDENTIFICATION_VERIFICATION/SHARED_SECRETS/SHARED_SECRET/EXTENSION/MISMO,Container,MISMO_BASE,EXTENSION,MISMO
/BORROWER/EMPLOYERS/EMPLOYER/INDIVIDUAL/IDENTIFICATION_VERIFICATION/SHARED_SECRETS/SHARED_SECRET/EXTENSION/OTHER,Container,SHARED_SECRET_OTHER_BASE,EXTENSION,OTHER
/BORROWER/EMPLOYERS/EMPLOYER/INDIVIDUAL/IDENTIFICATION_VERIFICATION/SHARED_SECRETS/EXTENSION,Container,SHARED_SECRETS_EXTENSION,SHARED_SECRETS,EXTENSION
/BORROWER/EMPLOYERS/EMPLOYER/INDIVIDUAL/IDENTIFICATION_VERIFICATION/SHARED_SECRETS/EXTENSION/MISMO,Container,MISMO_BASE,EXTENSION,MISMO
/BORROWER/EMPLOYERS/EMPLOYER/INDIVIDUAL/IDENTIFICATION_VERIFICATION/SHARED_SECRETS/EXTENSION/OTHER,Container,SHARED_SECRETS_OTHER_BASE,EXTENSION,OTHER
/BORROWER/EMPLOYERS/EMPLOYER/INDIVIDUAL/IDENTIFICATION_VERIFICATION/SPOUSE_INFORMATION,Container,SPOUSE_INFORMATION,IDENTIFICATION_VERIFICATION,SPOUSE_INFORMATION
/BORROWER/EMPLOYERS/EMPLOYER/INDIVIDUAL/IDENTIFICATION_VERIFICATION/SPOUSE_INFORMATION/NAME,Container,NAME,SPOUSE_INFORMATION,NAME
/BORROWER/EMPLOYERS/EMPLOYER/INDIVIDUAL/IDENTIFICATION_VERIFICATION/SPOUSE_INFORMATION/NAME/EducationalAchievementsDescription,DataPoint,MISMOString,NAME,EducationalAchievementsDescription
/BORROWER/EMPLOYERS/EMPLOYER/INDIVIDUAL/IDENTIFICATION_VERIFICATION/SPOUSE_INFORMATION/NAME/FirstName,DataPoint,MISMOString,NAME,FirstName
/BORROWER/EMPLOYERS/EMPLOYER/INDIVIDUAL/IDENTIFICATION_VERIFICATION/SPOUSE_INFORMATION/NAME/FullName,DataPoint,MISMOString,NAME,FullName
/BORROWER/EMPLOYERS/EMPLOYER/INDIVIDUAL/IDENTIFICATION_VERIFICATION/SPOUSE_INFORMATION/NAME/FunctionalTitleDescription,DataPoint,MISMOString,NAME,FunctionalTitleDescription
/BORROWER/EMPLOYERS/EMPLOYER/INDIVIDUAL/IDENTIFICATION_VERIFICATION/SPOUSE_INFORMATION/NAME/IndividualTitleDescription,DataPoint,MISMOString,NAME,IndividualTitleDescription
/BORROWER/EMPLOYERS/EMPLOYER/INDIVIDUAL/IDENTIFICATION_VERIFICATION/SPOUSE_INFORMATION/NAME/LastName,DataPoint,MISMOString,NAME,LastName
/BORROWER/EMPLOYERS/EMPLOYER/INDIVIDUAL/IDENTIFICATION_VERIFICATION/SPOUSE_INFORMATION/NAME/MiddleName,DataPoint,MISMOString,NAME,MiddleName
/BORROWER/EMPLOYERS/EMPLOYER/INDIVIDUAL/IDENTIFICATION_VERIFICATION/SPOUSE_INFORMATION/NAME/PrefixName,DataPoint,MISMOString,NAME,PrefixName
/BORROWER/EMPLOYERS/EMPLOYER/INDIVIDUAL/IDENTIFICATION_VERIFICATION/SPOUSE_INFORMATION/NAME/SuffixName,DataPoint,MISMOString,NAME,SuffixName
/BORROWER/EMPLOYERS/EMPLOYER/INDIVIDUAL/IDENTIFICATION_VERIFICATION/SPOUSE_INFORMATION/NAME/EXTENSION,Container,NAME_EXTENSION,NAME,EXTENSION
/BORROWER/EMPLOYERS/EMPLOYER/INDIVIDUAL/IDENTIFICATION_VERIFICATION/SPOUSE_INFORMATION/NAME/EXTENSION/MISMO,Container,MISMO_BASE,EXTENSION,MISMO
/BORROWER/EMPLOYERS/EMPLOYER/INDIVIDUAL/IDENTIFICATION_VERIFICATION/SPOUSE_INFORMATION/NAME/EXTENSION/OTHER,Container,NAME_OTHER_BASE,EXTENSION,OTHER
/BORROWER/EMPLOYERS/EMPLOYER/INDIVIDUAL/IDENTIFICATION_VERIFICATION/SPOUSE_INFORMATION/EXTENSION,Container,SPOUSE_INFORMATION_EXTENSION,SPOUSE_INFORMATION,EXTENSION
/BORROWER/EMPLOYERS/EMPLOYER/INDIVIDUAL/IDENTIFICATION_VERIFICATION/SPOUSE_INFORMATION/EXTENSION/MISMO,Container,MISMO_BASE,EXTENSION,MISMO
/BORROWER/EMPLOYERS/EMPLOYER/INDIVIDUAL/IDENTIFICATION_VERIFICATION/SPOUSE_INFORMATION/EXTENSION/OTHER,Container,SPOUSE_INFORMATION_OTHER_BASE,EXTENSION,OTHER
/BORROWER/EMPLOYERS/EMPLOYER/INDIVIDUAL/IDENTIFICATION_VERIFICATION/EXTENSION,Container,IDENTIFICATION_VERIFICATION_EXTENSION,IDENTIFICATION_VERIFICATION,EXTENSION
/BORROWER/EMPLOYERS/EMPLOYER/INDIVIDUAL/IDENTIFICATION_VERIFICATION/EXTENSION/MISMO,Container,MISMO_BASE,EXTENSION,MISMO
/BORROWER/EMPLOYERS/EMPLOYER/INDIVIDUAL/IDENTIFICATION_VERIFICATION/EXTENSION/OTHER,Container,IDENTIFICATION_VERIFICATION_OTHER_BASE,EXTENSION,OTHER
/BORROWER/EMPLOYERS/EMPLOYER/INDIVIDUAL/NAME,Container,NAME,INDIVIDUAL,NAME
/BORROWER/EMPLOYERS/EMPLOYER/INDIVIDUAL/NAME/EducationalAchievementsDescription,DataPoint,MISMOString,NAME,EducationalAchievementsDescription
/BORROWER/EMPLOYERS/EMPLOYER/INDIVIDUAL/NAME/FirstName,DataPoint,MISMOString,NAME,FirstName
/BORROWER/EMPLOYERS/EMPLOYER/INDIVIDUAL/NAME/FullName,DataPoint,MISMOString,NAME,FullName
/BORROWER/EMPLOYERS/EMPLOYER/INDIVIDUAL/NAME/FunctionalTitleDescription,DataPoint,MISMOString,NAME,FunctionalTitleDescription
/BORROWER/EMPLOYERS/EMPLOYER/INDIVIDUAL/NAME/IndividualTitleDescription,DataPoint,MISMOString,NAME,IndividualTitleDescription
/BORROWER/EMPLOYERS/EMPLOYER/INDIVIDUAL/NAME/LastName,DataPoint,MISMOString,NAME,LastName
/BORROWER/EMPLOYERS/EMPLOYER/INDIVIDUAL/NAME/MiddleName,DataPoint,MISMOString,NAME,MiddleName
/BORROWER/EMPLOYERS/EMPLOYER/INDIVIDUAL/NAME/PrefixName,DataPoint,MISMOString,NAME,PrefixName
/BORROWER/EMPLOYERS/EMPLOYER/INDIVIDUAL/NAME/SuffixName,DataPoint,MISMOString,NAME,SuffixName
/BORROWER/EMPLOYERS/EMPLOYER/INDIVIDUAL/NAME/EXTENSION,Container,NAME_EXTENSION,NAME,EXTENSION
/BORROWER/EMPLOYERS/EMPLOYER/INDIVIDUAL/NAME/EXTENSION/MISMO,Container,MISMO_BASE,EXTENSION,MISMO
/BORROWER/EMPLOYERS/EMPLOYER/INDIVIDUAL/NAME/EXTENSION/OTHER,Container,NAME_OTHER_BASE,EXTENSION,OTHER
/BORROWER/EMPLOYERS/EMPLOYER/INDIVIDUAL/EXTENSION,Container,INDIVIDUAL_EXTENSION,INDIVIDUAL,EXTENSION
/BORROWER/EMPLOYERS/EMPLOYER/INDIVIDUAL/EXTENSION/MISMO,Container,MISMO_BASE,EXTENSION,MISMO
/BORROWER/EMPLOYERS/EMPLOYER/INDIVIDUAL/EXTENSION/OTHER,Container,INDIVIDUAL_OTHER_BASE,EXTENSION,OTHER
/BORROWER/EMPLOYERS/EMPLOYER/LEGAL_ENTITY,Container,LEGAL_ENTITY,EMPLOYER,LEGAL_ENTITY
/BORROWER/EMPLOYERS/EMPLOYER/LEGAL_ENTITY/ALIASES,Container,ALIASES,LEGAL_ENTITY,ALIASES
/BORROWER/EMPLOYERS/EMPLOYER/LEGAL_ENTITY/ALIASES/ALIAS,Container,ALIAS,ALIASES,ALIAS
/BORROWER/EMPLOYERS/EMPLOYER/LEGAL_ENTITY/ALIASES/ALIAS/ALIAS_DETAIL,Container,ALIAS_DETAIL,ALIAS,ALIAS_DETAIL
/BORROWER/EMPLOYERS/EMPLOYER/LEGAL_ENTITY/ALIASES/ALIAS/ALIAS_DETAIL/AliasAccountIdentifier,DataPoint,MISMOIdentifier,ALIAS_DETAIL,AliasAccountIdentifier
/BORROWER/EMPLOYERS/EMPLOYER/LEGAL_ENTITY/ALIASES/ALIAS/ALIAS_DETAIL/AliasCreditorName,DataPoint,MISMOString,ALIAS_DETAIL,AliasCreditorName
/BORROWER/EMPLOYERS/EMPLOYER/LEGAL_ENTITY/ALIASES/ALIAS/ALIAS_DETAIL/AliasTaxReturnIndicator,DataPoint,MISMOIndicator,ALIAS_DETAIL,AliasTaxReturnIndicator
/BORROWER/EMPLOYERS/EMPLOYER/LEGAL_ENTITY/ALIASES/ALIAS/ALIAS_DETAIL/AliasType,Enumeration,AliasEnum,ALIAS_DETAIL,AliasType
/BORROWER/EMPLOYERS/EMPLOYER/LEGAL_ENTITY/ALIASES/ALIAS/ALIAS_DETAIL/AliasTypeOtherDescription,DataPoint,MISMOString,ALIAS_DETAIL,AliasTypeOtherDescription
/BORROWER/EMPLOYERS/EMPLOYER/LEGAL_ENTITY/ALIASES/ALIAS/ALIAS_DETAIL/EXTENSION,Container,ALIAS_DETAIL_EXTENSION,ALIAS_DETAIL,EXTENSION
/BORROWER/EMPLOYERS/EMPLOYER/LEGAL_ENTITY/ALIASES/ALIAS/ALIAS_DETAIL/EXTENSION/MISMO,Container,MISMO_BASE,EXTENSION,MISMO
/BORROWER/EMPLOYERS/EMPLOYER/LEGAL_ENTITY/ALIASES/ALIAS/ALIAS_DETAIL/EXTENSION/OTHER,Container,ALIAS_DETAIL_OTHER_BASE,EXTENSION,OTHER
/BORROWER/EMPLOYERS/EMPLOYER/LEGAL_ENTITY/ALIASES/ALIAS/NAME,Container,NAME,ALIAS,NAME
/BORROWER/EMPLOYERS/EMPLOYER/LEGAL_ENTITY/ALIASES/ALIAS/NAME/EducationalAchievementsDescription,DataPoint,MISMOString,NAME,EducationalAchievementsDescription
/BORROWER/EMPLOYERS/EMPLOYER/LEGAL_ENTITY/ALIASES/ALIAS/NAME/FirstName,DataPoint,MISMOString,NAME,FirstName
/BORROWER/EMPLOYERS/EMPLOYER/LEGAL_ENTITY/ALIASES/ALIAS/NAME/FullName,DataPoint,MISMOString,NAME,FullName
/BORROWER/EMPLOYERS/EMPLOYER/LEGAL_ENTITY/ALIASES/ALIAS/NAME/FunctionalTitleDescription,DataPoint,MISMOString,NAME,FunctionalTitleDescription
/BORROWER/EMPLOYERS/EMPLOYER/LEGAL_ENTITY/ALIASES/ALIAS/NAME/IndividualTitleDescription,DataPoint,MISMOString,NAME,IndividualTitleDescription
/BORROWER/EMPLOYERS/EMPLOYER/LEGAL_ENTITY/ALIASES/ALIAS/NAME/LastName,DataPoint,MISMOString,NAME,LastName
/BORROWER/EMPLOYERS/EMPLOYER/LEGAL_ENTITY/ALIASES/ALIAS/NAME/MiddleName,DataPoint,MISMOString,NAME,MiddleName
/BORROWER/EMPLOYERS/EMPLOYER/LEGAL_ENTITY/ALIASES/ALIAS/NAME/PrefixName,DataPoint,MISMOString,NAME,PrefixName
/BORROWER/EMPLOYERS/EMPLOYER/LEGAL_ENTITY/ALIASES/ALIAS/NAME/SuffixName,DataPoint,MISMOString,NAME,SuffixName
/BORROWER/EMPLOYERS/EMPLOYER/LEGAL_ENTITY/ALIASES/ALIAS/NAME/EXTENSION,Container,NAME_EXTENSION,NAME,EXTENSION
/BORROWER/EMPLOYERS/EMPLOYER/LEGAL_ENTITY/ALIASES/ALIAS/NAME/EXTENSION/MISMO,Container,MISMO_BASE,EXTENSION,MISMO
/BORROWER/EMPLOYERS/EMPLOYER/LEGAL_ENTITY/ALIASES/ALIAS/NAME/EXTENSION/OTHER,Container,NAME_OTHER_BASE,EXTENSION,OTHER
/BORROWER/EMPLOYERS/EMPLOYER/LEGAL_ENTITY/ALIASES/ALIAS/TAXPAYER_IDENTIFIERS,Container,TAXPAYER_IDENTIFIERS,ALIAS,TAXPAYER_IDENTIFIERS
/BORROWER/EMPLOYERS/EMPLOYER/LEGAL_ENTITY/ALIASES/ALIAS/TAXPAYER_IDENTIFIERS/TAXPAYER_IDENTIFIER,Container,TAXPAYER_IDENTIFIER,TAXPAYER_IDENTIFIERS,TAXPAYER_IDENTIFIER
/BORROWER/EMPLOYERS/EMPLOYER/LEGAL_ENTITY/ALIASES/ALIAS/TAXPAYER_IDENTIFIERS/TAXPAYER_IDENTIFIER/CanadianSocialInsuranceNumberIdentifier,DataPoint,MISMOIdentifier,TAXPAYER_IDENTIFIER,CanadianSocialInsuranceNumberIdentifier
/BORROWER/EMPLOYERS/EMPLOYER/LEGAL_ENTITY/ALIASES/ALIAS/TAXPAYER_IDENTIFIERS/TAXPAYER_IDENTIFIER/SSNCertificationIndicator,DataPoint,MISMOIndicator,TAXPAYER_IDENTIFIER,SSNCertificationIndicator
/BORROWER/EMPLOYERS/EMPLOYER/LEGAL_ENTITY/ALIASES/ALIAS/TAXPAYER_IDENTIFIERS/TAXPAYER_IDENTIFIER/TaxpayerIdentifierType,Enumeration,TaxpayerIdentifierEnum,TAXPAYER_IDENTIFIER,TaxpayerIdentifierType
/BORROWER/EMPLOYERS/EMPLOYER/LEGAL_ENTITY/ALIASES/ALIAS/TAXPAYER_IDENTIFIERS/TAXPAYER_IDENTIFIER/TaxpayerIdentifierValue,DataPoint,MISMOValue,TAXPAYER_IDENTIFIER,TaxpayerIdentifierValue
/BORROWER/EMPLOYERS/EMPLOYER/LEGAL_ENTITY/ALIASES/ALIAS/TAXPAYER_IDENTIFIERS/TAXPAYER_IDENTIFIER/EXTENSION,Container,TAXPAYER_IDENTIFIER_EXTENSION,TAXPAYER_IDENTIFIER,EXTENSION
/BORROWER/EMPLOYERS/EMPLOYER/LEGAL_ENTITY/ALIASES/ALIAS/TAXPAYER_IDENTIFIERS/TAXPAYER_IDENTIFIER/EXTENSION/MISMO,Container,MISMO_BASE,EXTENSION,MISMO
/BORROWER/EMPLOYERS/EMPLOYER/LEGAL_ENTITY/ALIASES/ALIAS/TAXPAYER_IDENTIFIERS/TAXPAYER_IDENTIFIER/EXTENSION/OTHER,Container,TAXPAYER_IDENTIFIER_OTHER_BASE,EXTENSION,OTHER
/BORROWER/EMPLOYERS/EMPLOYER/LEGAL_ENTITY/ALIASES/ALIAS/TAXPAYER_IDENTIFIERS/EXTENSION,Container,TAXPAYER_IDENTIFIERS_EXTENSION,TAXPAYER_IDENTIFIERS,EXTENSION
/BORROWER/EMPLOYERS/EMPLOYER/LEGAL_ENTITY/ALIASES/ALIAS/TAXPAYER_IDENTIFIERS/EXTENSION/MISMO,Container,MISMO_BASE,EXTENSION,MISMO
/BORROWER/EMPLOYERS/EMPLOYER/LEGAL_ENTITY/ALIASES/ALIAS/TAXPAYER_IDENTIFIERS/EXTENSION/OTHER,Container,TAXPAYER_IDENTIFIERS_OTHER_BASE,EXTENSION,OTHER
/BORROWER/EMPLOYERS/EMPLOYER/LEGAL_ENTITY/ALIASES/ALIAS/EXTENSION,Container,ALIAS_EXTENSION,ALIAS,EXTENSION
/BORROWER/EMPLOYERS/EMPLOYER/LEGAL_ENTITY/ALIASES/ALIAS/EXTENSION/MISMO,Container,MISMO_BASE,EXTENSION,MISMO
/BORROWER/EMPLOYERS/EMPLOYER/LEGAL_ENTITY/ALIASES/ALIAS/EXTENSION/OTHER,Container,ALIAS_OTHER_BASE,EXTENSION,OTHER
/BORROWER/EMPLOYERS/EMPLOYER/LEGAL_ENTITY/ALIASES/EXTENSION,Container,ALIASES_EXTENSION,ALIASES,EXTENSION
/BORROWER/EMPLOYERS/EMPLOYER/LEGAL_ENTITY/ALIASES/EXTENSION/MISMO,Container,MISMO_BASE,EXTENSION,MISMO
/BORROWER/EMPLOYERS/EMPLOYER/LEGAL_ENTITY/ALIASES/EXTENSION/OTHER,Container,ALIASES_OTHER_BASE,EXTENSION,OTHER
/BORROWER/EMPLOYERS/EMPLOYER/LEGAL_ENTITY/CONTACTS,Container,CONTACTS,LEGAL_ENTITY,CONTACTS
/BORROWER/EMPLOYERS/EMPLOYER/LEGAL_ENTITY/CONTACTS/CONTACT,Container,CONTACT,CONTACTS,CONTACT
/BORROWER/EMPLOYERS/EMPLOYER/LEGAL_ENTITY/CONTACTS/CONTACT/CONTACT_DETAIL,Container,CONTACT_DETAIL,CONTACT,CONTACT_DETAIL
/BORROWER/EMPLOYERS/EMPLOYER/LEGAL_ENTITY/CONTACTS/CONTACT/CONTACT_DETAIL/AttorneyInFactIndicator,DataPoint,MISMOIndicator,CONTACT_DETAIL,AttorneyInFactIndicator
/BORROWER/EMPLOYERS/EMPLOYER/LEGAL_ENTITY/CONTACTS/CONTACT/CONTACT_DETAIL/ContactPartyIdentifier,DataPoint,MISMOIdentifier,CONTACT_DETAIL,ContactPartyIdentifier
/BORROWER/EMPLOYERS/EMPLOYER/LEGAL_ENTITY/CONTACTS/CONTACT/CONTACT_DETAIL/SignatoryRoleType,Enumeration,SignatoryRoleEnum,CONTACT_DETAIL,SignatoryRoleType
/BORROWER/EMPLOYERS/EMPLOYER/LEGAL_ENTITY/CONTACTS/CONTACT/CONTACT_DETAIL/EXTENSION,Container,CONTACT_DETAIL_EXTENSION,CONTACT_DETAIL,EXTENSION
/BORROWER/EMPLOYERS/EMPLOYER/LEGAL_ENTITY/CONTACTS/CONTACT/CONTACT_DETAIL/EXTENSION/MISMO,Container,MISMO_BASE,EXTENSION,MISMO
/BORROWER/EMPLOYERS/EMPLOYER/LEGAL_ENTITY/CONTACTS/CONTACT/CONTACT_DETAIL/EXTENSION/OTHER,Container,CONTACT_DETAIL_OTHER_BASE,EXTENSION,OTHER
/BORROWER/EMPLOYERS/EMPLOYER/LEGAL_ENTITY/CONTACTS/CONTACT/CONTACT_POINTS,Container,CONTACT_POINTS,CONTACT,CONTACT_POINTS
/BORROWER/EMPLOYERS/EMPLOYER/LEGAL_ENTITY/CONTACTS/CONTACT/CONTACT_POINTS/CONTACT_POINT,Container,CONTACT_POINT,CONTACT_POINTS,CONTACT_POINT
/BORROWER/EMPLOYERS/EMPLOYER/LEGAL_ENTITY/CONTACTS/CONTACT/CONTACT_POINTS/CONTACT_POINT/CONTACT_POINT_EMAIL,Container,CONTACT_POINT_EMAIL,CONTACT_POINT,CONTACT_POINT_EMAIL
/BORROWER/EMPLOYERS/EMPLOYER/LEGAL_ENTITY/CONTACTS/CONTACT/CONTACT_POINTS/CONTACT_POINT/CONTACT_POINT_EMAIL/ContactPointEmailValue,DataPoint,MISMOValue,CONTACT_POINT_EMAIL,ContactPointEmailValue
/BORROWER/EMPLOYERS/EMPLOYER/LEGAL_ENTITY/CONTACTS/CONTACT/CONTACT_POINTS/CONTACT_POINT/CONTACT_POINT_EMAIL/EXTENSION,Container,CONTACT_POINT_EMAIL_EXTENSION,CONTACT_POINT_EMAIL,EXTENSION
/BORROWER/EMPLOYERS/EMPLOYER/LEGAL_ENTITY/CONTACTS/CONTACT/CONTACT_POINTS/CONTACT_POINT/CONTACT_POINT_EMAIL/EXTENSION/MISMO,Container,MISMO_BASE,EXTENSION,MISMO
/BORROWER/EMPLOYERS/EMPLOYER/LEGAL_ENTITY/CONTACTS/CONTACT/CONTACT_POINTS/CONTACT_POINT/CONTACT_POINT_EMAIL/EXTENSION/OTHER,Container,CONTACT_POINT_EMAIL_OTHER_BASE,EXTENSION,OTHER
/BORROWER/EMPLOYERS/EMPLOYER/LEGAL_ENTITY/CONTACTS/CONTACT/CONTACT_POINTS/CONTACT_POINT/CONTACT_POINT_SOCIAL_MEDIA,Container,CONTACT_POINT_SOCIAL_MEDIA,CONTACT_POINT,CONTACT_POINT_SOCIAL_MEDIA
/BORROWER/EMPLOYERS/EMPLOYER/LEGAL_ENTITY/CONTACTS/CONTACT/CONTACT_POINTS/CONTACT_POINT/CONTACT_POINT_SOCIAL_MEDIA/SocialMediaIdentifier,DataPoint,MISMOIdentifier,CONTACT_POINT_SOCIAL_MEDIA,SocialMediaIdentifier
/BORROWER/EMPLOYERS/EMPLOYER/LEGAL_ENTITY/CONTACTS/CONTACT/CONTACT_POINTS/CONTACT_POINT/CONTACT_POINT_SOCIAL_MEDIA/EXTENSION,Container,CONTACT_POINT_SOCIAL_MEDIA_EXTENSION,CONTACT_POINT_SOCIAL_MEDIA,EXTENSION
/BORROWER/EMPLOYERS/EMPLOYER/LEGAL_ENTITY/CONTACTS/CONTACT/CONTACT_POINTS/CONTACT_POINT/CONTACT_POINT_SOCIAL_MEDIA/EXTENSION/MISMO,Container,MISMO_BASE,EXTENSION,MISMO
/BORROWER/EMPLOYERS/EMPLOYER/LEGAL_ENTITY/CONTACTS/CONTACT/CONTACT_POINTS/CONTACT_POINT/CONTACT_POINT_SOCIAL_MEDIA/EXTENSION/OTHER,Container,CONTACT_POINT_SOCIAL_MEDIA_OTHER_BASE,EXTENSION,OTHER
/BORROWER/EMPLOYERS/EMPLOYER/LEGAL_ENTITY/CONTACTS/CONTACT/CONTACT_POINTS/CONTACT_POINT/CONTACT_POINT_TELEPHONE,Container,CONTACT_POINT_TELEPHONE,CONTACT_POINT,CONTACT_POINT_TELEPHONE
/BORROWER/EMPLOYERS/EMPLOYER/LEGAL_ENTITY/CONTACTS/CONTACT/CONTACT_POINTS/CONTACT_POINT/CONTACT_POINT_TELEPHONE/ContactPointFaxExtensionValue,DataPoint,MISMOValue,CONTACT_POINT_TELEPHONE,ContactPointFaxExtensionValue
/BORROWER/EMPLOYERS/EMPLOYER/LEGAL_ENTITY/CONTACTS/CONTACT/CONTACT_POINTS/CONTACT_POINT/CONTACT_POINT_TELEPHONE/ContactPointFaxValue,DataPoint,MISMOValue,CONTACT_POINT_TELEPHONE,ContactPointFaxValue
/BORROWER/EMPLOYERS/EMPLOYER/LEGAL_ENTITY/CONTACTS/CONTACT/CONTACT_POINTS/CONTACT_POINT/CONTACT_POINT_TELEPHONE/ContactPointTelephoneExtensionValue,DataPoint,MISMOValue,CONTACT_POINT_TELEPHONE,ContactPointTelephoneExtensionValue
/BORROWER/EMPLOYERS/EMPLOYER/LEGAL_ENTITY/CONTACTS/CONTACT/CONTACT_POINTS/CONTACT_POINT/CONTACT_POINT_TELEPHONE/ContactPointTelephoneTollFreeIndicator,DataPoint,MISMOIndicator,CONTACT_POINT_TELEPHONE,ContactPointTelephoneTollFreeIndicator
/BORROWER/EMPLOYERS/EMPLOYER/LEGAL_ENTITY/CONTACTS/CONTACT/CONTACT_POINTS/CONTACT_POINT/CONTACT_POINT_TELEPHONE/ContactPointTelephoneValue,DataPoint,MISMOValue,CONTACT_POINT_TELEPHONE,ContactPointTelephoneValue
/BORROWER/EMPLOYERS/EMPLOYER/LEGAL_ENTITY/CONTACTS/CONTACT/CONTACT_POINTS/CONTACT_POINT/CONTACT_POINT_TELEPHONE/TextMessageAcceptanceType,Enumeration,TextMessageAcceptanceEnum,CONTACT_POINT_TELEPHONE,TextMessageAcceptanceType
/BORROWER/EMPLOYERS/EMPLOYER/LEGAL_ENTITY/CONTACTS/CONTACT/CONTACT_POINTS/CONTACT_POINT/CONTACT_POINT_TELEPHONE/EXTENSION,Container,CONTACT_POINT_TELEPHONE_EXTENSION,CONTACT_POINT_TELEPHONE,EXTENSION
/BORROWER/EMPLOYERS/EMPLOYER/LEGAL_ENTITY/CONTACTS/CONTACT/CONTACT_POINTS/CONTACT_POINT/CONTACT_POINT_TELEPHONE/EXTENSION/MISMO,Container,MISMO_BASE,EXTENSION,MISMO
/BORROWER/EMPLOYERS/EMPLOYER/LEGAL_ENTITY/CONTACTS/CONTACT/CONTACT_POINTS/CONTACT_POINT/CONTACT_POINT_TELEPHONE/EXTENSION/OTHER,Container,CONTACT_POINT_TELEPHONE_OTHER_BASE,EXTENSION,OTHER
/BORROWER/EMPLOYERS/EMPLOYER/LEGAL_ENTITY/CONTACTS/CONTACT/CONTACT_POINTS/CONTACT_POINT/OTHER_CONTACT_POINT,Container,OTHER_CONTACT_POINT,CONTACT_POINT,OTHER_CONTACT_POINT
/BORROWER/EMPLOYERS/EMPLOYER/LEGAL_ENTITY/CONTACTS/CONTACT/CONTACT_POINTS/CONTACT_POINT/OTHER_CONTACT_POINT/ContactPointOtherValue,DataPoint,MISMOValue,OTHER_CONTACT_POINT,ContactPointOtherValue
/BORROWER/EMPLOYERS/EMPLOYER/LEGAL_ENTITY/CONTACTS/CONTACT/CONTACT_POINTS/CONTACT_POINT/OTHER_CONTACT_POINT/ContactPointOtherValueDescription,DataPoint,MISMOString,OTHER_CONTACT_POINT,ContactPointOtherValueDescription
/BORROWER/EMPLOYERS/EMPLOYER/LEGAL_ENTITY/CONTACTS/CONTACT/CONTACT_POINTS/CONTACT_POINT/OTHER_CONTACT_POINT/EXTENSION,Container,OTHER_CONTACT_POINT_EXTENSION,OTHER_CONTACT_POINT,EXTENSION
/BORROWER/EMPLOYERS/EMPLOYER/LEGAL_ENTITY/CONTACTS/CONTACT/CONTACT_POINTS/CONTACT_POINT/OTHER_CONTACT_POINT/EXTENSION/MISMO,Container,MISMO_BASE,EXTENSION,MISMO
/BORROWER/EMPLOYERS/EMPLOYER/LEGAL_ENTITY/CONTACTS/CONTACT/CONTACT_POINTS/CONTACT_POINT/OTHER_CONTACT_POINT/EXTENSION/OTHER,Container,OTHER_CONTACT_POINT_OTHER_BASE,EXTENSION,OTHER
/BORROWER/EMPLOYERS/EMPLOYER/LEGAL_ENTITY/CONTACTS/CONTACT/CONTACT_POINTS/CONTACT_POINT/CONTACT_POINT_DETAIL,Container,CONTACT_POINT_DETAIL,CONTACT_POINT,CONTACT_POINT_DETAIL
/BORROWER/EMPLOYERS/EMPLOYER/LEGAL_ENTITY/CONTACTS/CONTACT/CONTACT_POINTS/CONTACT_POINT/CONTACT_POINT_DETAIL/ContactPointPreferenceIndicator,DataPoint,MISMOIndicator,CONTACT_POINT_DETAIL,ContactPointPreferenceIndicator
/BORROWER/EMPLOYERS/EMPLOYER/LEGAL_ENTITY/CONTACTS/CONTACT/CONTACT_POINTS/CONTACT_POINT/CONTACT_POINT_DETAIL/ContactPointTimeZoneType,Enumeration,ContactPointTimeZoneEnum,CONTACT_POINT_DETAIL,ContactPointTimeZoneType
/BORROWER/EMPLOYERS/EMPLOYER/LEGAL_ENTITY/CONTACTS/CONTACT/CONTACT_POINTS/CONTACT_POINT/CONTACT_POINT_DETAIL/ContactPointTimeZoneTypeOtherDescription,DataPoint,MISMOString,CONTACT_POINT_DETAIL,ContactPointTimeZoneTypeOtherDescription
/BORROWER/EMPLOYERS/EMPLOYER/LEGAL_ENTITY/CONTACTS/CONTACT/CONTACT_POINTS/CONTACT_POINT/CONTACT_POINT_DETAIL/NoTelephoneIndicator,DataPoint,MISMOIndicator,CONTACT_POINT_DETAIL,NoTelephoneIndicator
/BORROWER/EMPLOYERS/EMPLOYER/LEGAL_ENTITY/CONTACTS/CONTACT/CONTACT_POINTS/CONTACT_POINT/CONTACT_POINT_DETAIL/PriorContactPointIndicator,DataPoint,MISMOIndicator,CONTACT_POINT_DETAIL,PriorContactPointIndicator
/BORROWER/EMPLOYERS/EMPLOYER/LEGAL_ENTITY/CONTACTS/CONTACT/CONTACT_POINTS/CONTACT_POINT/CONTACT_POINT_DETAIL/RequestNoContactIndicator,DataPoint,MISMOIndicator,CONTACT_POINT_DETAIL,RequestNoContactIndicator
/BORROWER/EMPLOYERS/EMPLOYER/LEGAL_ENTITY/CONTACTS/CONTACT/CONTACT_POINTS/CONTACT_POINT/CONTACT_POINT_DETAIL/EXTENSION,Container,CONTACT_POINT_DETAIL_EXTENSION,CONTACT_POINT_DETAIL,EXTENSION
/BORROWER/EMPLOYERS/EMPLOYER/LEGAL_ENTITY/CONTACTS/CONTACT/CONTACT_POINTS/CONTACT_POINT/CONTACT_POINT_DETAIL/EXTENSION/MISMO,Container,MISMO_BASE,EXTENSION,MISMO
/BORROWER/EMPLOYERS/EMPLOYER/LEGAL_ENTITY/CONTACTS/CONTACT/CONTACT_POINTS/CONTACT_POINT/CONTACT_POINT_DETAIL/EXTENSION/OTHER,Container,CONTACT_POINT_DETAIL_OTHER_BASE,EXTENSION,OTHER
/BORROWER/EMPLOYERS/EMPLOYER/LEGAL_ENTITY/CONTACTS/CONTACT/CONTACT_POINTS/CONTACT_POINT/CONTACT_POINT_ROLES,Container,CONTACT_POINT_ROLES,CONTACT_POINT,CONTACT_POINT_ROLES
/BORROWER/EMPLOYERS/EMPLOYER/LEGAL_ENTITY/CONTACTS/CONTACT/CONTACT_POINTS/CONTACT_POINT/CONTACT_POINT_ROLES/CONTACT_POINT_ROLE,Container,CONTACT_POINT_ROLE,CONTACT_POINT_ROLES,CONTACT_POINT_ROLE
/BORROWER/EMPLOYERS/EMPLOYER/LEGAL_ENTITY/CONTACTS/CONTACT/CONTACT_POINTS/CONTACT_POINT/CONTACT_POINT_ROLES/CONTACT_POINT_ROLE/ContactPointRoleType,Enumeration,ContactPointRoleEnum,CONTACT_POINT_ROLE,ContactPointRoleType
/BORROWER/EMPLOYERS/EMPLOYER/LEGAL_ENTITY/CONTACTS/CONTACT/CONTACT_POINTS/CONTACT_POINT/CONTACT_POINT_ROLES/CONTACT_POINT_ROLE/ContactPointRoleTypeOtherDescription,DataPoint,MISMOString,CONTACT_POINT_ROLE,ContactPointRoleTypeOtherDescription
/BORROWER/EMPLOYERS/EMPLOYER/LEGAL_ENTITY/CONTACTS/CONTACT/CONTACT_POINTS/CONTACT_POINT/CONTACT_POINT_ROLES/CONTACT_POINT_ROLE/EXTENSION,Container,CONTACT_POINT_ROLE_EXTENSION,CONTACT_POINT_ROLE,EXTENSION
/BORROWER/EMPLOYERS/EMPLOYER/LEGAL_ENTITY/CONTACTS/CONTACT/CONTACT_POINTS/CONTACT_POINT/CONTACT_POINT_ROLES/CONTACT_POINT_ROLE/EXTENSION/MISMO,Container,MISMO_BASE,EXTENSION,MISMO
/BORROWER/EMPLOYERS/EMPLOYER/LEGAL_ENTITY/CONTACTS/CONTACT/CONTACT_POINTS/CONTACT_POINT/CONTACT_POINT_ROLES/CONTACT_POINT_ROLE/EXTENSION/OTHER,Container,CONTACT_POINT_ROLE_OTHER_BASE,EXTENSION,OTHER
/BORROWER/EMPLOYERS/EMPLOYER/LEGAL_ENTITY/CONTACTS/CONTACT/CONTACT_POINTS/CONTACT_POINT/CONTACT_POINT_ROLES/EXTENSION,Container,CONTACT_POINT_ROLES_EXTENSION,CONTACT_POINT_ROLES,EXTENSION
/BORROWER/EMPLOYERS/EMPLOYER/LEGAL_ENTITY/CONTACTS/CONTACT/CONTACT_POINTS/CONTACT_POINT/CONTACT_POINT_ROLES/EXTENSION/MISMO,Container,MISMO_BASE,EXTENSION,MISMO
/BORROWER/EMPLOYERS/EMPLOYER/LEGAL_ENTITY/CONTACTS/CONTACT/CONTACT_POINTS/CONTACT_POINT/CONTACT_POINT_ROLES/EXTENSION/OTHER,Container,CONTACT_POINT_ROLES_OTHER_BASE,EXTENSION,OTHER
/BORROWER/EMPLOYERS/EMPLOYER/LEGAL_ENTITY/CONTACTS/CONTACT/CONTACT_POINTS/CONTACT_POINT/CONTACT_POINT_TIME_PREFERENCES,Container,CONTACT_POINT_TIME_PREFERENCES,CONTACT_POINT,CONTACT_POINT_TIME_PREFERENCES
/BORROWER/EMPLOYERS/EMPLOYER/LEGAL_ENTITY/CONTACTS/CONTACT/CONTACT_POINTS/CONTACT_POINT/CONTACT_POINT_TIME_PREFERENCES/CONTACT_POINT_TIME_PREFERENCE,Container,CONTACT_POINT_TIME_PREFERENCE,CONTACT_POINT_TIME_PREFERENCES,CONTACT_POINT_TIME_PREFERENCE
/BORROWER/EMPLOYERS/EMPLOYER/LEGAL_ENTITY/CONTACTS/CONTACT/CONTACT_POINTS/CONTACT_POINT/CONTACT_POINT_TIME_PREFERENCES/CONTACT_POINT_TIME_PREFERENCE/ContactPointDayPreferenceType,Enumeration,ContactPointDayPreferenceEnum,CONTACT_POINT_TIME_PREFERENCE,ContactPointDayPreferenceType
/BORROWER/EMPLOYERS/EMPLOYER/LEGAL_ENTITY/CONTACTS/CONTACT/CONTACT_POINTS/CONTACT_POINT/CONTACT_POINT_TIME_PREFERENCES/CONTACT_POINT_TIME_PREFERENCE/ContactPointDayPreferenceTypeOtherDescription,DataPoint,MISMOString,CONTACT_POINT_TIME_PREFERENCE,ContactPointDayPreferenceTypeOtherDescription
/BORROWER/EMPLOYERS/EMPLOYER/LEGAL_ENTITY/CONTACTS/CONTACT/CONTACT_POINTS/CONTACT_POINT/CONTACT_POINT_TIME_PREFERENCES/CONTACT_POINT_TIME_PREFERENCE/ContactPointNoContactEndingDate,DataPoint,MISMODate,CONTACT_POINT_TIME_PREFERENCE,ContactPointNoContactEndingDate
/BORROWER/EMPLOYERS/EMPLOYER/LEGAL_ENTITY/CONTACTS/CONTACT/CONTACT_POINTS/CONTACT_POINT/CONTACT_POINT_TIME_PREFERENCES/CONTACT_POINT_TIME_PREFERENCE/ContactPointNoContactStartingDate,DataPoint,MISMODate,CONTACT_POINT_TIME_PREFERENCE,ContactPointNoContactStartingDate
/BORROWER/EMPLOYERS/EMPLOYER/LEGAL_ENTITY/CONTACTS/CONTACT/CONTACT_POINTS/CONTACT_POINT/CONTACT_POINT_TIME_PREFERENCES/CONTACT_POINT_TIME_PREFERENCE/ContactPointPreferenceEndTime,DataPoint,MISMOTime,CONTACT_POINT_TIME_PREFERENCE,ContactPointPreferenceEndTime
/BORROWER/EMPLOYERS/EMPLOYER/LEGAL_ENTITY/CONTACTS/CONTACT/CONTACT_POINTS/CONTACT_POINT/CONTACT_POINT_TIME_PREFERENCES/CONTACT_POINT_TIME_PREFERENCE/ContactPointPreferenceStartTime,DataPoint,MISMOTime,CONTACT_POINT_TIME_PREFERENCE,ContactPointPreferenceStartTime
/BORROWER/EMPLOYERS/EMPLOYER/LEGAL_ENTITY/CONTACTS/CONTACT/CONTACT_POINTS/CONTACT_POINT/CONTACT_POINT_TIME_PREFERENCES/CONTACT_POINT_TIME_PREFERENCE/ContactPointRequestNoContactIndicator,DataPoint,MISMOIndicator,CONTACT_POINT_TIME_PREFERENCE,ContactPointRequestNoContactIndicator
/BORROWER/EMPLOYERS/EMPLOYER/LEGAL_ENTITY/CONTACTS/CONTACT/CONTACT_POINTS/CONTACT_POINT/CONTACT_POINT_TIME_PREFERENCES/CONTACT_POINT_TIME_PREFERENCE/ContactPointTimePreferenceNoticeDatetime,DataPoint,MISMODatetime,CONTACT_POINT_TIME_PREFERENCE,ContactPointTimePreferenceNoticeDatetime
/BORROWER/EMPLOYERS/EMPLOYER/LEGAL_ENTITY/CONTACTS/CONTACT/CONTACT_POINTS/CONTACT_POINT/CONTACT_POINT_TIME_PREFERENCES/CONTACT_POINT_TIME_PREFERENCE/ContactPointTimePreferenceSourceType,Enumeration,ContactPointTimePreferenceSourceEnum,CONTACT_POINT_TIME_PREFERENCE,ContactPointTimePreferenceSourceType
/BORROWER/EMPLOYERS/EMPLOYER/LEGAL_ENTITY/CONTACTS/CONTACT/CONTACT_POINTS/CONTACT_POINT/CONTACT_POINT_TIME_PREFERENCES/CONTACT_POINT_TIME_PREFERENCE/ContactPointTimePreferenceSourceTypeAdditionalDescription,DataPoint,MISMOString,CONTACT_POINT_TIME_PREFERENCE,ContactPointTimePreferenceSourceTypeAdditionalDescription
/BORROWER/EMPLOYERS/EMPLOYER/LEGAL_ENTITY/CONTACTS/CONTACT/CONTACT_POINTS/CONTACT_POINT/CONTACT_POINT_TIME_PREFERENCES/CONTACT_POINT_TIME_PREFERENCE/ContactPointTimePreferenceSourceTypeOtherDescription,DataPoint,MISMOString,CONTACT_POINT_TIME_PREFERENCE,ContactPointTimePreferenceSourceTypeOtherDescription
/BORROWER/EMPLOYERS/EMPLOYER/LEGAL_ENTITY/CONTACTS/CONTACT/CONTACT_POINTS/CONTACT_POINT/CONTACT_POINT_TIME_PREFERENCES/CONTACT_POINT_TIME_PREFERENCE/ContactPointTimeZoneType,Enumeration,ContactPointTimeZoneEnum,CONTACT_POINT_TIME_PREFERENCE,ContactPointTimeZoneType
/BORROWER/EMPLOYERS/EMPLOYER/LEGAL_ENTITY/CONTACTS/CONTACT/CONTACT_POINTS/CONTACT_POINT/CONTACT_POINT_TIME_PREFERENCES/CONTACT_POINT_TIME_PREFERENCE/ContactPointTimeZoneTypeOtherDescription,DataPoint,MISMOString,CONTACT_POINT_TIME_PREFERENCE,ContactPointTimeZoneTypeOtherDescription
/BORROWER/EMPLOYERS/EMPLOYER/LEGAL_ENTITY/CONTACTS/CONTACT/CONTACT_POINTS/CONTACT_POINT/CONTACT_POINT_TIME_PREFERENCES/CONTACT_POINT_TIME_PREFERENCE/EXTENSION,Container,CONTACT_POINT_TIME_PREFERENCE_EXTENSION,CONTACT_POINT_TIME_PREFERENCE,EXTENSION
/BORROWER/EMPLOYERS/EMPLOYER/LEGAL_ENTITY/CONTACTS/CONTACT/CONTACT_POINTS/CONTACT_POINT/CONTACT_POINT_TIME_PREFERENCES/CONTACT_POINT_TIME_PREFERENCE/EXTENSION/MISMO,Container,MISMO_BASE,EXTENSION,MISMO
/BORROWER/EMPLOYERS/EMPLOYER/LEGAL_ENTITY/CONTACTS/CONTACT/CONTACT_POINTS/CONTACT_POINT/CONTACT_POINT_TIME_PREFERENCES/CONTACT_POINT_TIME_PREFERENCE/EXTENSION/OTHER,Container,CONTACT_POINT_TIME_PREFERENCE_OTHER_BASE,EXTENSION,OTHER
/BORROWER/EMPLOYERS/EMPLOYER/LEGAL_ENTITY/CONTACTS/CONTACT/CONTACT_POINTS/CONTACT_POINT/CONTACT_POINT_TIME_PREFERENCES/EXTENSION,Container,CONTACT_POINT_TIME_PREFERENCES_EXTENSION,CONTACT_POINT_TIME_PREFERENCES,EXTENSION
/BORROWER/EMPLOYERS/EMPLOYER/LEGAL_ENTITY/CONTACTS/CONTACT/CONTACT_POINTS/CONTACT_POINT/CONTACT_POINT_TIME_PREFERENCES/EXTENSION/MISMO,Container,MISMO_BASE,EXTENSION,MISMO
/BORROWER/EMPLOYERS/EMPLOYER/LEGAL_ENTITY/CONTACTS/CONTACT/CONTACT_POINTS/CONTACT_POINT/CONTACT_POINT_TIME_PREFERENCES/EXTENSION/OTHER,Container,CONTACT_POINT_TIME_PREFERENCES_OTHER_BASE,EXTENSION,OTHER
/BORROWER/EMPLOYERS/EMPLOYER/LEGAL_ENTITY/CONTACTS/CONTACT/CONTACT_POINTS/CONTACT_POINT/EXTENSION,Container,CONTACT_POINT_EXTENSION,CONTACT_POINT,EXTENSION
/BORROWER/EMPLOYERS/EMPLOYER/LEGAL_ENTITY/CONTACTS/CONTACT/CONTACT_POINTS/CONTACT_POINT/EXTENSION/MISMO,Container,MISMO_BASE,EXTENSION,MISMO
/BORROWER/EMPLOYERS/EMPLOYER/LEGAL_ENTITY/CONTACTS/CONTACT/CONTACT_POINTS/CONTACT_POINT/EXTENSION/OTHER,Container,CONTACT_POINT_OTHER_BASE,EXTENSION,OTHER
/BORROWER/EMPLOYERS/EMPLOYER/LEGAL_ENTITY/CONTACTS/CONTACT/CONTACT_POINTS/EXTENSION,Container,CONTACT_POINTS_EXTENSION,CONTACT_POINTS,EXTENSION
/BORROWER/EMPLOYERS/EMPLOYER/LEGAL_ENTITY/CONTACTS/CONTACT/CONTACT_POINTS/EXTENSION/MISMO,Container,MISMO_BASE,EXTENSION,MISMO
/BORROWER/EMPLOYERS/EMPLOYER/LEGAL_ENTITY/CONTACTS/CONTACT/CONTACT_POINTS/EXTENSION/OTHER,Container,CONTACT_POINTS_OTHER_BASE,EXTENSION,OTHER
/BORROWER/EMPLOYERS/EMPLOYER/LEGAL_ENTITY/CONTACTS/CONTACT/IDENTIFICATION_VERIFICATION,Container,IDENTIFICATION_VERIFICATION,CONTACT,IDENTIFICATION_VERIFICATION
/BORROWER/EMPLOYERS/EMPLOYER/LEGAL_ENTITY/CONTACTS/CONTACT/IDENTIFICATION_VERIFICATION/BIRTH_INFORMATION,Container,BIRTH_INFORMATION,IDENTIFICATION_VERIFICATION,BIRTH_INFORMATION
/BORROWER/EMPLOYERS/EMPLOYER/LEGAL_ENTITY/CONTACTS/CONTACT/IDENTIFICATION_VERIFICATION/BIRTH_INFORMATION/BirthDate,DataPoint,MISMODate,BIRTH_INFORMATION,BirthDate
/BORROWER/EMPLOYERS/EMPLOYER/LEGAL_ENTITY/CONTACTS/CONTACT/IDENTIFICATION_VERIFICATION/BIRTH_INFORMATION/CityTownVillageOfBirthName,DataPoint,MISMOString,BIRTH_INFORMATION,CityTownVillageOfBirthName
/BORROWER/EMPLOYERS/EMPLOYER/LEGAL_ENTITY/CONTACTS/CONTACT/IDENTIFICATION_VERIFICATION/BIRTH_INFORMATION/CountryOfBirthName,DataPoint,MISMOString,BIRTH_INFORMATION,CountryOfBirthName
/BORROWER/EMPLOYERS/EMPLOYER/LEGAL_ENTITY/CONTACTS/CONTACT/IDENTIFICATION_VERIFICATION/BIRTH_INFORMATION/MothersMaidenName,DataPoint,MISMOString,BIRTH_INFORMATION,MothersMaidenName
/BORROWER/EMPLOYERS/EMPLOYER/LEGAL_ENTITY/CONTACTS/CONTACT/IDENTIFICATION_VERIFICATION/BIRTH_INFORMATION/StateProvinceOfBirthName,DataPoint,MISMOString,BIRTH_INFORMATION,StateProvinceOfBirthName
/BORROWER/EMPLOYERS/EMPLOYER/LEGAL_ENTITY/CONTACTS/CONTACT/IDENTIFICATION_VERIFICATION/BIRTH_INFORMATION/EXTENSION,Container,BIRTH_INFORMATION_EXTENSION,BIRTH_INFORMATION,EXTENSION
/BORROWER/EMPLOYERS/EMPLOYER/LEGAL_ENTITY/CONTACTS/CONTACT/IDENTIFICATION_VERIFICATION/BIRTH_INFORMATION/EXTENSION/MISMO,Container,MISMO_BASE,EXTENSION,MISMO
/BORROWER/EMPLOYERS/EMPLOYER/LEGAL_ENTITY/CONTACTS/CONTACT/IDENTIFICATION_VERIFICATION/BIRTH_INFORMATION/EXTENSION/OTHER,Container,BIRTH_INFORMATION_OTHER_BASE,EXTENSION,OTHER
/BORROWER/EMPLOYERS/EMPLOYER/LEGAL_ENTITY/CONTACTS/CONTACT/IDENTIFICATION_VERIFICATION/IDENTIFICATION_VERIFICATION_DETAIL,Container,IDENTIFICATION_VERIFICATION_DETAIL,IDENTIFICATION_VERIFICATION,IDENTIFICATION_VERIFICATION_DETAIL
/BORROWER/EMPLOYERS/EMPLOYER/LEGAL_ENTITY/CONTACTS/CONTACT/IDENTIFICATION_VERIFICATION/IDENTIFICATION_VERIFICATION_DETAIL/CountryOfCitizenshipName,DataPoint,MISMOString,IDENTIFICATION_VERIFICATION_DETAIL,CountryOfCitizenshipName
/BORROWER/EMPLOYERS/EMPLOYER/LEGAL_ENTITY/CONTACTS/CONTACT/IDENTIFICATION_VERIFICATION/IDENTIFICATION_VERIFICATION_DETAIL/NotaryCertificateSignerIdentificationType,Enumeration,NotaryCertificateSignerIdentificationEnum,IDENTIFICATION_VERIFICATION_DETAIL,NotaryCertificateSignerIdentificationType
/BORROWER/EMPLOYERS/EMPLOYER/LEGAL_ENTITY/CONTACTS/CONTACT/IDENTIFICATION_VERIFICATION/IDENTIFICATION_VERIFICATION_DETAIL/SSNAssociationsCount,DataPoint,MISMOCount,IDENTIFICATION_VERIFICATION_DETAIL,SSNAssociationsCount
/BORROWER/EMPLOYERS/EMPLOYER/LEGAL_ENTITY/CONTACTS/CONTACT/IDENTIFICATION_VERIFICATION/IDENTIFICATION_VERIFICATION_DETAIL/EXTENSION,Container,IDENTIFICATION_VERIFICATION_DETAIL_EXTENSION,IDENTIFICATION_VERIFICATION_DETAIL,EXTENSION
/BORROWER/EMPLOYERS/EMPLOYER/LEGAL_ENTITY/CONTACTS/CONTACT/IDENTIFICATION_VERIFICATION/IDENTIFICATION_VERIFICATION_DETAIL/EXTENSION/MISMO,Container,MISMO_BASE,EXTENSION,MISMO
/BORROWER/EMPLOYERS/EMPLOYER/LEGAL_ENTITY/CONTACTS/CONTACT/IDENTIFICATION_VERIFICATION/IDENTIFICATION_VERIFICATION_DETAIL/EXTENSION/OTHER,Container,IDENTIFICATION_VERIFICATION_DETAIL_OTHER_BASE,EXTENSION,OTHER
/BORROWER/EMPLOYERS/EMPLOYER/LEGAL_ENTITY/CONTACTS/CONTACT/IDENTIFICATION_VERIFICATION/IDENTITY_DOCUMENTATIONS,Container,IDENTITY_DOCUMENTATIONS,IDENTIFICATION_VERIFICATION,IDENTITY_DOCUMENTATIONS
/BORROWER/EMPLOYERS/EMPLOYER/LEGAL_ENTITY/CONTACTS/CONTACT/IDENTIFICATION_VERIFICATION/IDENTITY_DOCUMENTATIONS/IDENTITY_DOCUMENTATION,Container,IDENTITY_DOCUMENTATION,IDENTITY_DOCUMENTATIONS,IDENTITY_DOCUMENTATION
/BORROWER/EMPLOYERS/EMPLOYER/LEGAL_ENTITY/CONTACTS/CONTACT/IDENTIFICATION_VERIFICATION/IDENTITY_DOCUMENTATIONS/IDENTITY_DOCUMENTATION/IdentityDocumentExpirationDate,DataPoint,MISMODate,IDENTITY_DOCUMENTATION,IdentityDocumentExpirationDate
/BORROWER/EMPLOYERS/EMPLOYER/LEGAL_ENTITY/CONTACTS/CONTACT/IDENTIFICATION_VERIFICATION/IDENTITY_DOCUMENTATIONS/IDENTITY_DOCUMENTATION/IdentityDocumentIdentifier,DataPoint,MISMOIdentifier,IDENTITY_DOCUMENTATION,IdentityDocumentIdentifier
/BORROWER/EMPLOYERS/EMPLOYER/LEGAL_ENTITY/CONTACTS/CONTACT/IDENTIFICATION_VERIFICATION/IDENTITY_DOCUMENTATIONS/IDENTITY_DOCUMENTATION/IdentityDocumentIssuedByCountryName,DataPoint,MISMOString,IDENTITY_DOCUMENTATION,IdentityDocumentIssuedByCountryName
/BORROWER/EMPLOYERS/EMPLOYER/LEGAL_ENTITY/CONTACTS/CONTACT/IDENTIFICATION_VERIFICATION/IDENTITY_DOCUMENTATIONS/IDENTITY_DOCUMENTATION/IdentityDocumentIssuedByName,DataPoint,MISMOString,IDENTITY_DOCUMENTATION,IdentityDocumentIssuedByName
/BORROWER/EMPLOYERS/EMPLOYER/LEGAL_ENTITY/CONTACTS/CONTACT/IDENTIFICATION_VERIFICATION/IDENTITY_DOCUMENTATIONS/IDENTITY_DOCUMENTATION/IdentityDocumentIssuedByStateCode,DataPoint,MISMOCode,IDENTITY_DOCUMENTATION,IdentityDocumentIssuedByStateCode
/BORROWER/EMPLOYERS/EMPLOYER/LEGAL_ENTITY/CONTACTS/CONTACT/IDENTIFICATION_VERIFICATION/IDENTITY_DOCUMENTATIONS/IDENTITY_DOCUMENTATION/IdentityDocumentIssuedByStateProvinceName,DataPoint,MISMOString,IDENTITY_DOCUMENTATION,IdentityDocumentIssuedByStateProvinceName
/BORROWER/EMPLOYERS/EMPLOYER/LEGAL_ENTITY/CONTACTS/CONTACT/IDENTIFICATION_VERIFICATION/IDENTITY_DOCUMENTATIONS/IDENTITY_DOCUMENTATION/IdentityDocumentIssuedByType,Enumeration,IdentityDocumentIssuedByEnum,IDENTITY_DOCUMENTATION,IdentityDocumentIssuedByType
/BORROWER/EMPLOYERS/EMPLOYER/LEGAL_ENTITY/CONTACTS/CONTACT/IDENTIFICATION_VERIFICATION/IDENTITY_DOCUMENTATIONS/IDENTITY_DOCUMENTATION/IdentityDocumentIssuedByTypeOtherDescription,DataPoint,MISMOString,IDENTITY_DOCUMENTATION,IdentityDocumentIssuedByTypeOtherDescription
/BORROWER/EMPLOYERS/EMPLOYER/LEGAL_ENTITY/CONTACTS/CONTACT/IDENTIFICATION_VERIFICATION/IDENTITY_DOCUMENTATIONS/IDENTITY_DOCUMENTATION/IdentityDocumentIssuedDate,DataPoint,MISMODate,IDENTITY_DOCUMENTATION,IdentityDocumentIssuedDate
/BORROWER/EMPLOYERS/EMPLOYER/LEGAL_ENTITY/CONTACTS/CONTACT/IDENTIFICATION_VERIFICATION/IDENTITY_DOCUMENTATIONS/IDENTITY_DOCUMENTATION/IdentityDocumentType,Enumeration,IdentityDocumentEnum,IDENTITY_DOCUMENTATION,IdentityDocumentType
/BORROWER/EMPLOYERS/EMPLOYER/LEGAL_ENTITY/CONTACTS/CONTACT/IDENTIFICATION_VERIFICATION/IDENTITY_DOCUMENTATIONS/IDENTITY_DOCUMENTATION/IdentityDocumentTypeOtherDescription,DataPoint,MISMOString,IDENTITY_DOCUMENTATION,IdentityDocumentTypeOtherDescription
/BORROWER/EMPLOYERS/EMPLOYER/LEGAL_ENTITY/CONTACTS/CONTACT/IDENTIFICATION_VERIFICATION/IDENTITY_DOCUMENTATIONS/IDENTITY_DOCUMENTATION/EXTENSION,Container,IDENTITY_DOCUMENTATION_EXTENSION,IDENTITY_DOCUMENTATION,EXTENSION
/BORROWER/EMPLOYERS/EMPLOYER/LEGAL_ENTITY/CONTACTS/CONTACT/IDENTIFICATION_VERIFICATION/IDENTITY_DOCUMENTATIONS/IDENTITY_DOCUMENTATION/EXTENSION/MISMO,Container,MISMO_BASE,EXTENSION,MISMO
/BORROWER/EMPLOYERS/EMPLOYER/LEGAL_ENTITY/CONTACTS/CONTACT/IDENTIFICATION_VERIFICATION/IDENTITY_DOCUMENTATIONS/IDENTITY_DOCUMENTATION/EXTENSION/OTHER,Container,IDENTITY_DOCUMENTATION_OTHER_BASE,EXTENSION,OTHER
/BORROWER/EMPLOYERS/EMPLOYER/LEGAL_ENTITY/CONTACTS/CONTACT/IDENTIFICATION_VERIFICATION/IDENTITY_DOCUMENTATIONS/EXTENSION,Container,IDENTITY_DOCUMENTATIONS_EXTENSION,IDENTITY_DOCUMENTATIONS,EXTENSION
/BORROWER/EMPLOYERS/EMPLOYER/LEGAL_ENTITY/CONTACTS/CONTACT/IDENTIFICATION_VERIFICATION/IDENTITY_DOCUMENTATIONS/EXTENSION/MISMO,Container,MISMO_BASE,EXTENSION,MISMO
/BORROWER/EMPLOYERS/EMPLOYER/LEGAL_ENTITY/CONTACTS/CONTACT/IDENTIFICATION_VERIFICATION/IDENTITY_DOCUMENTATIONS/EXTENSION/OTHER,Container,IDENTITY_DOCUMENTATIONS_OTHER_BASE,EXTENSION,OTHER
/BORROWER/EMPLOYERS/EMPLOYER/LEGAL_ENTITY/CONTACTS/CONTACT/IDENTIFICATION_VERIFICATION/SHARED_SECRETS,Container,SHARED_SECRETS,IDENTIFICATION_VERIFICATION,SHARED_SECRETS
/BORROWER/EMPLOYERS/EMPLOYER/LEGAL_ENTITY/CONTACTS/CONTACT/IDENTIFICATION_VERIFICATION/SHARED_SECRETS/SHARED_SECRET,Container,SHARED_SECRET,SHARED_SECRETS,SHARED_SECRET
/BORROWER/EMPLOYERS/EMPLOYER/LEGAL_ENTITY/CONTACTS/CONTACT/IDENTIFICATION_VERIFICATION/SHARED_SECRETS/SHARED_SECRET/SharedSecretPromptText,DataPoint,MISMOString,SHARED_SECRET,SharedSecretPromptText
/BORROWER/EMPLOYERS/EMPLOYER/LEGAL_ENTITY/CONTACTS/CONTACT/IDENTIFICATION_VERIFICATION/SHARED_SECRETS/SHARED_SECRET/SharedSecretResponseText,DataPoint,MISMOString,SHARED_SECRET,SharedSecretResponseText
/BORROWER/EMPLOYERS/EMPLOYER/LEGAL_ENTITY/CONTACTS/CONTACT/IDENTIFICATION_VERIFICATION/SHARED_SECRETS/SHARED_SECRET/EXTENSION,Container,SHARED_SECRET_EXTENSION,SHARED_SECRET,EXTENSION
/BORROWER/EMPLOYERS/EMPLOYER/LEGAL_ENTITY/CONTACTS/CONTACT/IDENTIFICATION_VERIFICATION/SHARED_SECRETS/SHARED_SECRET/EXTENSION/MISMO,Container,MISMO_BASE,EXTENSION,MISMO
/BORROWER/EMPLOYERS/EMPLOYER/LEGAL_ENTITY/CONTACTS/CONTACT/IDENTIFICATION_VERIFICATION/SHARED_SECRETS/SHARED_SECRET/EXTENSION/OTHER,Container,SHARED_SECRET_OTHER_BASE,EXTENSION,OTHER
/BORROWER/EMPLOYERS/EMPLOYER/LEGAL_ENTITY/CONTACTS/CONTACT/IDENTIFICATION_VERIFICATION/SHARED_SECRETS/EXTENSION,Container,SHARED_SECRETS_EXTENSION,SHARED_SECRETS,EXTENSION
/BORROWER/EMPLOYERS/EMPLOYER/LEGAL_ENTITY/CONTACTS/CONTACT/IDENTIFICATION_VERIFICATION/SHARED_SECRETS/EXTENSION/MISMO,Container,MISMO_BASE,EXTENSION,MISMO
/BORROWER/EMPLOYERS/EMPLOYER/LEGAL_ENTITY/CONTACTS/CONTACT/IDENTIFICATION_VERIFICATION/SHARED_SECRETS/EXTENSION/OTHER,Container,SHARED_SECRETS_OTHER_BASE,EXTENSION,OTHER
/BORROWER/EMPLOYERS/EMPLOYER/LEGAL_ENTITY/CONTACTS/CONTACT/IDENTIFICATION_VERIFICATION/SPOUSE_INFORMATION,Container,SPOUSE_INFORMATION,IDENTIFICATION_VERIFICATION,SPOUSE_INFORMATION
/BORROWER/EMPLOYERS/EMPLOYER/LEGAL_ENTITY/CONTACTS/CONTACT/IDENTIFICATION_VERIFICATION/SPOUSE_INFORMATION/NAME,Container,NAME,SPOUSE_INFORMATION,NAME
/BORROWER/EMPLOYERS/EMPLOYER/LEGAL_ENTITY/CONTACTS/CONTACT/IDENTIFICATION_VERIFICATION/SPOUSE_INFORMATION/NAME/EducationalAchievementsDescription,DataPoint,MISMOString,NAME,EducationalAchievementsDescription
/BORROWER/EMPLOYERS/EMPLOYER/LEGAL_ENTITY/CONTACTS/CONTACT/IDENTIFICATION_VERIFICATION/SPOUSE_INFORMATION/NAME/FirstName,DataPoint,MISMOString,NAME,FirstName
/BORROWER/EMPLOYERS/EMPLOYER/LEGAL_ENTITY/CONTACTS/CONTACT/IDENTIFICATION_VERIFICATION/SPOUSE_INFORMATION/NAME/FullName,DataPoint,MISMOString,NAME,FullName
/BORROWER/EMPLOYERS/EMPLOYER/LEGAL_ENTITY/CONTACTS/CONTACT/IDENTIFICATION_VERIFICATION/SPOUSE_INFORMATION/NAME/FunctionalTitleDescription,DataPoint,MISMOString,NAME,FunctionalTitleDescription
/BORROWER/EMPLOYERS/EMPLOYER/LEGAL_ENTITY/CONTACTS/CONTACT/IDENTIFICATION_VERIFICATION/SPOUSE_INFORMATION/NAME/IndividualTitleDescription,DataPoint,MISMOString,NAME,IndividualTitleDescription
/BORROWER/EMPLOYERS/EMPLOYER/LEGAL_ENTITY/CONTACTS/CONTACT/IDENTIFICATION_VERIFICATION/SPOUSE_INFORMATION/NAME/LastName,DataPoint,MISMOString,NAME,LastName
/BORROWER/EMPLOYERS/EMPLOYER/LEGAL_ENTITY/CONTACTS/CONTACT/IDENTIFICATION_VERIFICATION/SPOUSE_INFORMATION/NAME/MiddleName,DataPoint,MISMOString,NAME,MiddleName
/BORROWER/EMPLOYERS/EMPLOYER/LEGAL_ENTITY/CONTACTS/CONTACT/IDENTIFICATION_VERIFICATION/SPOUSE_INFORMATION/NAME/PrefixName,DataPoint,MISMOString,NAME,PrefixName
/BORROWER/EMPLOYERS/EMPLOYER/LEGAL_ENTITY/CONTACTS/CONTACT/IDENTIFICATION_VERIFICATION/SPOUSE_INFORMATION/NAME/SuffixName,DataPoint,MISMOString,NAME,SuffixName
/BORROWER/EMPLOYERS/EMPLOYER/LEGAL_ENTITY/CONTACTS/CONTACT/IDENTIFICATION_VERIFICATION/SPOUSE_INFORMATION/NAME/EXTENSION,Container,NAME_EXTENSION,NAME,EXTENSION
/BORROWER/EMPLOYERS/EMPLOYER/LEGAL_ENTITY/CONTACTS/CONTACT/IDENTIFICATION_VERIFICATION/SPOUSE_INFORMATION/NAME/EXTENSION/MISMO,Container,MISMO_BASE,EXTENSION,MISMO
/BORROWER/EMPLOYERS/EMPLOYER/LEGAL_ENTITY/CONTACTS/CONTACT/IDENTIFICATION_VERIFICATION/SPOUSE_INFORMATION/NAME/EXTENSION/OTHER,Container,NAME_OTHER_BASE,EXTENSION,OTHER
/BORROWER/EMPLOYERS/EMPLOYER/LEGAL_ENTITY/CONTACTS/CONTACT/IDENTIFICATION_VERIFICATION/SPOUSE_INFORMATION/EXTENSION,Container,SPOUSE_INFORMATION_EXTENSION,SPOUSE_INFORMATION,EXTENSION
/BORROWER/EMPLOYERS/EMPLOYER/LEGAL_ENTITY/CONTACTS/CONTACT/IDENTIFICATION_VERIFICATION/SPOUSE_INFORMATION/EXTENSION/MISMO,Container,MISMO_BASE,EXTENSION,MISMO
/BORROWER/EMPLOYERS/EMPLOYER/LEGAL_ENTITY/CONTACTS/CONTACT/IDENTIFICATION_VERIFICATION/SPOUSE_INFORMATION/EXTENSION/OTHER,Container,SPOUSE_INFORMATION_OTHER_BASE,EXTENSION,OTHER
/BORROWER/EMPLOYERS/EMPLOYER/LEGAL_ENTITY/CONTACTS/CONTACT/IDENTIFICATION_VERIFICATION/EXTENSION,Container,IDENTIFICATION_VERIFICATION_EXTENSION,IDENTIFICATION_VERIFICATION,EXTENSION
/BORROWER/EMPLOYERS/EMPLOYER/LEGAL_ENTITY/CONTACTS/CONTACT/IDENTIFICATION_VERIFICATION/EXTENSION/MISMO,Container,MISMO_BASE,EXTENSION,MISMO
/BORROWER/EMPLOYERS/EMPLOYER/LEGAL_ENTITY/CONTACTS/CONTACT/IDENTIFICATION_VERIFICATION/EXTENSION/OTHER,Container,IDENTIFICATION_VERIFICATION_OTHER_BASE,EXTENSION,OTHER
/BORROWER/EMPLOYERS/EMPLOYER/LEGAL_ENTITY/CONTACTS/CONTACT/NAME,Container,NAME,CONTACT,NAME
/BORROWER/EMPLOYERS/EMPLOYER/LEGAL_ENTITY/CONTACTS/CONTACT/NAME/EducationalAchievementsDescription,DataPoint,MISMOString,NAME,EducationalAchievementsDescription
/BORROWER/EMPLOYERS/EMPLOYER/LEGAL_ENTITY/CONTACTS/CONTACT/NAME/FirstName,DataPoint,MISMOString,NAME,FirstName
/BORROWER/EMPLOYERS/EMPLOYER/LEGAL_ENTITY/CONTACTS/CONTACT/NAME/FullName,DataPoint,MISMOString,NAME,FullName
/BORROWER/EMPLOYERS/EMPLOYER/LEGAL_ENTITY/CONTACTS/CONTACT/NAME/FunctionalTitleDescription,DataPoint,MISMOString,NAME,FunctionalTitleDescription
/BORROWER/EMPLOYERS/EMPLOYER/LEGAL_ENTITY/CONTACTS/CONTACT/NAME/IndividualTitleDescription,DataPoint,MISMOString,NAME,IndividualTitleDescription
/BORROWER/EMPLOYERS/EMPLOYER/LEGAL_ENTITY/CONTACTS/CONTACT/NAME/LastName,DataPoint,MISMOString,NAME,LastName
/BORROWER/EMPLOYERS/EMPLOYER/LEGAL_ENTITY/CONTACTS/CONTACT/NAME/MiddleName,DataPoint,MISMOString,NAME,MiddleName
/BORROWER/EMPLOYERS/EMPLOYER/LEGAL_ENTITY/CONTACTS/CONTACT/NAME/PrefixName,DataPoint,MISMOString,NAME,PrefixName
/BORROWER/EMPLOYERS/EMPLOYER/LEGAL_ENTITY/CONTACTS/CONTACT/NAME/SuffixName,DataPoint,MISMOString,NAME,SuffixName
/BORROWER/EMPLOYERS/EMPLOYER/LEGAL_ENTITY/CONTACTS/CONTACT/NAME/EXTENSION,Container,NAME_EXTENSION,NAME,EXTENSION
/BORROWER/EMPLOYERS/EMPLOYER/LEGAL_ENTITY/CONTACTS/CONTACT/NAME/EXTENSION/MISMO,Container,MISMO_BASE,EXTENSION,MISMO
/BORROWER/EMPLOYERS/EMPLOYER/LEGAL_ENTITY/CONTACTS/CONTACT/NAME/EXTENSION/OTHER,Container,NAME_OTHER_BASE,EXTENSION,OTHER
/BORROWER/EMPLOYERS/EMPLOYER/LEGAL_ENTITY/CONTACTS/CONTACT/EXTENSION,Container,CONTACT_EXTENSION,CONTACT,EXTENSION
/BORROWER/EMPLOYERS/EMPLOYER/LEGAL_ENTITY/CONTACTS/CONTACT/EXTENSION/MISMO,Container,MISMO_BASE,EXTENSION,MISMO
/BORROWER/EMPLOYERS/EMPLOYER/LEGAL_ENTITY/CONTACTS/CONTACT/EXTENSION/OTHER,Container,CONTACT_OTHER_BASE,EXTENSION,OTHER
/BORROWER/EMPLOYERS/EMPLOYER/LEGAL_ENTITY/CONTACTS/EXTENSION,Container,CONTACTS_EXTENSION,CONTACTS,EXTENSION
/BORROWER/EMPLOYERS/EMPLOYER/LEGAL_ENTITY/CONTACTS/EXTENSION/MISMO,Container,MISMO_BASE,EXTENSION,MISMO
/BORROWER/EMPLOYERS/EMPLOYER/LEGAL_ENTITY/CONTACTS/EXTENSION/OTHER,Container,CONTACTS_OTHER_BASE,EXTENSION,OTHER
/BORROWER/EMPLOYERS/EMPLOYER/LEGAL_ENTITY/LEGAL_ENTITY_DETAIL,Container,LEGAL_ENTITY_DETAIL,LEGAL_ENTITY,LEGAL_ENTITY_DETAIL
/BORROWER/EMPLOYERS/EMPLOYER/LEGAL_ENTITY/LEGAL_ENTITY_DETAIL/EntityHomePageURL,DataPoint,MISMOURL,LEGAL_ENTITY_DETAIL,EntityHomePageURL
/BORROWER/EMPLOYERS/EMPLOYER/LEGAL_ENTITY/LEGAL_ENTITY_DETAIL/FullName,DataPoint,MISMOString,LEGAL_ENTITY_DETAIL,FullName
/BORROWER/EMPLOYERS/EMPLOYER/LEGAL_ENTITY/LEGAL_ENTITY_DETAIL/GlobalLegalEntityIdentifier,DataPoint,MISMOIdentifier,LEGAL_ENTITY_DETAIL,GlobalLegalEntityIdentifier
/BORROWER/EMPLOYERS/EMPLOYER/LEGAL_ENTITY/LEGAL_ENTITY_DETAIL/LegalEntityLicensingTypeDescription,DataPoint,MISMOString,LEGAL_ENTITY_DETAIL,LegalEntityLicensingTypeDescription
/BORROWER/EMPLOYERS/EMPLOYER/LEGAL_ENTITY/LEGAL_ENTITY_DETAIL/LegalEntityOrganizedUnderTheLawsOfJurisdictionName,DataPoint,MISMOString,LEGAL_ENTITY_DETAIL,LegalEntityOrganizedUnderTheLawsOfJurisdictionName
/BORROWER/EMPLOYERS/EMPLOYER/LEGAL_ENTITY/LEGAL_ENTITY_DETAIL/LegalEntitySuccessorClauseTextDescription,DataPoint,MISMOString,LEGAL_ENTITY_DETAIL,LegalEntitySuccessorClauseTextDescription
/BORROWER/EMPLOYERS/EMPLOYER/LEGAL_ENTITY/LEGAL_ENTITY_DETAIL/LegalEntityType,Enumeration,LegalEntityEnum,LEGAL_ENTITY_DETAIL,LegalEntityType
/BORROWER/EMPLOYERS/EMPLOYER/LEGAL_ENTITY/LEGAL_ENTITY_DETAIL/LegalEntityTypeOtherDescription,DataPoint,MISMOString,LEGAL_ENTITY_DETAIL,LegalEntityTypeOtherDescription
/BORROWER/EMPLOYERS/EMPLOYER/LEGAL_ENTITY/LEGAL_ENTITY_DETAIL/MERSOrganizationIdentifier,DataPoint,MISMOIdentifier,LEGAL_ENTITY_DETAIL,MERSOrganizationIdentifier
/BORROWER/EMPLOYERS/EMPLOYER/LEGAL_ENTITY/LEGAL_ENTITY_DETAIL/RegisteredDomainNameURI,DataPoint,MISMOURI,LEGAL_ENTITY_DETAIL,RegisteredDomainNameURI
/BORROWER/EMPLOYERS/EMPLOYER/LEGAL_ENTITY/LEGAL_ENTITY_DETAIL/RequiredSignatoryCount,DataPoint,MISMOCount,LEGAL_ENTITY_DETAIL,RequiredSignatoryCount
/BORROWER/EMPLOYERS/EMPLOYER/LEGAL_ENTITY/LEGAL_ENTITY_DETAIL/EXTENSION,Container,LEGAL_ENTITY_DETAIL_EXTENSION,LEGAL_ENTITY_DETAIL,EXTENSION
/BORROWER/EMPLOYERS/EMPLOYER/LEGAL_ENTITY/LEGAL_ENTITY_DETAIL/EXTENSION/MISMO,Container,MISMO_BASE,EXTENSION,MISMO
/BORROWER/EMPLOYERS/EMPLOYER/LEGAL_ENTITY/LEGAL_ENTITY_DETAIL/EXTENSION/OTHER,Container,LEGAL_ENTITY_DETAIL_OTHER_BASE,EXTENSION,OTHER
/BORROWER/EMPLOYERS/EMPLOYER/LEGAL_ENTITY/EXTENSION,Container,LEGAL_ENTITY_EXTENSION,LEGAL_ENTITY,EXTENSION
/BORROWER/EMPLOYERS/EMPLOYER/LEGAL_ENTITY/EXTENSION/MISMO,Container,MISMO_BASE,EXTENSION,MISMO
/BORROWER/EMPLOYERS/EMPLOYER/LEGAL_ENTITY/EXTENSION/OTHER,Container,LEGAL_ENTITY_OTHER_BASE,EXTENSION,OTHER
/BORROWER/EMPLOYERS/EMPLOYER/ADDRESS,Container,ADDRESS,EMPLOYER,ADDRESS
/BORROWER/EMPLOYERS/EMPLOYER/ADDRESS/AddressAdditionalLineText,DataPoint,MISMOString,ADDRESS,AddressAdditionalLineText
/BORROWER/EMPLOYERS/EMPLOYER/ADDRESS/AddressAdditionalLineTwoText,DataPoint,MISMOString,ADDRESS,AddressAdditionalLineTwoText
/BORROWER/EMPLOYERS/EMPLOYER/ADDRESS/AddressCondominiumApartmentText,DataPoint,MISMOString,ADDRESS,AddressCondominiumApartmentText
/BORROWER/EMPLOYERS/EMPLOYER/ADDRESS/AddressFormatType,Enumeration,AddressFormatEnum,ADDRESS,AddressFormatType
/BORROWER/EMPLOYERS/EMPLOYER/ADDRESS/AddressFormatTypeOtherDescription,DataPoint,MISMOString,ADDRESS,AddressFormatTypeOtherDescription
/BORROWER/EMPLOYERS/EMPLOYER/ADDRESS/AddressIsNotUSPSCodableIndicator,DataPoint,MISMOIndicator,ADDRESS,AddressIsNotUSPSCodableIndicator
/BORROWER/EMPLOYERS/EMPLOYER/ADDRESS/AddressLineText,DataPoint,MISMOString,ADDRESS,AddressLineText
/BORROWER/EMPLOYERS/EMPLOYER/ADDRESS/AddressPRUrbanizationText,DataPoint,MISMOString,ADDRESS,AddressPRUrbanizationText
/BORROWER/EMPLOYERS/EMPLOYER/ADDRESS/AddressType,Enumeration,AddressEnum,ADDRESS,AddressType
/BORROWER/EMPLOYERS/EMPLOYER/ADDRESS/AddressTypeOtherDescription,DataPoint,MISMOString,ADDRESS,AddressTypeOtherDescription
/BORROWER/EMPLOYERS/EMPLOYER/ADDRESS/AddressUnitDesignatorType,Enumeration,AddressUnitDesignatorEnum,ADDRESS,AddressUnitDesignatorType
/BORROWER/EMPLOYERS/EMPLOYER/ADDRESS/AddressUnitDesignatorTypeOtherDescription,DataPoint,MISMOString,ADDRESS,AddressUnitDesignatorTypeOtherDescription
/BORROWER/EMPLOYERS/EMPLOYER/ADDRESS/AddressUnitIdentifier,DataPoint,MISMOIdentifier,ADDRESS,AddressUnitIdentifier
/BORROWER/EMPLOYERS/EMPLOYER/ADDRESS/AttentionToName,DataPoint,MISMOString,ADDRESS,AttentionToName
/BORROWER/EMPLOYERS/EMPLOYER/ADDRESS/CarrierRouteCode,DataPoint,MISMOCode,ADDRESS,CarrierRouteCode
/BORROWER/EMPLOYERS/EMPLOYER/ADDRESS/CityName,DataPoint,MISMOString,ADDRESS,CityName
/BORROWER/EMPLOYERS/EMPLOYER/ADDRESS/CountryCode,DataPoint,MISMOCode,ADDRESS,CountryCode
/BORROWER/EMPLOYERS/EMPLOYER/ADDRESS/CountryName,DataPoint,MISMOString,ADDRESS,CountryName
/BORROWER/EMPLOYERS/EMPLOYER/ADDRESS/CountyCode,DataPoint,MISMOCode,ADDRESS,CountyCode
/BORROWER/EMPLOYERS/EMPLOYER/ADDRESS/CountyName,DataPoint,MISMOString,ADDRESS,CountyName
/BORROWER/EMPLOYERS/EMPLOYER/ADDRESS/DeliveryPointBarCodeCheckValue,DataPoint,MISMOValue,ADDRESS,DeliveryPointBarCodeCheckValue
/BORROWER/EMPLOYERS/EMPLOYER/ADDRESS/DeliveryPointBarCodeValue,DataPoint,MISMOValue,ADDRESS,DeliveryPointBarCodeValue
/BORROWER/EMPLOYERS/EMPLOYER/ADDRESS/HighwayContractBoxIdentifier,DataPoint,MISMOIdentifier,ADDRESS,HighwayContractBoxIdentifier
/BORROWER/EMPLOYERS/EMPLOYER/ADDRESS/HighwayContractRouteIdentifier,DataPoint,MISMOIdentifier,ADDRESS,HighwayContractRouteIdentifier
/BORROWER/EMPLOYERS/EMPLOYER/ADDRESS/MailStopCode,DataPoint,MISMOCode,ADDRESS,MailStopCode
/BORROWER/EMPLOYERS/EMPLOYER/ADDRESS/PlusFourZipCode,DataPoint,MISMOCode,ADDRESS,PlusFourZipCode
/BORROWER/EMPLOYERS/EMPLOYER/ADDRESS/PostalCode,DataPoint,MISMOCode,ADDRESS,PostalCode
/BORROWER/EMPLOYERS/EMPLOYER/ADDRESS/PostOfficeBoxIdentifier,DataPoint,MISMOIdentifier,ADDRESS,PostOfficeBoxIdentifier
/BORROWER/EMPLOYERS/EMPLOYER/ADDRESS/RuralRouteBoxIdentifier,DataPoint,MISMOIdentifier,ADDRESS,RuralRouteBoxIdentifier
/BORROWER/EMPLOYERS/EMPLOYER/ADDRESS/RuralRouteIdentifier,DataPoint,MISMOIdentifier,ADDRESS,RuralRouteIdentifier
/BORROWER/EMPLOYERS/EMPLOYER/ADDRESS/StandardizedAdditionalAddressLineText,DataPoint,MISMOString,ADDRESS,StandardizedAdditionalAddressLineText
/BORROWER/EMPLOYERS/EMPLOYER/ADDRESS/StandardizedAdditionalAddressLineTwoText,DataPoint,MISMOString,ADDRESS,StandardizedAdditionalAddressLineTwoText
/BORROWER/EMPLOYERS/EMPLOYER/ADDRESS/StandardizedAddressLineText,DataPoint,MISMOString,ADDRESS,StandardizedAddressLineText
/BORROWER/EMPLOYERS/EMPLOYER/ADDRESS/StandardizedAddressUnitDesignatorType,Enumeration,StandardizedAddressUnitDesignatorEnum,ADDRESS,StandardizedAddressUnitDesignatorType
/BORROWER/EMPLOYERS/EMPLOYER/ADDRESS/StandardizedAddressUnitDesignatorTypeOtherDescription,DataPoint,MISMOString,ADDRESS,StandardizedAddressUnitDesignatorTypeOtherDescription
/BORROWER/EMPLOYERS/EMPLOYER/ADDRESS/StandardizedPRUrbanizationType,Enumeration,StandardizedPRUrbanizationEnum,ADDRESS,StandardizedPRUrbanizationType
/BORROWER/EMPLOYERS/EMPLOYER/ADDRESS/StandardizedPRUrbanizationTypeOtherDescription,DataPoint,MISMOString,ADDRESS,StandardizedPRUrbanizationTypeOtherDescription
/BORROWER/EMPLOYERS/EMPLOYER/ADDRESS/StandardizedRuralHighwayContractRouteType,Enumeration,StandardizedRuralHighwayContractRouteEnum,ADDRESS,StandardizedRuralHighwayContractRouteType
/BORROWER/EMPLOYERS/EMPLOYER/ADDRESS/StandardizedRuralHighwayContractRouteTypeOtherDescription,DataPoint,MISMOString,ADDRESS,StandardizedRuralHighwayContractRouteTypeOtherDescription
/BORROWER/EMPLOYERS/EMPLOYER/ADDRESS/StandardizedSpanishAddressDesignatorType,Enumeration,StandardizedSpanishAddressDesignatorEnum,ADDRESS,StandardizedSpanishAddressDesignatorType
/BORROWER/EMPLOYERS/EMPLOYER/ADDRESS/StandardizedSpanishAddressDesignatorTypeOtherDescription,DataPoint,MISMOString,ADDRESS,StandardizedSpanishAddressDesignatorTypeOtherDescription
/BORROWER/EMPLOYERS/EMPLOYER/ADDRESS/StandardizedStreetSuffixType,Enumeration,StandardizedStreetSuffixEnum,ADDRESS,StandardizedStreetSuffixType
/BORROWER/EMPLOYERS/EMPLOYER/ADDRESS/StandardizedStreetSuffixTypeOtherDescription,DataPoint,MISMOString,ADDRESS,StandardizedStreetSuffixTypeOtherDescription
/BORROWER/EMPLOYERS/EMPLOYER/ADDRESS/StateCode,DataPoint,MISMOCode,ADDRESS,StateCode
/BORROWER/EMPLOYERS/EMPLOYER/ADDRESS/StateName,DataPoint,MISMOString,ADDRESS,StateName
/BORROWER/EMPLOYERS/EMPLOYER/ADDRESS/StreetName,DataPoint,MISMOString,ADDRESS,StreetName
/BORROWER/EMPLOYERS/EMPLOYER/ADDRESS/StreetPostDirectionalText,DataPoint,MISMOString,ADDRESS,StreetPostDirectionalText
/BORROWER/EMPLOYERS/EMPLOYER/ADDRESS/StreetPreDirectionalText,DataPoint,MISMOString,ADDRESS,StreetPreDirectionalText
/BORROWER/EMPLOYERS/EMPLOYER/ADDRESS/StreetPrimaryNumberText,DataPoint,MISMOString,ADDRESS,StreetPrimaryNumberText
/BORROWER/EMPLOYERS/EMPLOYER/ADDRESS/StreetSuffixText,DataPoint,MISMOString,ADDRESS,StreetSuffixText
/BORROWER/EMPLOYERS/EMPLOYER/ADDRESS/EXTENSION,Container,ADDRESS_EXTENSION,ADDRESS,EXTENSION
/BORROWER/EMPLOYERS/EMPLOYER/ADDRESS/EXTENSION/MISMO,Container,MISMO_BASE,EXTENSION,MISMO
/BORROWER/EMPLOYERS/EMPLOYER/ADDRESS/EXTENSION/OTHER,Container,ADDRESS_OTHER_BASE,EXTENSION,OTHER
/BORROWER/EMPLOYERS/EMPLOYER/CREDIT_COMMENTS,Container,CREDIT_COMMENTS,EMPLOYER,CREDIT_COMMENTS
/BORROWER/EMPLOYERS/EMPLOYER/CREDIT_COMMENTS/CREDIT_COMMENT,Container,CREDIT_COMMENT,CREDIT_COMMENTS,CREDIT_COMMENT
/BORROWER/EMPLOYERS/EMPLOYER/CREDIT_COMMENTS/CREDIT_COMMENT/CreditCommentCode,DataPoint,MISMOCode,CREDIT_COMMENT,CreditCommentCode
/BORROWER/EMPLOYERS/EMPLOYER/CREDIT_COMMENTS/CREDIT_COMMENT/CreditCommentCodeSourceType,Enumeration,CreditCommentCodeSourceEnum,CREDIT_COMMENT,CreditCommentCodeSourceType
/BORROWER/EMPLOYERS/EMPLOYER/CREDIT_COMMENTS/CREDIT_COMMENT/CreditCommentCodeSourceTypeOtherDescription,DataPoint,MISMOString,CREDIT_COMMENT,CreditCommentCodeSourceTypeOtherDescription
/BORROWER/EMPLOYERS/EMPLOYER/CREDIT_COMMENTS/CREDIT_COMMENT/CreditCommentReportedDate,DataPoint,MISMODate,CREDIT_COMMENT,CreditCommentReportedDate
/BORROWER/EMPLOYERS/EMPLOYER/CREDIT_COMMENTS/CREDIT_COMMENT/CreditCommentSourceType,Enumeration,CreditCommentSourceEnum,CREDIT_COMMENT,CreditCommentSourceType
/BORROWER/EMPLOYERS/EMPLOYER/CREDIT_COMMENTS/CREDIT_COMMENT/CreditCommentText,DataPoint,MISMOString,CREDIT_COMMENT,CreditCommentText
/BORROWER/EMPLOYERS/EMPLOYER/CREDIT_COMMENTS/CREDIT_COMMENT/CreditCommentType,Enumeration,CreditCommentEnum,CREDIT_COMMENT,CreditCommentType
/BORROWER/EMPLOYERS/EMPLOYER/CREDIT_COMMENTS/CREDIT_COMMENT/CreditCommentTypeOtherDescription,DataPoint,MISMOString,CREDIT_COMMENT,CreditCommentTypeOtherDescription
/BORROWER/EMPLOYERS/EMPLOYER/CREDIT_COMMENTS/CREDIT_COMMENT/EXTENSION,Container,CREDIT_COMMENT_EXTENSION,CREDIT_COMMENT,EXTENSION
/BORROWER/EMPLOYERS/EMPLOYER/CREDIT_COMMENTS/CREDIT_COMMENT/EXTENSION/MISMO,Container,MISMO_BASE,EXTENSION,MISMO
/BORROWER/EMPLOYERS/EMPLOYER/CREDIT_COMMENTS/CREDIT_COMMENT/EXTENSION/OTHER,Container,CREDIT_COMMENT_OTHER_BASE,EXTENSION,OTHER
/BORROWER/EMPLOYERS/EMPLOYER/CREDIT_COMMENTS/EXTENSION,Container,CREDIT_COMMENTS_EXTENSION,CREDIT_COMMENTS,EXTENSION
/BORROWER/EMPLOYERS/EMPLOYER/CREDIT_COMMENTS/EXTENSION/MISMO,Container,MISMO_BASE,EXTENSION,MISMO
/BORROWER/EMPLOYERS/EMPLOYER/CREDIT_COMMENTS/EXTENSION/OTHER,Container,CREDIT_COMMENTS_OTHER_BASE,EXTENSION,OTHER
/BORROWER/EMPLOYERS/EMPLOYER/EMPLOYMENT,Container,EMPLOYMENT,EMPLOYER,EMPLOYMENT
/BORROWER/EMPLOYERS/EMPLOYER/EMPLOYMENT/EmployedAbroadIndicator,DataPoint,MISMOIndicator,EMPLOYMENT,EmployedAbroadIndicator
/BORROWER/EMPLOYERS/EMPLOYER/EMPLOYMENT/EmploymentBorrowerHomeOfficeIndicator,DataPoint,MISMOIndicator,EMPLOYMENT,EmploymentBorrowerHomeOfficeIndicator
/BORROWER/EMPLOYERS/EMPLOYER/EMPLOYMENT/EmploymentBorrowerSelfEmployedIndicator,DataPoint,MISMOIndicator,EMPLOYMENT,EmploymentBorrowerSelfEmployedIndicator
/BORROWER/EMPLOYERS/EMPLOYER/EMPLOYMENT/EmploymentClassificationType,Enumeration,EmploymentClassificationEnum,EMPLOYMENT,EmploymentClassificationType
/BORROWER/EMPLOYERS/EMPLOYER/EMPLOYMENT/EmploymentEndDate,DataPoint,MISMODate,EMPLOYMENT,EmploymentEndDate
/BORROWER/EMPLOYERS/EMPLOYER/EMPLOYMENT/EmploymentMonthlyIncomeAmount,DataPoint,MISMOAmount,EMPLOYMENT,EmploymentMonthlyIncomeAmount
/BORROWER/EMPLOYERS/EMPLOYER/EMPLOYMENT/EmploymentMonthsOnJobCount,DataPoint,MISMOCount,EMPLOYMENT,EmploymentMonthsOnJobCount
/BORROWER/EMPLOYERS/EMPLOYER/EMPLOYMENT/EmploymentPositionDescription,DataPoint,MISMOString,EMPLOYMENT,EmploymentPositionDescription
/BORROWER/EMPLOYERS/EMPLOYER/EMPLOYMENT/EmploymentReportedDate,DataPoint,MISMODate,EMPLOYMENT,EmploymentReportedDate
/BORROWER/EMPLOYERS/EMPLOYER/EMPLOYMENT/EmploymentSelfOwnedBusinessOperationsEndDate,DataPoint,MISMODate,EMPLOYMENT,EmploymentSelfOwnedBusinessOperationsEndDate
/BORROWER/EMPLOYERS/EMPLOYER/EMPLOYMENT/EmploymentSelfOwnedBusinessOperationsStartDate,DataPoint,MISMODate,EMPLOYMENT,EmploymentSelfOwnedBusinessOperationsStartDate
/BORROWER/EMPLOYERS/EMPLOYER/EMPLOYMENT/EmploymentStartDate,DataPoint,MISMODate,EMPLOYMENT,EmploymentStartDate
/BORROWER/EMPLOYERS/EMPLOYER/EMPLOYMENT/EmploymentStatusType,Enumeration,EmploymentStatusEnum,EMPLOYMENT,EmploymentStatusType
/BORROWER/EMPLOYERS/EMPLOYER/EMPLOYMENT/EmploymentTimeInLineOfWorkMonthsCount,DataPoint,MISMOCount,EMPLOYMENT,EmploymentTimeInLineOfWorkMonthsCount
/BORROWER/EMPLOYERS/EMPLOYER/EMPLOYMENT/EmploymentTimeInLineOfWorkYearsCount,DataPoint,MISMOCount,EMPLOYMENT,EmploymentTimeInLineOfWorkYearsCount
/BORROWER/EMPLOYERS/EMPLOYER/EMPLOYMENT/EmploymentTypeOfBusinessDescription,DataPoint,MISMOString,EMPLOYMENT,EmploymentTypeOfBusinessDescription
/BORROWER/EMPLOYERS/EMPLOYER/EMPLOYMENT/EmploymentYearsOnJobCount,DataPoint,MISMOCount,EMPLOYMENT,EmploymentYearsOnJobCount
/BORROWER/EMPLOYERS/EMPLOYER/EMPLOYMENT/NonTraditionalEmploymentIndicator,DataPoint,MISMOIndicator,EMPLOYMENT,NonTraditionalEmploymentIndicator
/BORROWER/EMPLOYERS/EMPLOYER/EMPLOYMENT/OwnershipInterestType,Enumeration,OwnershipInterestEnum,EMPLOYMENT,OwnershipInterestType
/BORROWER/EMPLOYERS/EMPLOYER/EMPLOYMENT/OwnershipInterestTypeOtherDescription,DataPoint,MISMOString,EMPLOYMENT,OwnershipInterestTypeOtherDescription
/BORROWER/EMPLOYERS/EMPLOYER/EMPLOYMENT/SpecialBorrowerEmployerRelationshipIndicator,DataPoint,MISMOIndicator,EMPLOYMENT,SpecialBorrowerEmployerRelationshipIndicator
/BORROWER/EMPLOYERS/EMPLOYER/EMPLOYMENT/SpecialBorrowerEmployerRelationshipType,Enumeration,SpecialBorrowerEmployerRelationshipEnum,EMPLOYMENT,SpecialBorrowerEmployerRelationshipType
/BORROWER/EMPLOYERS/EMPLOYER/EMPLOYMENT/SpecialBorrowerEmployerRelationshipTypeOtherDescription,DataPoint,MISMOString,EMPLOYMENT,SpecialBorrowerEmployerRelationshipTypeOtherDescription
/BORROWER/EMPLOYERS/EMPLOYER/EMPLOYMENT/EXTENSION,Container,EMPLOYMENT_EXTENSION,EMPLOYMENT,EXTENSION
/BORROWER/EMPLOYERS/EMPLOYER/EMPLOYMENT/EXTENSION/MISMO,Container,MISMO_BASE,EXTENSION,MISMO
/BORROWER/EMPLOYERS/EMPLOYER/EMPLOYMENT/EXTENSION/OTHER,Container,EMPLOYMENT_OTHER_BASE,EXTENSION,OTHER
/BORROWER/EMPLOYERS/EMPLOYER/EMPLOYMENT_DOCUMENTATIONS,Container,EMPLOYMENT_DOCUMENTATIONS,EMPLOYER,EMPLOYMENT_DOCUMENTATIONS
/BORROWER/EMPLOYERS/EMPLOYER/EMPLOYMENT_DOCUMENTATIONS/EMPLOYMENT_DOCUMENTATION,Container,EMPLOYMENT_DOCUMENTATION,EMPLOYMENT_DOCUMENTATIONS,EMPLOYMENT_DOCUMENTATION
/BORROWER/EMPLOYERS/EMPLOYER/EMPLOYMENT_DOCUMENTATIONS/EMPLOYMENT_DOCUMENTATION/DocumentationStateType,Enumeration,DocumentationStateEnum,EMPLOYMENT_DOCUMENTATION,DocumentationStateType
/BORROWER/EMPLOYERS/EMPLOYER/EMPLOYMENT_DOCUMENTATIONS/EMPLOYMENT_DOCUMENTATION/DocumentationStateTypeOtherDescription,DataPoint,MISMOString,EMPLOYMENT_DOCUMENTATION,DocumentationStateTypeOtherDescription
/BORROWER/EMPLOYERS/EMPLOYER/EMPLOYMENT_DOCUMENTATIONS/EMPLOYMENT_DOCUMENTATION/EmploymentDocumentType,Enumeration,EmploymentDocumentEnum,EMPLOYMENT_DOCUMENTATION,EmploymentDocumentType
/BORROWER/EMPLOYERS/EMPLOYER/EMPLOYMENT_DOCUMENTATIONS/EMPLOYMENT_DOCUMENTATION/EmploymentDocumentTypeOtherDescription,DataPoint,MISMOString,EMPLOYMENT_DOCUMENTATION,EmploymentDocumentTypeOtherDescription
/BORROWER/EMPLOYERS/EMPLOYER/EMPLOYMENT_DOCUMENTATIONS/EMPLOYMENT_DOCUMENTATION/EmploymentVerificationRangeCount,DataPoint,MISMOCount,EMPLOYMENT_DOCUMENTATION,EmploymentVerificationRangeCount
/BORROWER/EMPLOYERS/EMPLOYER/EMPLOYMENT_DOCUMENTATIONS/EMPLOYMENT_DOCUMENTATION/EmploymentVerificationRangeType,Enumeration,EmploymentVerificationRangeEnum,EMPLOYMENT_DOCUMENTATION,EmploymentVerificationRangeType
/BORROWER/EMPLOYERS/EMPLOYER/EMPLOYMENT_DOCUMENTATIONS/EMPLOYMENT_DOCUMENTATION/EmploymentVerificationRangeTypeOtherDescription,DataPoint,MISMOString,EMPLOYMENT_DOCUMENTATION,EmploymentVerificationRangeTypeOtherDescription
/BORROWER/EMPLOYERS/EMPLOYER/EMPLOYMENT_DOCUMENTATIONS/EMPLOYMENT_DOCUMENTATION/EXTENSION,Container,EMPLOYMENT_DOCUMENTATION_EXTENSION,EMPLOYMENT_DOCUMENTATION,EXTENSION
/BORROWER/EMPLOYERS/EMPLOYER/EMPLOYMENT_DOCUMENTATIONS/EMPLOYMENT_DOCUMENTATION/EXTENSION/MISMO,Container,MISMO_BASE,EXTENSION,MISMO
/BORROWER/EMPLOYERS/EMPLOYER/EMPLOYMENT_DOCUMENTATIONS/EMPLOYMENT_DOCUMENTATION/EXTENSION/OTHER,Container,EMPLOYMENT_DOCUMENTATION_OTHER_BASE,EXTENSION,OTHER
/BORROWER/EMPLOYERS/EMPLOYER/EMPLOYMENT_DOCUMENTATIONS/EXTENSION,Container,EMPLOYMENT_DOCUMENTATIONS_EXTENSION,EMPLOYMENT_DOCUMENTATIONS,EXTENSION
/BORROWER/EMPLOYERS/EMPLOYER/EMPLOYMENT_DOCUMENTATIONS/EXTENSION/MISMO,Container,MISMO_BASE,EXTENSION,MISMO
/BORROWER/EMPLOYERS/EMPLOYER/EMPLOYMENT_DOCUMENTATIONS/EXTENSION/OTHER,Container,EMPLOYMENT_DOCUMENTATIONS_OTHER_BASE,EXTENSION,OTHER
/BORROWER/EMPLOYERS/EMPLOYER/VERIFICATION,Container,VERIFICATION,EMPLOYER,VERIFICATION
/BORROWER/EMPLOYERS/EMPLOYER/VERIFICATION/VerificationByName,DataPoint,MISMOString,VERIFICATION,VerificationByName
/BORROWER/EMPLOYERS/EMPLOYER/VERIFICATION/VerificationCommentDescription,DataPoint,MISMOString,VERIFICATION,VerificationCommentDescription
/BORROWER/EMPLOYERS/EMPLOYER/VERIFICATION/VerificationDate,DataPoint,MISMODate,VERIFICATION,VerificationDate
/BORROWER/EMPLOYERS/EMPLOYER/VERIFICATION/VerificationMethodType,Enumeration,VerificationMethodEnum,VERIFICATION,VerificationMethodType
/BORROWER/EMPLOYERS/EMPLOYER/VERIFICATION/VerificationMethodTypeOtherDescription,DataPoint,MISMOString,VERIFICATION,VerificationMethodTypeOtherDescription
/BORROWER/EMPLOYERS/EMPLOYER/VERIFICATION/VerificationStatusType,Enumeration,VerificationStatusEnum,VERIFICATION,VerificationStatusType
/BORROWER/EMPLOYERS/EMPLOYER/VERIFICATION/EXTENSION,Container,VERIFICATION_EXTENSION,VERIFICATION,EXTENSION
/BORROWER/EMPLOYERS/EMPLOYER/VERIFICATION/EXTENSION/MISMO,Container,MISMO_BASE,EXTENSION,MISMO
/BORROWER/EMPLOYERS/EMPLOYER/VERIFICATION/EXTENSION/OTHER,Container,VERIFICATION_OTHER_BASE,EXTENSION,OTHER
/BORROWER/EMPLOYERS/EMPLOYER/EXTENSION,Container,EMPLOYER_EXTENSION,EMPLOYER,EXTENSION
/BORROWER/EMPLOYERS/EMPLOYER/EXTENSION/MISMO,Container,MISMO_BASE,EXTENSION,MISMO
/BORROWER/EMPLOYERS/EMPLOYER/EXTENSION/OTHER,Container,EMPLOYER_OTHER_BASE,EXTENSION,OTHER
/BORROWER/EMPLOYERS/EXTENSION,Container,EMPLOYERS_EXTENSION,EMPLOYERS,EXTENSION
/BORROWER/EMPLOYERS/EXTENSION/MISMO,Container,MISMO_BASE,EXTENSION,MISMO
/BORROWER/EMPLOYERS/EXTENSION/OTHER,Container,EMPLOYERS_OTHER_BASE,EXTENSION,OTHER
/BORROWER/GOVERNMENT_BORROWER,Container,GOVERNMENT_BORROWER,BORROWER,GOVERNMENT_BORROWER
/BORROWER/GOVERNMENT_BORROWER/ApplyingForRestorationOfVAEntitlementIndicator,DataPoint,MISMOIndicator,GOVERNMENT_BORROWER,ApplyingForRestorationOfVAEntitlementIndicator
/BORROWER/GOVERNMENT_BORROWER/CAIVRSIdentifier,DataPoint,MISMOIdentifier,GOVERNMENT_BORROWER,CAIVRSIdentifier
/BORROWER/GOVERNMENT_BORROWER/FHABorrowerCertificationLeadPaintIndicator,DataPoint,MISMOIndicator,GOVERNMENT_BORROWER,FHABorrowerCertificationLeadPaintIndicator
/BORROWER/GOVERNMENT_BORROWER/FHABorrowerCertificationOriginalMortgageAmount,DataPoint,MISMOAmount,GOVERNMENT_BORROWER,FHABorrowerCertificationOriginalMortgageAmount
/BORROWER/GOVERNMENT_BORROWER/FHABorrowerCertificationOwnFourOrMoreDwellingsIndicator,DataPoint,MISMOIndicator,GOVERNMENT_BORROWER,FHABorrowerCertificationOwnFourOrMoreDwellingsIndicator
/BORROWER/GOVERNMENT_BORROWER/FHABorrowerCertificationOwnOtherPropertyIndicator,DataPoint,MISMOIndicator,GOVERNMENT_BORROWER,FHABorrowerCertificationOwnOtherPropertyIndicator
/BORROWER/GOVERNMENT_BORROWER/FHABorrowerCertificationPropertySoldCityName,DataPoint,MISMOString,GOVERNMENT_BORROWER,FHABorrowerCertificationPropertySoldCityName
/BORROWER/GOVERNMENT_BORROWER/FHABorrowerCertificationPropertySoldPostalCode,DataPoint,MISMOCode,GOVERNMENT_BORROWER,FHABorrowerCertificationPropertySoldPostalCode
/BORROWER/GOVERNMENT_BORROWER/FHABorrowerCertificationPropertySoldStateName,DataPoint,MISMOString,GOVERNMENT_BORROWER,FHABorrowerCertificationPropertySoldStateName
/BORROWER/GOVERNMENT_BORROWER/FHABorrowerCertificationPropertySoldStreetAddressLineText,DataPoint,MISMOString,GOVERNMENT_BORROWER,FHABorrowerCertificationPropertySoldStreetAddressLineText
/BORROWER/GOVERNMENT_BORROWER/FHABorrowerCertificationPropertyToBeSoldIndicator,DataPoint,MISMOIndicator,GOVERNMENT_BORROWER,FHABorrowerCertificationPropertyToBeSoldIndicator
/BORROWER/GOVERNMENT_BORROWER/FHABorrowerCertificationRentalIndicator,DataPoint,MISMOIndicator,GOVERNMENT_BORROWER,FHABorrowerCertificationRentalIndicator
/BORROWER/GOVERNMENT_BORROWER/FHABorrowerCertificationSalesPriceAmount,DataPoint,MISMOAmount,GOVERNMENT_BORROWER,FHABorrowerCertificationSalesPriceAmount
/BORROWER/GOVERNMENT_BORROWER/FHA_VABorrowerCertificationSalesPriceExceedsAppraisedValueType,Enumeration,FHA_VABorrowerCertificationSalesPriceExceedsAppraisedValueEnum,GOVERNMENT_BORROWER,FHA_VABorrowerCertificationSalesPriceExceedsAppraisedValueType
/BORROWER/GOVERNMENT_BORROWER/VABorrowerCertificationOccupancyType,Enumeration,VABorrowerCertificationOccupancyEnum,GOVERNMENT_BORROWER,VABorrowerCertificationOccupancyType
/BORROWER/GOVERNMENT_BORROWER/VABorrowerCertificationOccupancyTypeOtherDescription,DataPoint,MISMOString,GOVERNMENT_BORROWER,VABorrowerCertificationOccupancyTypeOtherDescription
/BORROWER/GOVERNMENT_BORROWER/VACertificateOfEligibilityConditionsType,Enumeration,VACertificateOfEligibilityConditionsEnum,GOVERNMENT_BORROWER,VACertificateOfEligibilityConditionsType
/BORROWER/GOVERNMENT_BORROWER/VACertificateOfEligibilityConditionsTypeOtherDescription,DataPoint,MISMOString,GOVERNMENT_BORROWER,VACertificateOfEligibilityConditionsTypeOtherDescription
/BORROWER/GOVERNMENT_BORROWER/VACoBorrowerNonTaxableIncomeAmount,DataPoint,MISMOAmount,GOVERNMENT_BORROWER,VACoBorrowerNonTaxableIncomeAmount
/BORROWER/GOVERNMENT_BORROWER/VACoBorrowerTaxableIncomeAmount,DataPoint,MISMOAmount,GOVERNMENT_BORROWER,VACoBorrowerTaxableIncomeAmount
/BORROWER/GOVERNMENT_BORROWER/VACurrentOwnedPropertyIndicator,DataPoint,MISMOIndicator,GOVERNMENT_BORROWER,VACurrentOwnedPropertyIndicator
/BORROWER/GOVERNMENT_BORROWER/VAFederalTaxAmount,DataPoint,MISMOAmount,GOVERNMENT_BORROWER,VAFederalTaxAmount
/BORROWER/GOVERNMENT_BORROWER/VALocalTaxAmount,DataPoint,MISMOAmount,GOVERNMENT_BORROWER,VALocalTaxAmount
/BORROWER/GOVERNMENT_BORROWER/VAPrimaryBorrowerNonTaxableIncomeAmount,DataPoint,MISMOAmount,GOVERNMENT_BORROWER,VAPrimaryBorrowerNonTaxableIncomeAmount
/BORROWER/GOVERNMENT_BORROWER/VAPrimaryBorrowerTaxableIncomeAmount,DataPoint,MISMOAmount,GOVERNMENT_BORROWER,VAPrimaryBorrowerTaxableIncomeAmount
/BORROWER/GOVERNMENT_BORROWER/VAPrimaryObligorIndicator,DataPoint,MISMOIndicator,GOVERNMENT_BORROWER,VAPrimaryObligorIndicator
/BORROWER/GOVERNMENT_BORROWER/VAPurpleHeartRecipientIndicator,DataPoint,MISMOIndicator,GOVERNMENT_BORROWER,VAPurpleHeartRecipientIndicator
/BORROWER/GOVERNMENT_BORROWER/VARestorationOfEntitlementIndicator,DataPoint,MISMOIndicator,GOVERNMENT_BORROWER,VARestorationOfEntitlementIndicator
/BORROWER/GOVERNMENT_BORROWER/VASocialSecurityTaxAmount,DataPoint,MISMOAmount,GOVERNMENT_BORROWER,VASocialSecurityTaxAmount
/BORROWER/GOVERNMENT_BORROWER/VAStateTaxAmount,DataPoint,MISMOAmount,GOVERNMENT_BORROWER,VAStateTaxAmount
/BORROWER/GOVERNMENT_BORROWER/VeteranStatusIndicator,DataPoint,MISMOIndicator,GOVERNMENT_BORROWER,VeteranStatusIndicator
/BORROWER/GOVERNMENT_BORROWER/EXTENSION,Container,GOVERNMENT_BORROWER_EXTENSION,GOVERNMENT_BORROWER,EXTENSION
/BORROWER/GOVERNMENT_BORROWER/EXTENSION/MISMO,Container,MISMO_BASE,EXTENSION,MISMO
/BORROWER/GOVERNMENT_BORROWER/EXTENSION/OTHER,Container,GOVERNMENT_BORROWER_OTHER_BASE,EXTENSION,OTHER
/BORROWER/GOVERNMENT_MONITORING,Container,GOVERNMENT_MONITORING,BORROWER,GOVERNMENT_MONITORING
/BORROWER/GOVERNMENT_MONITORING/GOVERNMENT_MONITORING_DETAIL,Container,GOVERNMENT_MONITORING_DETAIL,GOVERNMENT_MONITORING,GOVERNMENT_MONITORING_DETAIL
/BORROWER/GOVERNMENT_MONITORING/GOVERNMENT_MONITORING_DETAIL/ApplicationTakenMethodType,Enumeration,ApplicationTakenMethodEnum,GOVERNMENT_MONITORING_DETAIL,ApplicationTakenMethodType
/BORROWER/GOVERNMENT_MONITORING/GOVERNMENT_MONITORING_DETAIL/HMDADemographicCollectionDate,DataPoint,MISMODate,GOVERNMENT_MONITORING_DETAIL,HMDADemographicCollectionDate
/BORROWER/GOVERNMENT_MONITORING/GOVERNMENT_MONITORING_DETAIL/HMDADemographicCollectionVersionType,Enumeration,HMDADemographicCollectionVersionEnum,GOVERNMENT_MONITORING_DETAIL,HMDADemographicCollectionVersionType
/BORROWER/GOVERNMENT_MONITORING/GOVERNMENT_MONITORING_DETAIL/HMDADemographicCollectionVersionTypeOtherDescription,DataPoint,MISMOString,GOVERNMENT_MONITORING_DETAIL,HMDADemographicCollectionVersionTypeOtherDescription
/BORROWER/GOVERNMENT_MONITORING/GOVERNMENT_MONITORING_DETAIL/HMDAEthnicityCollectedBasedOnVisualObservationOrSurnameIndicator,DataPoint,MISMOIndicator,GOVERNMENT_MONITORING_DETAIL,HMDAEthnicityCollectedBasedOnVisualObservationOrSurnameIndicator
/BORROWER/GOVERNMENT_MONITORING/GOVERNMENT_MONITORING_DETAIL/HMDAEthnicityRefusalIndicator,DataPoint,MISMOIndicator,GOVERNMENT_MONITORING_DETAIL,HMDAEthnicityRefusalIndicator
/BORROWER/GOVERNMENT_MONITORING/GOVERNMENT_MONITORING_DETAIL/HMDAGenderCollectedBasedOnVisualObservationOrNameIndicator,DataPoint,MISMOIndicator,GOVERNMENT_MONITORING_DETAIL,HMDAGenderCollectedBasedOnVisualObservationOrNameIndicator
/BORROWER/GOVERNMENT_MONITORING/GOVERNMENT_MONITORING_DETAIL/HMDAGenderRefusalIndicator,DataPoint,MISMOIndicator,GOVERNMENT_MONITORING_DETAIL,HMDAGenderRefusalIndicator
/BORROWER/GOVERNMENT_MONITORING/GOVERNMENT_MONITORING_DETAIL/HMDAGenderType,Enumeration,HMDAGenderEnum,GOVERNMENT_MONITORING_DETAIL,HMDAGenderType
/BORROWER/GOVERNMENT_MONITORING/GOVERNMENT_MONITORING_DETAIL/HMDAGenderTypeOtherDescription,DataPoint,MISMOString,GOVERNMENT_MONITORING_DETAIL,HMDAGenderTypeOtherDescription
/BORROWER/GOVERNMENT_MONITORING/GOVERNMENT_MONITORING_DETAIL/HMDARaceCollectedBasedOnVisualObservationOrSurnameIndicator,DataPoint,MISMOIndicator,GOVERNMENT_MONITORING_DETAIL,HMDARaceCollectedBasedOnVisualObservationOrSurnameIndicator
/BORROWER/GOVERNMENT_MONITORING/GOVERNMENT_MONITORING_DETAIL/HMDARaceRefusalIndicator,DataPoint,MISMOIndicator,GOVERNMENT_MONITORING_DETAIL,HMDARaceRefusalIndicator
/BORROWER/GOVERNMENT_MONITORING/GOVERNMENT_MONITORING_DETAIL/HMDARefusalIndicator,DataPoint,MISMOIndicator,GOVERNMENT_MONITORING_DETAIL,HMDARefusalIndicator
/BORROWER/GOVERNMENT_MONITORING/GOVERNMENT_MONITORING_DETAIL/RaceNationalOriginRefusalIndicator,DataPoint,MISMOIndicator,GOVERNMENT_MONITORING_DETAIL,RaceNationalOriginRefusalIndicator
/BORROWER/GOVERNMENT_MONITORING/GOVERNMENT_MONITORING_DETAIL/EXTENSION,Container,GOVERNMENT_MONITORING_DETAIL_EXTENSION,GOVERNMENT_MONITORING_DETAIL,EXTENSION
/BORROWER/GOVERNMENT_MONITORING/GOVERNMENT_MONITORING_DETAIL/EXTENSION/MISMO,Container,MISMO_BASE,EXTENSION,MISMO
/BORROWER/GOVERNMENT_MONITORING/GOVERNMENT_MONITORING_DETAIL/EXTENSION/OTHER,Container,GOVERNMENT_MONITORING_DETAIL_OTHER_BASE,EXTENSION,OTHER
/BORROWER/GOVERNMENT_MONITORING/HMDA_ETHNICITIES,Container,HMDA_ETHNICITIES,GOVERNMENT_MONITORING,HMDA_ETHNICITIES
/BORROWER/GOVERNMENT_MONITORING/HMDA_ETHNICITIES/HMDA_ETHNICITY,Container,HMDA_ETHNICITY,HMDA_ETHNICITIES,HMDA_ETHNICITY
/BORROWER/GOVERNMENT_MONITORING/HMDA_ETHNICITIES/HMDA_ETHNICITY/HMDAEthnicityType,Enumeration,HMDAEthnicityEnum,HMDA_ETHNICITY,HMDAEthnicityType
/BORROWER/GOVERNMENT_MONITORING/HMDA_ETHNICITIES/HMDA_ETHNICITY/HMDAEthnicityTypeOtherDescription,DataPoint,MISMOString,HMDA_ETHNICITY,HMDAEthnicityTypeOtherDescription
/BORROWER/GOVERNMENT_MONITORING/HMDA_ETHNICITIES/HMDA_ETHNICITY/EXTENSION,Container,HMDA_ETHNICITY_EXTENSION,HMDA_ETHNICITY,EXTENSION
/BORROWER/GOVERNMENT_MONITORING/HMDA_ETHNICITIES/HMDA_ETHNICITY/EXTENSION/MISMO,Container,MISMO_BASE,EXTENSION,MISMO
/BORROWER/GOVERNMENT_MONITORING/HMDA_ETHNICITIES/HMDA_ETHNICITY/EXTENSION/OTHER,Container,HMDA_ETHNICITY_OTHER_BASE,EXTENSION,OTHER
/BORROWER/GOVERNMENT_MONITORING/HMDA_ETHNICITIES/EXTENSION,Container,HMDA_ETHNICITIES_EXTENSION,HMDA_ETHNICITIES,EXTENSION
/BORROWER/GOVERNMENT_MONITORING/HMDA_ETHNICITIES/EXTENSION/MISMO,Container,MISMO_BASE,EXTENSION,MISMO
/BORROWER/GOVERNMENT_MONITORING/HMDA_ETHNICITIES/EXTENSION/OTHER,Container,HMDA_ETHNICITIES_OTHER_BASE,EXTENSION,OTHER
/BORROWER/GOVERNMENT_MONITORING/HMDA_ETHNICITY_ORIGINS,Container,HMDA_ETHNICITY_ORIGINS,GOVERNMENT_MONITORING,HMDA_ETHNICITY_ORIGINS
/BORROWER/GOVERNMENT_MONITORING/HMDA_ETHNICITY_ORIGINS/HMDA_ETHNICITY_ORIGIN,Container,HMDA_ETHNICITY_ORIGIN,HMDA_ETHNICITY_ORIGINS,HMDA_ETHNICITY_ORIGIN
/BORROWER/GOVERNMENT_MONITORING/HMDA_ETHNICITY_ORIGINS/HMDA_ETHNICITY_ORIGIN/HMDAEthnicityOriginType,Enumeration,HMDAEthnicityOriginEnum,HMDA_ETHNICITY_ORIGIN,HMDAEthnicityOriginType
/BORROWER/GOVERNMENT_MONITORING/HMDA_ETHNICITY_ORIGINS/HMDA_ETHNICITY_ORIGIN/HMDAEthnicityOriginTypeOtherDescription,DataPoint,MISMOString,HMDA_ETHNICITY_ORIGIN,HMDAEthnicityOriginTypeOtherDescription
/BORROWER/GOVERNMENT_MONITORING/HMDA_ETHNICITY_ORIGINS/HMDA_ETHNICITY_ORIGIN/EXTENSION,Container,HMDA_ETHNICITY_ORIGIN_EXTENSION,HMDA_ETHNICITY_ORIGIN,EXTENSION
/BORROWER/GOVERNMENT_MONITORING/HMDA_ETHNICITY_ORIGINS/HMDA_ETHNICITY_ORIGIN/EXTENSION/MISMO,Container,MISMO_BASE,EXTENSION,MISMO
/BORROWER/GOVERNMENT_MONITORING/HMDA_ETHNICITY_ORIGINS/HMDA_ETHNICITY_ORIGIN/EXTENSION/OTHER,Container,HMDA_ETHNICITY_ORIGIN_OTHER_BASE,EXTENSION,OTHER
/BORROWER/GOVERNMENT_MONITORING/HMDA_ETHNICITY_ORIGINS/EXTENSION,Container,HMDA_ETHNICITY_ORIGINS_EXTENSION,HMDA_ETHNICITY_ORIGINS,EXTENSION
/BORROWER/GOVERNMENT_MONITORING/HMDA_ETHNICITY_ORIGINS/EXTENSION/MISMO,Container,MISMO_BASE,EXTENSION,MISMO
/BORROWER/GOVERNMENT_MONITORING/HMDA_ETHNICITY_ORIGINS/EXTENSION/OTHER,Container,HMDA_ETHNICITY_ORIGINS_OTHER_BASE,EXTENSION,OTHER
/BORROWER/GOVERNMENT_MONITORING/HMDA_RACES,Container,HMDA_RACES,GOVERNMENT_MONITORING,HMDA_RACES
/BORROWER/GOVERNMENT_MONITORING/HMDA_RACES/HMDA_RACE,Container,HMDA_RACE,HMDA_RACES,HMDA_RACE
/BORROWER/GOVERNMENT_MONITORING/HMDA_RACES/HMDA_RACE/HMDA_RACE_DESIGNATIONS,Container,HMDA_RACE_DESIGNATIONS,HMDA_RACE,HMDA_RACE_DESIGNATIONS
/BORROWER/GOVERNMENT_MONITORING/HMDA_RACES/HMDA_RACE/HMDA_RACE_DESIGNATIONS/HMDA_RACE_DESIGNATION,Container,HMDA_RACE_DESIGNATION,HMDA_RACE_DESIGNATIONS,HMDA_RACE_DESIGNATION
/BORROWER/GOVERNMENT_MONITORING/HMDA_RACES/HMDA_RACE/HMDA_RACE_DESIGNATIONS/HMDA_RACE_DESIGNATION/HMDARaceDesignationOtherAsianDescription,DataPoint,MISMOString,HMDA_RACE_DESIGNATION,HMDARaceDesignationOtherAsianDescription
/BORROWER/GOVERNMENT_MONITORING/HMDA_RACES/HMDA_RACE/HMDA_RACE_DESIGNATIONS/HMDA_RACE_DESIGNATION/HMDARaceDesignationOtherPacificIslanderDescription,DataPoint,MISMOString,HMDA_RACE_DESIGNATION,HMDARaceDesignationOtherPacificIslanderDescription
/BORROWER/GOVERNMENT_MONITORING/HMDA_RACES/HMDA_RACE/HMDA_RACE_DESIGNATIONS/HMDA_RACE_DESIGNATION/HMDARaceDesignationType,Enumeration,HMDARaceDesignationEnum,HMDA_RACE_DESIGNATION,HMDARaceDesignationType
/BORROWER/GOVERNMENT_MONITORING/HMDA_RACES/HMDA_RACE/HMDA_RACE_DESIGNATIONS/HMDA_RACE_DESIGNATION/HMDARaceDesignationTypeOtherDescription,DataPoint,MISMOString,HMDA_RACE_DESIGNATION,HMDARaceDesignationTypeOtherDescription
/BORROWER/GOVERNMENT_MONITORING/HMDA_RACES/HMDA_RACE/HMDA_RACE_DESIGNATIONS/HMDA_RACE_DESIGNATION/EXTENSION,Container,HMDA_RACE_DESIGNATION_EXTENSION,HMDA_RACE_DESIGNATION,EXTENSION
/BORROWER/GOVERNMENT_MONITORING/HMDA_RACES/HMDA_RACE/HMDA_RACE_DESIGNATIONS/HMDA_RACE_DESIGNATION/EXTENSION/MISMO,Container,MISMO_BASE,EXTENSION,MISMO
/BORROWER/GOVERNMENT_MONITORING/HMDA_RACES/HMDA_RACE/HMDA_RACE_DESIGNATIONS/HMDA_RACE_DESIGNATION/EXTENSION/OTHER,Container,HMDA_RACE_DESIGNATION_OTHER_BASE,EXTENSION,OTHER
/BORROWER/GOVERNMENT_MONITORING/HMDA_RACES/HMDA_RACE/HMDA_RACE_DESIGNATIONS/EXTENSION,Container,HMDA_RACE_DESIGNATIONS_EXTENSION,HMDA_RACE_DESIGNATIONS,EXTENSION
/BORROWER/GOVERNMENT_MONITORING/HMDA_RACES/HMDA_RACE/HMDA_RACE_DESIGNATIONS/EXTENSION/MISMO,Container,MISMO_BASE,EXTENSION,MISMO
/BORROWER/GOVERNMENT_MONITORING/HMDA_RACES/HMDA_RACE/HMDA_RACE_DESIGNATIONS/EXTENSION/OTHER,Container,HMDA_RACE_DESIGNATIONS_OTHER_BASE,EXTENSION,OTHER
/BORROWER/GOVERNMENT_MONITORING/HMDA_RACES/HMDA_RACE/HMDA_RACE_DETAIL,Container,HMDA_RACE_DETAIL,HMDA_RACE,HMDA_RACE_DETAIL
/BORROWER/GOVERNMENT_MONITORING/HMDA_RACES/HMDA_RACE/HMDA_RACE_DETAIL/HMDARaceType,Enumeration,HMDARaceEnum,HMDA_RACE_DETAIL,HMDARaceType
/BORROWER/GOVERNMENT_MONITORING/HMDA_RACES/HMDA_RACE/HMDA_RACE_DETAIL/HMDARaceTypeAdditionalDescription,DataPoint,MISMOString,HMDA_RACE_DETAIL,HMDARaceTypeAdditionalDescription
/BORROWER/GOVERNMENT_MONITORING/HMDA_RACES/HMDA_RACE/HMDA_RACE_DETAIL/EXTENSION,Container,HMDA_RACE_DETAIL_EXTENSION,HMDA_RACE_DETAIL,EXTENSION
/BORROWER/GOVERNMENT_MONITORING/HMDA_RACES/HMDA_RACE/HMDA_RACE_DETAIL/EXTENSION/MISMO,Container,MISMO_BASE,EXTENSION,MISMO
/BORROWER/GOVERNMENT_MONITORING/HMDA_RACES/HMDA_RACE/HMDA_RACE_DETAIL/EXTENSION/OTHER,Container,HMDA_RACE_DETAIL_OTHER_BASE,EXTENSION,OTHER
/BORROWER/GOVERNMENT_MONITORING/HMDA_RACES/HMDA_RACE/EXTENSION,Container,HMDA_RACE_EXTENSION,HMDA_RACE,EXTENSION
/BORROWER/GOVERNMENT_MONITORING/HMDA_RACES/HMDA_RACE/EXTENSION/MISMO,Container,MISMO_BASE,EXTENSION,MISMO
/BORROWER/GOVERNMENT_MONITORING/HMDA_RACES/HMDA_RACE/EXTENSION/OTHER,Container,HMDA_RACE_OTHER_BASE,EXTENSION,OTHER
/BORROWER/GOVERNMENT_MONITORING/HMDA_RACES/EXTENSION,Container,HMDA_RACES_EXTENSION,HMDA_RACES,EXTENSION
/BORROWER/GOVERNMENT_MONITORING/HMDA_RACES/EXTENSION/MISMO,Container,MISMO_BASE,EXTENSION,MISMO
/BORROWER/GOVERNMENT_MONITORING/HMDA_RACES/EXTENSION/OTHER,Container,HMDA_RACES_OTHER_BASE,EXTENSION,OTHER
/BORROWER/GOVERNMENT_MONITORING/EXTENSION,Container,GOVERNMENT_MONITORING_EXTENSION,GOVERNMENT_MONITORING,EXTENSION
/BORROWER/GOVERNMENT_MONITORING/EXTENSION/MISMO,Container,MISMO_BASE,EXTENSION,MISMO
/BORROWER/GOVERNMENT_MONITORING/EXTENSION/OTHER,Container,GOVERNMENT_MONITORING_OTHER_BASE,EXTENSION,OTHER
/BORROWER/HARDSHIP_DECLARATION,Container,HARDSHIP_DECLARATION,BORROWER,HARDSHIP_DECLARATION
/BORROWER/HARDSHIP_DECLARATION/CashReservesInsufficientIndicator,DataPoint,MISMOIndicator,HARDSHIP_DECLARATION,CashReservesInsufficientIndicator
/BORROWER/HARDSHIP_DECLARATION/ExpensesIncreasedIndicator,DataPoint,MISMOIndicator,HARDSHIP_DECLARATION,ExpensesIncreasedIndicator
/BORROWER/HARDSHIP_DECLARATION/HardshipExplanationDescription,DataPoint,MISMOString,HARDSHIP_DECLARATION,HardshipExplanationDescription
/BORROWER/HARDSHIP_DECLARATION/HouseholdFinancialCircumstancesChangedIndicator,DataPoint,MISMOIndicator,HARDSHIP_DECLARATION,HouseholdFinancialCircumstancesChangedIndicator
/BORROWER/HARDSHIP_DECLARATION/IncomeReducedOrLostIndicator,DataPoint,MISMOIndicator,HARDSHIP_DECLARATION,IncomeReducedOrLostIndicator
/BORROWER/HARDSHIP_DECLARATION/MonthlyDebtPaymentsExcessiveIndicator,DataPoint,MISMOIndicator,HARDSHIP_DECLARATION,MonthlyDebtPaymentsExcessiveIndicator
/BORROWER/HARDSHIP_DECLARATION/OtherHardshipReasonsIndicator,DataPoint,MISMOIndicator,HARDSHIP_DECLARATION,OtherHardshipReasonsIndicator
/BORROWER/HARDSHIP_DECLARATION/EXTENSION,Container,HARDSHIP_DECLARATION_EXTENSION,HARDSHIP_DECLARATION,EXTENSION
/BORROWER/HARDSHIP_DECLARATION/EXTENSION/MISMO,Container,MISMO_BASE,EXTENSION,MISMO
/BORROWER/HARDSHIP_DECLARATION/EXTENSION/OTHER,Container,HARDSHIP_DECLARATION_OTHER_BASE,EXTENSION,OTHER
/BORROWER/HOUSING_EXPENSE_SUMMARY,Container,HOUSING_EXPENSE_SUMMARY,BORROWER,HOUSING_EXPENSE_SUMMARY
/BORROWER/HOUSING_EXPENSE_SUMMARY/HousingExpensePresentTotalMonthlyPaymentAmount,DataPoint,MISMOAmount,HOUSING_EXPENSE_SUMMARY,HousingExpensePresentTotalMonthlyPaymentAmount
/BORROWER/HOUSING_EXPENSE_SUMMARY/HousingExpenseProposedTotalMonthlyPaymentAmount,DataPoint,MISMOAmount,HOUSING_EXPENSE_SUMMARY,HousingExpenseProposedTotalMonthlyPaymentAmount
/BORROWER/HOUSING_EXPENSE_SUMMARY/NonOccupantBorrowersPresentHousingExpensesTotalMonthlyPaymentAmount,DataPoint,MISMOAmount,HOUSING_EXPENSE_SUMMARY,NonOccupantBorrowersPresentHousingExpensesTotalMonthlyPaymentAmount
/BORROWER/HOUSING_EXPENSE_SUMMARY/EXTENSION,Container,HOUSING_EXPENSE_SUMMARY_EXTENSION,HOUSING_EXPENSE_SUMMARY,EXTENSION
/BORROWER/HOUSING_EXPENSE_SUMMARY/EXTENSION/MISMO,Container,MISMO_BASE,EXTENSION,MISMO
/BORROWER/HOUSING_EXPENSE_SUMMARY/EXTENSION/OTHER,Container,HOUSING_EXPENSE_SUMMARY_OTHER_BASE,EXTENSION,OTHER
/BORROWER/HOUSING_EXPENSES,Container,HOUSING_EXPENSES,BORROWER,HOUSING_EXPENSES
/BORROWER/HOUSING_EXPENSES/HOUSING_EXPENSE,Container,HOUSING_EXPENSE,HOUSING_EXPENSES,HOUSING_EXPENSE
/BORROWER/HOUSING_EXPENSES/HOUSING_EXPENSE/HousingExpensePaymentAmount,DataPoint,MISMOAmount,HOUSING_EXPENSE,HousingExpensePaymentAmount
/BORROWER/HOUSING_EXPENSES/HOUSING_EXPENSE/HousingExpenseTimingType,Enumeration,HousingExpenseTimingEnum,HOUSING_EXPENSE,HousingExpenseTimingType
/BORROWER/HOUSING_EXPENSES/HOUSING_EXPENSE/HousingExpenseType,Enumeration,HousingExpenseEnum,HOUSING_EXPENSE,HousingExpenseType
/BORROWER/HOUSING_EXPENSES/HOUSING_EXPENSE/HousingExpenseTypeOtherDescription,DataPoint,MISMOString,HOUSING_EXPENSE,HousingExpenseTypeOtherDescription
/BORROWER/HOUSING_EXPENSES/HOUSING_EXPENSE/EXTENSION,Container,HOUSING_EXPENSE_EXTENSION,HOUSING_EXPENSE,EXTENSION
/BORROWER/HOUSING_EXPENSES/HOUSING_EXPENSE/EXTENSION/MISMO,Container,MISMO_BASE,EXTENSION,MISMO
/BORROWER/HOUSING_EXPENSES/HOUSING_EXPENSE/EXTENSION/OTHER,Container,HOUSING_EXPENSE_OTHER_BASE,EXTENSION,OTHER
/BORROWER/HOUSING_EXPENSES/EXTENSION,Container,HOUSING_EXPENSES_EXTENSION,HOUSING_EXPENSES,EXTENSION
/BORROWER/HOUSING_EXPENSES/EXTENSION/MISMO,Container,MISMO_BASE,EXTENSION,MISMO
/BORROWER/HOUSING_EXPENSES/EXTENSION/OTHER,Container,HOUSING_EXPENSES_OTHER_BASE,EXTENSION,OTHER
/BORROWER/MILITARY_SERVICES,Container,MILITARY_SERVICES,BORROWER,MILITARY_SERVICES
/BORROWER/MILITARY_SERVICES/MILITARY_SERVICE,Container,MILITARY_SERVICE,MILITARY_SERVICES,MILITARY_SERVICE
/BORROWER/MILITARY_SERVICES/MILITARY_SERVICE/CharacterOfDischargeType,Enumeration,CharacterOfDischargeEnum,MILITARY_SERVICE,CharacterOfDischargeType
/BORROWER/MILITARY_SERVICES/MILITARY_SERVICE/CharacterOfDischargeTypeOtherDescription,DataPoint,MISMOString,MILITARY_SERVICE,CharacterOfDischargeTypeOtherDescription
/BORROWER/MILITARY_SERVICES/MILITARY_SERVICE/MilitaryBranchServiceType,Enumeration,MilitaryBranchServiceEnum,MILITARY_SERVICE,MilitaryBranchServiceType
/BORROWER/MILITARY_SERVICES/MILITARY_SERVICE/MilitaryBranchServiceTypeOtherDescription,DataPoint,MISMOString,MILITARY_SERVICE,MilitaryBranchServiceTypeOtherDescription
/BORROWER/MILITARY_SERVICES/MILITARY_SERVICE/MilitaryBranchType,Enumeration,MilitaryBranchEnum,MILITARY_SERVICE,MilitaryBranchType
/BORROWER/MILITARY_SERVICES/MILITARY_SERVICE/MilitaryBranchTypeOtherDescription,DataPoint,MISMOString,MILITARY_SERVICE,MilitaryBranchTypeOtherDescription
/BORROWER/MILITARY_SERVICES/MILITARY_SERVICE/MilitaryServiceClassificationType,Enumeration,MilitaryServiceClassificationEnum,MILITARY_SERVICE,MilitaryServiceClassificationType
/BORROWER/MILITARY_SERVICES/MILITARY_SERVICE/MilitaryServiceClassificationTypeOtherDescription,DataPoint,MISMOString,MILITARY_SERVICE,MilitaryServiceClassificationTypeOtherDescription
/BORROWER/MILITARY_SERVICES/MILITARY_SERVICE/MilitaryServiceExpectedCompletionDate,DataPoint,MISMODate,MILITARY_SERVICE,MilitaryServiceExpectedCompletionDate
/BORROWER/MILITARY_SERVICES/MILITARY_SERVICE/MilitaryServiceFromDate,DataPoint,MISMODate,MILITARY_SERVICE,MilitaryServiceFromDate
/BORROWER/MILITARY_SERVICES/MILITARY_SERVICE/MilitaryServiceNumberIdentifier,DataPoint,MISMOIdentifier,MILITARY_SERVICE,MilitaryServiceNumberIdentifier
/BORROWER/MILITARY_SERVICES/MILITARY_SERVICE/MilitaryServiceServedAsName,DataPoint,MISMOString,MILITARY_SERVICE,MilitaryServiceServedAsName
/BORROWER/MILITARY_SERVICES/MILITARY_SERVICE/MilitaryServiceToDate,DataPoint,MISMODate,MILITARY_SERVICE,MilitaryServiceToDate
/BORROWER/MILITARY_SERVICES/MILITARY_SERVICE/MilitaryStatusType,Enumeration,MilitaryStatusEnum,MILITARY_SERVICE,MilitaryStatusType
/BORROWER/MILITARY_SERVICES/MILITARY_SERVICE/MilitaryStatusTypeOtherDescription,DataPoint,MISMOString,MILITARY_SERVICE,MilitaryStatusTypeOtherDescription
/BORROWER/MILITARY_SERVICES/MILITARY_SERVICE/SeparatedFromMilitaryServiceDueToDisabilityIndicator,DataPoint,MISMOIndicator,MILITARY_SERVICE,SeparatedFromMilitaryServiceDueToDisabilityIndicator
/BORROWER/MILITARY_SERVICES/MILITARY_SERVICE/VABenefitRelatedIndebtednessIndicator,DataPoint,MISMOIndicator,MILITARY_SERVICE,VABenefitRelatedIndebtednessIndicator
/BORROWER/MILITARY_SERVICES/MILITARY_SERVICE/VABorrowerServedUnderAnotherNameIndicator,DataPoint,MISMOIndicator,MILITARY_SERVICE,VABorrowerServedUnderAnotherNameIndicator
/BORROWER/MILITARY_SERVICES/MILITARY_SERVICE/VAClaimFolderIdentifier,DataPoint,MISMOIdentifier,MILITARY_SERVICE,VAClaimFolderIdentifier
/BORROWER/MILITARY_SERVICES/MILITARY_SERVICE/VADisabilityBenefitClaimIndicator,DataPoint,MISMOIndicator,MILITARY_SERVICE,VADisabilityBenefitClaimIndicator
/BORROWER/MILITARY_SERVICES/MILITARY_SERVICE/VAEligibilityIndicator,DataPoint,MISMOIndicator,MILITARY_SERVICE,VAEligibilityIndicator
/BORROWER/MILITARY_SERVICES/MILITARY_SERVICE/EXTENSION,Container,MILITARY_SERVICE_EXTENSION,MILITARY_SERVICE,EXTENSION
/BORROWER/MILITARY_SERVICES/MILITARY_SERVICE/EXTENSION/MISMO,Container,MISMO_BASE,EXTENSION,MISMO
/BORROWER/MILITARY_SERVICES/MILITARY_SERVICE/EXTENSION/OTHER,Container,MILITARY_SERVICE_OTHER_BASE,EXTENSION,OTHER
/BORROWER/MILITARY_SERVICES/EXTENSION,Container,MILITARY_SERVICES_EXTENSION,MILITARY_SERVICES,EXTENSION
/BORROWER/MILITARY_SERVICES/EXTENSION/MISMO,Container,MISMO_BASE,EXTENSION,MISMO
/BORROWER/MILITARY_SERVICES/EXTENSION/OTHER,Container,MILITARY_SERVICES_OTHER_BASE,EXTENSION,OTHER
/BORROWER/NEAREST_LIVING_RELATIVE,Container,NEAREST_LIVING_RELATIVE,BORROWER,NEAREST_LIVING_RELATIVE
/BORROWER/NEAREST_LIVING_RELATIVE/ADDRESS,Container,ADDRESS,NEAREST_LIVING_RELATIVE,ADDRESS
/BORROWER/NEAREST_LIVING_RELATIVE/ADDRESS/AddressAdditionalLineText,DataPoint,MISMOString,ADDRESS,AddressAdditionalLineText
/BORROWER/NEAREST_LIVING_RELATIVE/ADDRESS/AddressAdditionalLineTwoText,DataPoint,MISMOString,ADDRESS,AddressAdditionalLineTwoText
/BORROWER/NEAREST_LIVING_RELATIVE/ADDRESS/AddressCondominiumApartmentText,DataPoint,MISMOString,ADDRESS,AddressCondominiumApartmentText
/BORROWER/NEAREST_LIVING_RELATIVE/ADDRESS/AddressFormatType,Enumeration,AddressFormatEnum,ADDRESS,AddressFormatType
/BORROWER/NEAREST_LIVING_RELATIVE/ADDRESS/AddressFormatTypeOtherDescription,DataPoint,MISMOString,ADDRESS,AddressFormatTypeOtherDescription
/BORROWER/NEAREST_LIVING_RELATIVE/ADDRESS/AddressIsNotUSPSCodableIndicator,DataPoint,MISMOIndicator,ADDRESS,AddressIsNotUSPSCodableIndicator
/BORROWER/NEAREST_LIVING_RELATIVE/ADDRESS/AddressLineText,DataPoint,MISMOString,ADDRESS,AddressLineText
/BORROWER/NEAREST_LIVING_RELATIVE/ADDRESS/AddressPRUrbanizationText,DataPoint,MISMOString,ADDRESS,AddressPRUrbanizationText
/BORROWER/NEAREST_LIVING_RELATIVE/ADDRESS/AddressType,Enumeration,AddressEnum,ADDRESS,AddressType
/BORROWER/NEAREST_LIVING_RELATIVE/ADDRESS/AddressTypeOtherDescription,DataPoint,MISMOString,ADDRESS,AddressTypeOtherDescription
/BORROWER/NEAREST_LIVING_RELATIVE/ADDRESS/AddressUnitDesignatorType,Enumeration,AddressUnitDesignatorEnum,ADDRESS,AddressUnitDesignatorType
/BORROWER/NEAREST_LIVING_RELATIVE/ADDRESS/AddressUnitDesignatorTypeOtherDescription,DataPoint,MISMOString,ADDRESS,AddressUnitDesignatorTypeOtherDescription
/BORROWER/NEAREST_LIVING_RELATIVE/ADDRESS/AddressUnitIdentifier,DataPoint,MISMOIdentifier,ADDRESS,AddressUnitIdentifier
/BORROWER/NEAREST_LIVING_RELATIVE/ADDRESS/AttentionToName,DataPoint,MISMOString,ADDRESS,AttentionToName
/BORROWER/NEAREST_LIVING_RELATIVE/ADDRESS/CarrierRouteCode,DataPoint,MISMOCode,ADDRESS,CarrierRouteCode
/BORROWER/NEAREST_LIVING_RELATIVE/ADDRESS/CityName,DataPoint,MISMOString,ADDRESS,CityName
/BORROWER/NEAREST_LIVING_RELATIVE/ADDRESS/CountryCode,DataPoint,MISMOCode,ADDRESS,CountryCode
/BORROWER/NEAREST_LIVING_RELATIVE/ADDRESS/CountryName,DataPoint,MISMOString,ADDRESS,CountryName
/BORROWER/NEAREST_LIVING_RELATIVE/ADDRESS/CountyCode,DataPoint,MISMOCode,ADDRESS,CountyCode
/BORROWER/NEAREST_LIVING_RELATIVE/ADDRESS/CountyName,DataPoint,MISMOString,ADDRESS,CountyName
/BORROWER/NEAREST_LIVING_RELATIVE/ADDRESS/DeliveryPointBarCodeCheckValue,DataPoint,MISMOValue,ADDRESS,DeliveryPointBarCodeCheckValue
/BORROWER/NEAREST_LIVING_RELATIVE/ADDRESS/DeliveryPointBarCodeValue,DataPoint,MISMOValue,ADDRESS,DeliveryPointBarCodeValue
/BORROWER/NEAREST_LIVING_RELATIVE/ADDRESS/HighwayContractBoxIdentifier,DataPoint,MISMOIdentifier,ADDRESS,HighwayContractBoxIdentifier
/BORROWER/NEAREST_LIVING_RELATIVE/ADDRESS/HighwayContractRouteIdentifier,DataPoint,MISMOIdentifier,ADDRESS,HighwayContractRouteIdentifier
/BORROWER/NEAREST_LIVING_RELATIVE/ADDRESS/MailStopCode,DataPoint,MISMOCode,ADDRESS,MailStopCode
/BORROWER/NEAREST_LIVING_RELATIVE/ADDRESS/PlusFourZipCode,DataPoint,MISMOCode,ADDRESS,PlusFourZipCode
/BORROWER/NEAREST_LIVING_RELATIVE/ADDRESS/PostalCode,DataPoint,MISMOCode,ADDRESS,PostalCode
/BORROWER/NEAREST_LIVING_RELATIVE/ADDRESS/PostOfficeBoxIdentifier,DataPoint,MISMOIdentifier,ADDRESS,PostOfficeBoxIdentifier
/BORROWER/NEAREST_LIVING_RELATIVE/ADDRESS/RuralRouteBoxIdentifier,DataPoint,MISMOIdentifier,ADDRESS,RuralRouteBoxIdentifier
/BORROWER/NEAREST_LIVING_RELATIVE/ADDRESS/RuralRouteIdentifier,DataPoint,MISMOIdentifier,ADDRESS,RuralRouteIdentifier
/BORROWER/NEAREST_LIVING_RELATIVE/ADDRESS/StandardizedAdditionalAddressLineText,DataPoint,MISMOString,ADDRESS,StandardizedAdditionalAddressLineText
/BORROWER/NEAREST_LIVING_RELATIVE/ADDRESS/StandardizedAdditionalAddressLineTwoText,DataPoint,MISMOString,ADDRESS,StandardizedAdditionalAddressLineTwoText
/BORROWER/NEAREST_LIVING_RELATIVE/ADDRESS/StandardizedAddressLineText,DataPoint,MISMOString,ADDRESS,StandardizedAddressLineText
/BORROWER/NEAREST_LIVING_RELATIVE/ADDRESS/StandardizedAddressUnitDesignatorType,Enumeration,StandardizedAddressUnitDesignatorEnum,ADDRESS,StandardizedAddressUnitDesignatorType
/BORROWER/NEAREST_LIVING_RELATIVE/ADDRESS/StandardizedAddressUnitDesignatorTypeOtherDescription,DataPoint,MISMOString,ADDRESS,StandardizedAddressUnitDesignatorTypeOtherDescription
/BORROWER/NEAREST_LIVING_RELATIVE/ADDRESS/StandardizedPRUrbanizationType,Enumeration,StandardizedPRUrbanizationEnum,ADDRESS,StandardizedPRUrbanizationType
/BORROWER/NEAREST_LIVING_RELATIVE/ADDRESS/StandardizedPRUrbanizationTypeOtherDescription,DataPoint,MISMOString,ADDRESS,StandardizedPRUrbanizationTypeOtherDescription
/BORROWER/NEAREST_LIVING_RELATIVE/ADDRESS/StandardizedRuralHighwayContractRouteType,Enumeration,StandardizedRuralHighwayContractRouteEnum,ADDRESS,StandardizedRuralHighwayContractRouteType
/BORROWER/NEAREST_LIVING_RELATIVE/ADDRESS/StandardizedRuralHighwayContractRouteTypeOtherDescription,DataPoint,MISMOString,ADDRESS,StandardizedRuralHighwayContractRouteTypeOtherDescription
/BORROWER/NEAREST_LIVING_RELATIVE/ADDRESS/StandardizedSpanishAddressDesignatorType,Enumeration,StandardizedSpanishAddressDesignatorEnum,ADDRESS,StandardizedSpanishAddressDesignatorType
/BORROWER/NEAREST_LIVING_RELATIVE/ADDRESS/StandardizedSpanishAddressDesignatorTypeOtherDescription,DataPoint,MISMOString,ADDRESS,StandardizedSpanishAddressDesignatorTypeOtherDescription
/BORROWER/NEAREST_LIVING_RELATIVE/ADDRESS/StandardizedStreetSuffixType,Enumeration,StandardizedStreetSuffixEnum,ADDRESS,StandardizedStreetSuffixType
/BORROWER/NEAREST_LIVING_RELATIVE/ADDRESS/StandardizedStreetSuffixTypeOtherDescription,DataPoint,MISMOString,ADDRESS,StandardizedStreetSuffixTypeOtherDescription
/BORROWER/NEAREST_LIVING_RELATIVE/ADDRESS/StateCode,DataPoint,MISMOCode,ADDRESS,StateCode
/BORROWER/NEAREST_LIVING_RELATIVE/ADDRESS/StateName,DataPoint,MISMOString,ADDRESS,StateName
/BORROWER/NEAREST_LIVING_RELATIVE/ADDRESS/StreetName,DataPoint,MISMOString,ADDRESS,StreetName
/BORROWER/NEAREST_LIVING_RELATIVE/ADDRESS/StreetPostDirectionalText,DataPoint,MISMOString,ADDRESS,StreetPostDirectionalText
/BORROWER/NEAREST_LIVING_RELATIVE/ADDRESS/StreetPreDirectionalText,DataPoint,MISMOString,ADDRESS,StreetPreDirectionalText
/BORROWER/NEAREST_LIVING_RELATIVE/ADDRESS/StreetPrimaryNumberText,DataPoint,MISMOString,ADDRESS,StreetPrimaryNumberText
/BORROWER/NEAREST_LIVING_RELATIVE/ADDRESS/StreetSuffixText,DataPoint,MISMOString,ADDRESS,StreetSuffixText
/BORROWER/NEAREST_LIVING_RELATIVE/ADDRESS/EXTENSION,Container,ADDRESS_EXTENSION,ADDRESS,EXTENSION
/BORROWER/NEAREST_LIVING_RELATIVE/ADDRESS/EXTENSION/MISMO,Container,MISMO_BASE,EXTENSION,MISMO
/BORROWER/NEAREST_LIVING_RELATIVE/ADDRESS/EXTENSION/OTHER,Container,ADDRESS_OTHER_BASE,EXTENSION,OTHER
/BORROWER/NEAREST_LIVING_RELATIVE/CONTACT_POINTS,Container,CONTACT_POINTS,NEAREST_LIVING_RELATIVE,CONTACT_POINTS
/BORROWER/NEAREST_LIVING_RELATIVE/CONTACT_POINTS/CONTACT_POINT,Container,CONTACT_POINT,CONTACT_POINTS,CONTACT_POINT
/BORROWER/NEAREST_LIVING_RELATIVE/CONTACT_POINTS/CONTACT_POINT/CONTACT_POINT_EMAIL,Container,CONTACT_POINT_EMAIL,CONTACT_POINT,CONTACT_POINT_EMAIL
/BORROWER/NEAREST_LIVING_RELATIVE/CONTACT_POINTS/CONTACT_POINT/CONTACT_POINT_EMAIL/ContactPointEmailValue,DataPoint,MISMOValue,CONTACT_POINT_EMAIL,ContactPointEmailValue
/BORROWER/NEAREST_LIVING_RELATIVE/CONTACT_POINTS/CONTACT_POINT/CONTACT_POINT_EMAIL/EXTENSION,Container,CONTACT_POINT_EMAIL_EXTENSION,CONTACT_POINT_EMAIL,EXTENSION
/BORROWER/NEAREST_LIVING_RELATIVE/CONTACT_POINTS/CONTACT_POINT/CONTACT_POINT_EMAIL/EXTENSION/MISMO,Container,MISMO_BASE,EXTENSION,MISMO
/BORROWER/NEAREST_LIVING_RELATIVE/CONTACT_POINTS/CONTACT_POINT/CONTACT_POINT_EMAIL/EXTENSION/OTHER,Container,CONTACT_POINT_EMAIL_OTHER_BASE,EXTENSION,OTHER
/BORROWER/NEAREST_LIVING_RELATIVE/CONTACT_POINTS/CONTACT_POINT/CONTACT_POINT_SOCIAL_MEDIA,Container,CONTACT_POINT_SOCIAL_MEDIA,CONTACT_POINT,CONTACT_POINT_SOCIAL_MEDIA
/BORROWER/NEAREST_LIVING_RELATIVE/CONTACT_POINTS/CONTACT_POINT/CONTACT_POINT_SOCIAL_MEDIA/SocialMediaIdentifier,DataPoint,MISMOIdentifier,CONTACT_POINT_SOCIAL_MEDIA,SocialMediaIdentifier
/BORROWER/NEAREST_LIVING_RELATIVE/CONTACT_POINTS/CONTACT_POINT/CONTACT_POINT_SOCIAL_MEDIA/EXTENSION,Container,CONTACT_POINT_SOCIAL_MEDIA_EXTENSION,CONTACT_POINT_SOCIAL_MEDIA,EXTENSION
/BORROWER/NEAREST_LIVING_RELATIVE/CONTACT_POINTS/CONTACT_POINT/CONTACT_POINT_SOCIAL_MEDIA/EXTENSION/MISMO,Container,MISMO_BASE,EXTENSION,MISMO
/BORROWER/NEAREST_LIVING_RELATIVE/CONTACT_POINTS/CONTACT_POINT/CONTACT_POINT_SOCIAL_MEDIA/EXTENSION/OTHER,Container,CONTACT_POINT_SOCIAL_MEDIA_OTHER_BASE,EXTENSION,OTHER
/BORROWER/NEAREST_LIVING_RELATIVE/CONTACT_POINTS/CONTACT_POINT/CONTACT_POINT_TELEPHONE,Container,CONTACT_POINT_TELEPHONE,CONTACT_POINT,CONTACT_POINT_TELEPHONE
/BORROWER/NEAREST_LIVING_RELATIVE/CONTACT_POINTS/CONTACT_POINT/CONTACT_POINT_TELEPHONE/ContactPointFaxExtensionValue,DataPoint,MISMOValue,CONTACT_POINT_TELEPHONE,ContactPointFaxExtensionValue
/BORROWER/NEAREST_LIVING_RELATIVE/CONTACT_POINTS/CONTACT_POINT/CONTACT_POINT_TELEPHONE/ContactPointFaxValue,DataPoint,MISMOValue,CONTACT_POINT_TELEPHONE,ContactPointFaxValue
/BORROWER/NEAREST_LIVING_RELATIVE/CONTACT_POINTS/CONTACT_POINT/CONTACT_POINT_TELEPHONE/ContactPointTelephoneExtensionValue,DataPoint,MISMOValue,CONTACT_POINT_TELEPHONE,ContactPointTelephoneExtensionValue
/BORROWER/NEAREST_LIVING_RELATIVE/CONTACT_POINTS/CONTACT_POINT/CONTACT_POINT_TELEPHONE/ContactPointTelephoneTollFreeIndicator,DataPoint,MISMOIndicator,CONTACT_POINT_TELEPHONE,ContactPointTelephoneTollFreeIndicator
/BORROWER/NEAREST_LIVING_RELATIVE/CONTACT_POINTS/CONTACT_POINT/CONTACT_POINT_TELEPHONE/ContactPointTelephoneValue,DataPoint,MISMOValue,CONTACT_POINT_TELEPHONE,ContactPointTelephoneValue
/BORROWER/NEAREST_LIVING_RELATIVE/CONTACT_POINTS/CONTACT_POINT/CONTACT_POINT_TELEPHONE/TextMessageAcceptanceType,Enumeration,TextMessageAcceptanceEnum,CONTACT_POINT_TELEPHONE,TextMessageAcceptanceType
/BORROWER/NEAREST_LIVING_RELATIVE/CONTACT_POINTS/CONTACT_POINT/CONTACT_POINT_TELEPHONE/EXTENSION,Container,CONTACT_POINT_TELEPHONE_EXTENSION,CONTACT_POINT_TELEPHONE,EXTENSION
/BORROWER/NEAREST_LIVING_RELATIVE/CONTACT_POINTS/CONTACT_POINT/CONTACT_POINT_TELEPHONE/EXTENSION/MISMO,Container,MISMO_BASE,EXTENSION,MISMO
/BORROWER/NEAREST_LIVING_RELATIVE/CONTACT_POINTS/CONTACT_POINT/CONTACT_POINT_TELEPHONE/EXTENSION/OTHER,Container,CONTACT_POINT_TELEPHONE_OTHER_BASE,EXTENSION,OTHER
/BORROWER/NEAREST_LIVING_RELATIVE/CONTACT_POINTS/CONTACT_POINT/OTHER_CONTACT_POINT,Container,OTHER_CONTACT_POINT,CONTACT_POINT,OTHER_CONTACT_POINT
/BORROWER/NEAREST_LIVING_RELATIVE/CONTACT_POINTS/CONTACT_POINT/OTHER_CONTACT_POINT/ContactPointOtherValue,DataPoint,MISMOValue,OTHER_CONTACT_POINT,ContactPointOtherValue
/BORROWER/NEAREST_LIVING_RELATIVE/CONTACT_POINTS/CONTACT_POINT/OTHER_CONTACT_POINT/ContactPointOtherValueDescription,DataPoint,MISMOString,OTHER_CONTACT_POINT,ContactPointOtherValueDescription
/BORROWER/NEAREST_LIVING_RELATIVE/CONTACT_POINTS/CONTACT_POINT/OTHER_CONTACT_POINT/EXTENSION,Container,OTHER_CONTACT_POINT_EXTENSION,OTHER_CONTACT_POINT,EXTENSION
/BORROWER/NEAREST_LIVING_RELATIVE/CONTACT_POINTS/CONTACT_POINT/OTHER_CONTACT_POINT/EXTENSION/MISMO,Container,MISMO_BASE,EXTENSION,MISMO
/BORROWER/NEAREST_LIVING_RELATIVE/CONTACT_POINTS/CONTACT_POINT/OTHER_CONTACT_POINT/EXTENSION/OTHER,Container,OTHER_CONTACT_POINT_OTHER_BASE,EXTENSION,OTHER
/BORROWER/NEAREST_LIVING_RELATIVE/CONTACT_POINTS/CONTACT_POINT/CONTACT_POINT_DETAIL,Container,CONTACT_POINT_DETAIL,CONTACT_POINT,CONTACT_POINT_DETAIL
/BORROWER/NEAREST_LIVING_RELATIVE/CONTACT_POINTS/CONTACT_POINT/CONTACT_POINT_DETAIL/ContactPointPreferenceIndicator,DataPoint,MISMOIndicator,CONTACT_POINT_DETAIL,ContactPointPreferenceIndicator
/BORROWER/NEAREST_LIVING_RELATIVE/CONTACT_POINTS/CONTACT_POINT/CONTACT_POINT_DETAIL/ContactPointTimeZoneType,Enumeration,ContactPointTimeZoneEnum,CONTACT_POINT_DETAIL,ContactPointTimeZoneType
/BORROWER/NEAREST_LIVING_RELATIVE/CONTACT_POINTS/CONTACT_POINT/CONTACT_POINT_DETAIL/ContactPointTimeZoneTypeOtherDescription,DataPoint,MISMOString,CONTACT_POINT_DETAIL,ContactPointTimeZoneTypeOtherDescription
/BORROWER/NEAREST_LIVING_RELATIVE/CONTACT_POINTS/CONTACT_POINT/CONTACT_POINT_DETAIL/NoTelephoneIndicator,DataPoint,MISMOIndicator,CONTACT_POINT_DETAIL,NoTelephoneIndicator
/BORROWER/NEAREST_LIVING_RELATIVE/CONTACT_POINTS/CONTACT_POINT/CONTACT_POINT_DETAIL/PriorContactPointIndicator,DataPoint,MISMOIndicator,CONTACT_POINT_DETAIL,PriorContactPointIndicator
/BORROWER/NEAREST_LIVING_RELATIVE/CONTACT_POINTS/CONTACT_POINT/CONTACT_POINT_DETAIL/RequestNoContactIndicator,DataPoint,MISMOIndicator,CONTACT_POINT_DETAIL,RequestNoContactIndicator
/BORROWER/NEAREST_LIVING_RELATIVE/CONTACT_POINTS/CONTACT_POINT/CONTACT_POINT_DETAIL/EXTENSION,Container,CONTACT_POINT_DETAIL_EXTENSION,CONTACT_POINT_DETAIL,EXTENSION
/BORROWER/NEAREST_LIVING_RELATIVE/CONTACT_POINTS/CONTACT_POINT/CONTACT_POINT_DETAIL/EXTENSION/MISMO,Container,MISMO_BASE,EXTENSION,MISMO
/BORROWER/NEAREST_LIVING_RELATIVE/CONTACT_POINTS/CONTACT_POINT/CONTACT_POINT_DETAIL/EXTENSION/OTHER,Container,CONTACT_POINT_DETAIL_OTHER_BASE,EXTENSION,OTHER
/BORROWER/NEAREST_LIVING_RELATIVE/CONTACT_POINTS/CONTACT_POINT/CONTACT_POINT_ROLES,Container,CONTACT_POINT_ROLES,CONTACT_POINT,CONTACT_POINT_ROLES
/BORROWER/NEAREST_LIVING_RELATIVE/CONTACT_POINTS/CONTACT_POINT/CONTACT_POINT_ROLES/CONTACT_POINT_ROLE,Container,CONTACT_POINT_ROLE,CONTACT_POINT_ROLES,CONTACT_POINT_ROLE
/BORROWER/NEAREST_LIVING_RELATIVE/CONTACT_POINTS/CONTACT_POINT/CONTACT_POINT_ROLES/CONTACT_POINT_ROLE/ContactPointRoleType,Enumeration,ContactPointRoleEnum,CONTACT_POINT_ROLE,ContactPointRoleType
/BORROWER/NEAREST_LIVING_RELATIVE/CONTACT_POINTS/CONTACT_POINT/CONTACT_POINT_ROLES/CONTACT_POINT_ROLE/ContactPointRoleTypeOtherDescription,DataPoint,MISMOString,CONTACT_POINT_ROLE,ContactPointRoleTypeOtherDescription
/BORROWER/NEAREST_LIVING_RELATIVE/CONTACT_POINTS/CONTACT_POINT/CONTACT_POINT_ROLES/CONTACT_POINT_ROLE/EXTENSION,Container,CONTACT_POINT_ROLE_EXTENSION,CONTACT_POINT_ROLE,EXTENSION
/BORROWER/NEAREST_LIVING_RELATIVE/CONTACT_POINTS/CONTACT_POINT/CONTACT_POINT_ROLES/CONTACT_POINT_ROLE/EXTENSION/MISMO,Container,MISMO_BASE,EXTENSION,MISMO
/BORROWER/NEAREST_LIVING_RELATIVE/CONTACT_POINTS/CONTACT_POINT/CONTACT_POINT_ROLES/CONTACT_POINT_ROLE/EXTENSION/OTHER,Container,CONTACT_POINT_ROLE_OTHER_BASE,EXTENSION,OTHER
/BORROWER/NEAREST_LIVING_RELATIVE/CONTACT_POINTS/CONTACT_POINT/CONTACT_POINT_ROLES/EXTENSION,Container,CONTACT_POINT_ROLES_EXTENSION,CONTACT_POINT_ROLES,EXTENSION
/BORROWER/NEAREST_LIVING_RELATIVE/CONTACT_POINTS/CONTACT_POINT/CONTACT_POINT_ROLES/EXTENSION/MISMO,Container,MISMO_BASE,EXTENSION,MISMO
/BORROWER/NEAREST_LIVING_RELATIVE/CONTACT_POINTS/CONTACT_POINT/CONTACT_POINT_ROLES/EXTENSION/OTHER,Container,CONTACT_POINT_ROLES_OTHER_BASE,EXTENSION,OTHER
/BORROWER/NEAREST_LIVING_RELATIVE/CONTACT_POINTS/CONTACT_POINT/CONTACT_POINT_TIME_PREFERENCES,Container,CONTACT_POINT_TIME_PREFERENCES,CONTACT_POINT,CONTACT_POINT_TIME_PREFERENCES
/BORROWER/NEAREST_LIVING_RELATIVE/CONTACT_POINTS/CONTACT_POINT/CONTACT_POINT_TIME_PREFERENCES/CONTACT_POINT_TIME_PREFERENCE,Container,CONTACT_POINT_TIME_PREFERENCE,CONTACT_POINT_TIME_PREFERENCES,CONTACT_POINT_TIME_PREFERENCE
/BORROWER/NEAREST_LIVING_RELATIVE/CONTACT_POINTS/CONTACT_POINT/CONTACT_POINT_TIME_PREFERENCES/CONTACT_POINT_TIME_PREFERENCE/ContactPointDayPreferenceType,Enumeration,ContactPointDayPreferenceEnum,CONTACT_POINT_TIME_PREFERENCE,ContactPointDayPreferenceType
/BORROWER/NEAREST_LIVING_RELATIVE/CONTACT_POINTS/CONTACT_POINT/CONTACT_POINT_TIME_PREFERENCES/CONTACT_POINT_TIME_PREFERENCE/ContactPointDayPreferenceTypeOtherDescription,DataPoint,MISMOString,CONTACT_POINT_TIME_PREFERENCE,ContactPointDayPreferenceTypeOtherDescription
/BORROWER/NEAREST_LIVING_RELATIVE/CONTACT_POINTS/CONTACT_POINT/CONTACT_POINT_TIME_PREFERENCES/CONTACT_POINT_TIME_PREFERENCE/ContactPointNoContactEndingDate,DataPoint,MISMODate,CONTACT_POINT_TIME_PREFERENCE,ContactPointNoContactEndingDate
/BORROWER/NEAREST_LIVING_RELATIVE/CONTACT_POINTS/CONTACT_POINT/CONTACT_POINT_TIME_PREFERENCES/CONTACT_POINT_TIME_PREFERENCE/ContactPointNoContactStartingDate,DataPoint,MISMODate,CONTACT_POINT_TIME_PREFERENCE,ContactPointNoContactStartingDate
/BORROWER/NEAREST_LIVING_RELATIVE/CONTACT_POINTS/CONTACT_POINT/CONTACT_POINT_TIME_PREFERENCES/CONTACT_POINT_TIME_PREFERENCE/ContactPointPreferenceEndTime,DataPoint,MISMOTime,CONTACT_POINT_TIME_PREFERENCE,ContactPointPreferenceEndTime
/BORROWER/NEAREST_LIVING_RELATIVE/CONTACT_POINTS/CONTACT_POINT/CONTACT_POINT_TIME_PREFERENCES/CONTACT_POINT_TIME_PREFERENCE/ContactPointPreferenceStartTime,DataPoint,MISMOTime,CONTACT_POINT_TIME_PREFERENCE,ContactPointPreferenceStartTime
/BORROWER/NEAREST_LIVING_RELATIVE/CONTACT_POINTS/CONTACT_POINT/CONTACT_POINT_TIME_PREFERENCES/CONTACT_POINT_TIME_PREFERENCE/ContactPointRequestNoContactIndicator,DataPoint,MISMOIndicator,CONTACT_POINT_TIME_PREFERENCE,ContactPointRequestNoContactIndicator
/BORROWER/NEAREST_LIVING_RELATIVE/CONTACT_POINTS/CONTACT_POINT/CONTACT_POINT_TIME_PREFERENCES/CONTACT_POINT_TIME_PREFERENCE/ContactPointTimePreferenceNoticeDatetime,DataPoint,MISMODatetime,CONTACT_POINT_TIME_PREFERENCE,ContactPointTimePreferenceNoticeDatetime
/BORROWER/NEAREST_LIVING_RELATIVE/CONTACT_POINTS/CONTACT_POINT/CONTACT_POINT_TIME_PREFERENCES/CONTACT_POINT_TIME_PREFERENCE/ContactPointTimePreferenceSourceType,Enumeration,ContactPointTimePreferenceSourceEnum,CONTACT_POINT_TIME_PREFERENCE,ContactPointTimePreferenceSourceType
/BORROWER/NEAREST_LIVING_RELATIVE/CONTACT_POINTS/CONTACT_POINT/CONTACT_POINT_TIME_PREFERENCES/CONTACT_POINT_TIME_PREFERENCE/ContactPointTimePreferenceSourceTypeAdditionalDescription,DataPoint,MISMOString,CONTACT_POINT_TIME_PREFERENCE,ContactPointTimePreferenceSourceTypeAdditionalDescription
/BORROWER/NEAREST_LIVING_RELATIVE/CONTACT_POINTS/CONTACT_POINT/CONTACT_POINT_TIME_PREFERENCES/CONTACT_POINT_TIME_PREFERENCE/ContactPointTimePreferenceSourceTypeOtherDescription,DataPoint,MISMOString,CONTACT_POINT_TIME_PREFERENCE,ContactPointTimePreferenceSourceTypeOtherDescription
/BORROWER/NEAREST_LIVING_RELATIVE/CONTACT_POINTS/CONTACT_POINT/CONTACT_POINT_TIME_PREFERENCES/CONTACT_POINT_TIME_PREFERENCE/ContactPointTimeZoneType,Enumeration,ContactPointTimeZoneEnum,CONTACT_POINT_TIME_PREFERENCE,ContactPointTimeZoneType
/BORROWER/NEAREST_LIVING_RELATIVE/CONTACT_POINTS/CONTACT_POINT/CONTACT_POINT_TIME_PREFERENCES/CONTACT_POINT_TIME_PREFERENCE/ContactPointTimeZoneTypeOtherDescription,DataPoint,MISMOString,CONTACT_POINT_TIME_PREFERENCE,ContactPointTimeZoneTypeOtherDescription
/BORROWER/NEAREST_LIVING_RELATIVE/CONTACT_POINTS/CONTACT_POINT/CONTACT_POINT_TIME_PREFERENCES/CONTACT_POINT_TIME_PREFERENCE/EXTENSION,Container,CONTACT_POINT_TIME_PREFERENCE_EXTENSION,CONTACT_POINT_TIME_PREFERENCE,EXTENSION
/BORROWER/NEAREST_LIVING_RELATIVE/CONTACT_POINTS/CONTACT_POINT/CONTACT_POINT_TIME_PREFERENCES/CONTACT_POINT_TIME_PREFERENCE/EXTENSION/MISMO,Container,MISMO_BASE,EXTENSION,MISMO
/BORROWER/NEAREST_LIVING_RELATIVE/CONTACT_POINTS/CONTACT_POINT/CONTACT_POINT_TIME_PREFERENCES/CONTACT_POINT_TIME_PREFERENCE/EXTENSION/OTHER,Container,CONTACT_POINT_TIME_PREFERENCE_OTHER_BASE,EXTENSION,OTHER
/BORROWER/NEAREST_LIVING_RELATIVE/CONTACT_POINTS/CONTACT_POINT/CONTACT_POINT_TIME_PREFERENCES/EXTENSION,Container,CONTACT_POINT_TIME_PREFERENCES_EXTENSION,CONTACT_POINT_TIME_PREFERENCES,EXTENSION
/BORROWER/NEAREST_LIVING_RELATIVE/CONTACT_POINTS/CONTACT_POINT/CONTACT_POINT_TIME_PREFERENCES/EXTENSION/MISMO,Container,MISMO_BASE,EXTENSION,MISMO
/BORROWER/NEAREST_LIVING_RELATIVE/CONTACT_POINTS/CONTACT_POINT/CONTACT_POINT_TIME_PREFERENCES/EXTENSION/OTHER,Container,CONTACT_POINT_TIME_PREFERENCES_OTHER_BASE,EXTENSION,OTHER
/BORROWER/NEAREST_LIVING_RELATIVE/CONTACT_POINTS/CONTACT_POINT/EXTENSION,Container,CONTACT_POINT_EXTENSION,CONTACT_POINT,EXTENSION
/BORROWER/NEAREST_LIVING_RELATIVE/CONTACT_POINTS/CONTACT_POINT/EXTENSION/MISMO,Container,MISMO_BASE,EXTENSION,MISMO
/BORROWER/NEAREST_LIVING_RELATIVE/CONTACT_POINTS/CONTACT_POINT/EXTENSION/OTHER,Container,CONTACT_POINT_OTHER_BASE,EXTENSION,OTHER
/BORROWER/NEAREST_LIVING_RELATIVE/CONTACT_POINTS/EXTENSION,Container,CONTACT_POINTS_EXTENSION,CONTACT_POINTS,EXTENSION
/BORROWER/NEAREST_LIVING_RELATIVE/CONTACT_POINTS/EXTENSION/MISMO,Container,MISMO_BASE,EXTENSION,MISMO
/BORROWER/NEAREST_LIVING_RELATIVE/CONTACT_POINTS/EXTENSION/OTHER,Container,CONTACT_POINTS_OTHER_BASE,EXTENSION,OTHER
/BORROWER/NEAREST_LIVING_RELATIVE/NAME,Container,NAME,NEAREST_LIVING_RELATIVE,NAME
/BORROWER/NEAREST_LIVING_RELATIVE/NAME/EducationalAchievementsDescription,DataPoint,MISMOString,NAME,EducationalAchievementsDescription
/BORROWER/NEAREST_LIVING_RELATIVE/NAME/FirstName,DataPoint,MISMOString,NAME,FirstName
/BORROWER/NEAREST_LIVING_RELATIVE/NAME/FullName,DataPoint,MISMOString,NAME,FullName
/BORROWER/NEAREST_LIVING_RELATIVE/NAME/FunctionalTitleDescription,DataPoint,MISMOString,NAME,FunctionalTitleDescription
/BORROWER/NEAREST_LIVING_RELATIVE/NAME/IndividualTitleDescription,DataPoint,MISMOString,NAME,IndividualTitleDescription
/BORROWER/NEAREST_LIVING_RELATIVE/NAME/LastName,DataPoint,MISMOString,NAME,LastName
/BORROWER/NEAREST_LIVING_RELATIVE/NAME/MiddleName,DataPoint,MISMOString,NAME,MiddleName
/BORROWER/NEAREST_LIVING_RELATIVE/NAME/PrefixName,DataPoint,MISMOString,NAME,PrefixName
/BORROWER/NEAREST_LIVING_RELATIVE/NAME/SuffixName,DataPoint,MISMOString,NAME,SuffixName
/BORROWER/NEAREST_LIVING_RELATIVE/NAME/EXTENSION,Container,NAME_EXTENSION,NAME,EXTENSION
/BORROWER/NEAREST_LIVING_RELATIVE/NAME/EXTENSION/MISMO,Container,MISMO_BASE,EXTENSION,MISMO
/BORROWER/NEAREST_LIVING_RELATIVE/NAME/EXTENSION/OTHER,Container,NAME_OTHER_BASE,EXTENSION,OTHER
/BORROWER/NEAREST_LIVING_RELATIVE/NEAREST_LIVING_RELATIVE_DETAIL,Container,NEAREST_LIVING_RELATIVE_DETAIL,NEAREST_LIVING_RELATIVE,NEAREST_LIVING_RELATIVE_DETAIL
/BORROWER/NEAREST_LIVING_RELATIVE/NEAREST_LIVING_RELATIVE_DETAIL/BorrowerNearestLivingRelativeRelationshipDescription,DataPoint,MISMOString,NEAREST_LIVING_RELATIVE_DETAIL,BorrowerNearestLivingRelativeRelationshipDescription
/BORROWER/NEAREST_LIVING_RELATIVE/NEAREST_LIVING_RELATIVE_DETAIL/EXTENSION,Container,NEAREST_LIVING_RELATIVE_DETAIL_EXTENSION,NEAREST_LIVING_RELATIVE_DETAIL,EXTENSION
/BORROWER/NEAREST_LIVING_RELATIVE/NEAREST_LIVING_RELATIVE_DETAIL/EXTENSION/MISMO,Container,MISMO_BASE,EXTENSION,MISMO
/BORROWER/NEAREST_LIVING_RELATIVE/NEAREST_LIVING_RELATIVE_DETAIL/EXTENSION/OTHER,Container,NEAREST_LIVING_RELATIVE_DETAIL_OTHER_BASE,EXTENSION,OTHER
/BORROWER/NEAREST_LIVING_RELATIVE/EXTENSION,Container,NEAREST_LIVING_RELATIVE_EXTENSION,NEAREST_LIVING_RELATIVE,EXTENSION
/BORROWER/NEAREST_LIVING_RELATIVE/EXTENSION/MISMO,Container,MISMO_BASE,EXTENSION,MISMO
/BORROWER/NEAREST_LIVING_RELATIVE/EXTENSION/OTHER,Container,NEAREST_LIVING_RELATIVE_OTHER_BASE,EXTENSION,OTHER
/BORROWER/RESIDENCES,Container,RESIDENCES,BORROWER,RESIDENCES
/BORROWER/RESIDENCES/RESIDENCE,Container,RESIDENCE,RESIDENCES,RESIDENCE
/BORROWER/RESIDENCES/RESIDENCE/ADDRESS,Container,ADDRESS,RESIDENCE,ADDRESS
/BORROWER/RESIDENCES/RESIDENCE/ADDRESS/AddressAdditionalLineText,DataPoint,MISMOString,ADDRESS,AddressAdditionalLineText
/BORROWER/RESIDENCES/RESIDENCE/ADDRESS/AddressAdditionalLineTwoText,DataPoint,MISMOString,ADDRESS,AddressAdditionalLineTwoText
/BORROWER/RESIDENCES/RESIDENCE/ADDRESS/AddressCondominiumApartmentText,DataPoint,MISMOString,ADDRESS,AddressCondominiumApartmentText
/BORROWER/RESIDENCES/RESIDENCE/ADDRESS/AddressFormatType,Enumeration,AddressFormatEnum,ADDRESS,AddressFormatType
/BORROWER/RESIDENCES/RESIDENCE/ADDRESS/AddressFormatTypeOtherDescription,DataPoint,MISMOString,ADDRESS,AddressFormatTypeOtherDescription
/BORROWER/RESIDENCES/RESIDENCE/ADDRESS/AddressIsNotUSPSCodableIndicator,DataPoint,MISMOIndicator,ADDRESS,AddressIsNotUSPSCodableIndicator
/BORROWER/RESIDENCES/RESIDENCE/ADDRESS/AddressLineText,DataPoint,MISMOString,ADDRESS,AddressLineText
/BORROWER/RESIDENCES/RESIDENCE/ADDRESS/AddressPRUrbanizationText,DataPoint,MISMOString,ADDRESS,AddressPRUrbanizationText
/BORROWER/RESIDENCES/RESIDENCE/ADDRESS/AddressType,Enumeration,AddressEnum,ADDRESS,AddressType
/BORROWER/RESIDENCES/RESIDENCE/ADDRESS/AddressTypeOtherDescription,DataPoint,MISMOString,ADDRESS,AddressTypeOtherDescription
/BORROWER/RESIDENCES/RESIDENCE/ADDRESS/AddressUnitDesignatorType,Enumeration,AddressUnitDesignatorEnum,ADDRESS,AddressUnitDesignatorType
/BORROWER/RESIDENCES/RESIDENCE/ADDRESS/AddressUnitDesignatorTypeOtherDescription,DataPoint,MISMOString,ADDRESS,AddressUnitDesignatorTypeOtherDescription
/BORROWER/RESIDENCES/RESIDENCE/ADDRESS/AddressUnitIdentifier,DataPoint,MISMOIdentifier,ADDRESS,AddressUnitIdentifier
/BORROWER/RESIDENCES/RESIDENCE/ADDRESS/AttentionToName,DataPoint,MISMOString,ADDRESS,AttentionToName
/BORROWER/RESIDENCES/RESIDENCE/ADDRESS/CarrierRouteCode,DataPoint,MISMOCode,ADDRESS,CarrierRouteCode
/BORROWER/RESIDENCES/RESIDENCE/ADDRESS/CityName,DataPoint,MISMOString,ADDRESS,CityName
/BORROWER/RESIDENCES/RESIDENCE/ADDRESS/CountryCode,DataPoint,MISMOCode,ADDRESS,CountryCode
/BORROWER/RESIDENCES/RESIDENCE/ADDRESS/CountryName,DataPoint,MISMOString,ADDRESS,CountryName
/BORROWER/RESIDENCES/RESIDENCE/ADDRESS/CountyCode,DataPoint,MISMOCode,ADDRESS,CountyCode
/BORROWER/RESIDENCES/RESIDENCE/ADDRESS/CountyName,DataPoint,MISMOString,ADDRESS,CountyName
/BORROWER/RESIDENCES/RESIDENCE/ADDRESS/DeliveryPointBarCodeCheckValue,DataPoint,MISMOValue,ADDRESS,DeliveryPointBarCodeCheckValue
/BORROWER/RESIDENCES/RESIDENCE/ADDRESS/DeliveryPointBarCodeValue,DataPoint,MISMOValue,ADDRESS,DeliveryPointBarCodeValue
/BORROWER/RESIDENCES/RESIDENCE/ADDRESS/HighwayContractBoxIdentifier,DataPoint,MISMOIdentifier,ADDRESS,HighwayContractBoxIdentifier
/BORROWER/RESIDENCES/RESIDENCE/ADDRESS/HighwayContractRouteIdentifier,DataPoint,MISMOIdentifier,ADDRESS,HighwayContractRouteIdentifier
/BORROWER/RESIDENCES/RESIDENCE/ADDRESS/MailStopCode,DataPoint,MISMOCode,ADDRESS,MailStopCode
/BORROWER/RESIDENCES/RESIDENCE/ADDRESS/PlusFourZipCode,DataPoint,MISMOCode,ADDRESS,PlusFourZipCode
/BORROWER/RESIDENCES/RESIDENCE/ADDRESS/PostalCode,DataPoint,MISMOCode,ADDRESS,PostalCode
/BORROWER/RESIDENCES/RESIDENCE/ADDRESS/PostOfficeBoxIdentifier,DataPoint,MISMOIdentifier,ADDRESS,PostOfficeBoxIdentifier
/BORROWER/RESIDENCES/RESIDENCE/ADDRESS/RuralRouteBoxIdentifier,DataPoint,MISMOIdentifier,ADDRESS,RuralRouteBoxIdentifier
/BORROWER/RESIDENCES/RESIDENCE/ADDRESS/RuralRouteIdentifier,DataPoint,MISMOIdentifier,ADDRESS,RuralRouteIdentifier
/BORROWER/RESIDENCES/RESIDENCE/ADDRESS/StandardizedAdditionalAddressLineText,DataPoint,MISMOString,ADDRESS,StandardizedAdditionalAddressLineText
/BORROWER/RESIDENCES/RESIDENCE/ADDRESS/StandardizedAdditionalAddressLineTwoText,DataPoint,MISMOString,ADDRESS,StandardizedAdditionalAddressLineTwoText
/BORROWER/RESIDENCES/RESIDENCE/ADDRESS/StandardizedAddressLineText,DataPoint,MISMOString,ADDRESS,StandardizedAddressLineText
/BORROWER/RESIDENCES/RESIDENCE/ADDRESS/StandardizedAddressUnitDesignatorType,Enumeration,StandardizedAddressUnitDesignatorEnum,ADDRESS,StandardizedAddressUnitDesignatorType
/BORROWER/RESIDENCES/RESIDENCE/ADDRESS/StandardizedAddressUnitDesignatorTypeOtherDescription,DataPoint,MISMOString,ADDRESS,StandardizedAddressUnitDesignatorTypeOtherDescription
/BORROWER/RESIDENCES/RESIDENCE/ADDRESS/StandardizedPRUrbanizationType,Enumeration,StandardizedPRUrbanizationEnum,ADDRESS,StandardizedPRUrbanizationType
/BORROWER/RESIDENCES/RESIDENCE/ADDRESS/StandardizedPRUrbanizationTypeOtherDescription,DataPoint,MISMOString,ADDRESS,StandardizedPRUrbanizationTypeOtherDescription
/BORROWER/RESIDENCES/RESIDENCE/ADDRESS/StandardizedRuralHighwayContractRouteType,Enumeration,StandardizedRuralHighwayContractRouteEnum,ADDRESS,StandardizedRuralHighwayContractRouteType
/BORROWER/RESIDENCES/RESIDENCE/ADDRESS/StandardizedRuralHighwayContractRouteTypeOtherDescription,DataPoint,MISMOString,ADDRESS,StandardizedRuralHighwayContractRouteTypeOtherDescription
/BORROWER/RESIDENCES/RESIDENCE/ADDRESS/StandardizedSpanishAddressDesignatorType,Enumeration,StandardizedSpanishAddressDesignatorEnum,ADDRESS,StandardizedSpanishAddressDesignatorType
/BORROWER/RESIDENCES/RESIDENCE/ADDRESS/StandardizedSpanishAddressDesignatorTypeOtherDescription,DataPoint,MISMOString,ADDRESS,StandardizedSpanishAddressDesignatorTypeOtherDescription
/BORROWER/RESIDENCES/RESIDENCE/ADDRESS/StandardizedStreetSuffixType,Enumeration,StandardizedStreetSuffixEnum,ADDRESS,StandardizedStreetSuffixType
/BORROWER/RESIDENCES/RESIDENCE/ADDRESS/StandardizedStreetSuffixTypeOtherDescription,DataPoint,MISMOString,ADDRESS,StandardizedStreetSuffixTypeOtherDescription
/BORROWER/RESIDENCES/RESIDENCE/ADDRESS/StateCode,DataPoint,MISMOCode,ADDRESS,StateCode
/BORROWER/RESIDENCES/RESIDENCE/ADDRESS/StateName,DataPoint,MISMOString,ADDRESS,StateName
/BORROWER/RESIDENCES/RESIDENCE/ADDRESS/StreetName,DataPoint,MISMOString,ADDRESS,StreetName
/BORROWER/RESIDENCES/RESIDENCE/ADDRESS/StreetPostDirectionalText,DataPoint,MISMOString,ADDRESS,StreetPostDirectionalText
/BORROWER/RESIDENCES/RESIDENCE/ADDRESS/StreetPreDirectionalText,DataPoint,MISMOString,ADDRESS,StreetPreDirectionalText
/BORROWER/RESIDENCES/RESIDENCE/ADDRESS/StreetPrimaryNumberText,DataPoint,MISMOString,ADDRESS,StreetPrimaryNumberText
/BORROWER/RESIDENCES/RESIDENCE/ADDRESS/StreetSuffixText,DataPoint,MISMOString,ADDRESS,StreetSuffixText
/BORROWER/RESIDENCES/RESIDENCE/ADDRESS/EXTENSION,Container,ADDRESS_EXTENSION,ADDRESS,EXTENSION
/BORROWER/RESIDENCES/RESIDENCE/ADDRESS/EXTENSION/MISMO,Container,MISMO_BASE,EXTENSION,MISMO
/BORROWER/RESIDENCES/RESIDENCE/ADDRESS/EXTENSION/OTHER,Container,ADDRESS_OTHER_BASE,EXTENSION,OTHER
/BORROWER/RESIDENCES/RESIDENCE/LANDLORD,Container,LANDLORD,RESIDENCE,LANDLORD
/BORROWER/RESIDENCES/RESIDENCE/LANDLORD/ADDRESS,Container,ADDRESS,LANDLORD,ADDRESS
/BORROWER/RESIDENCES/RESIDENCE/LANDLORD/ADDRESS/AddressAdditionalLineText,DataPoint,MISMOString,ADDRESS,AddressAdditionalLineText
/BORROWER/RESIDENCES/RESIDENCE/LANDLORD/ADDRESS/AddressAdditionalLineTwoText,DataPoint,MISMOString,ADDRESS,AddressAdditionalLineTwoText
/BORROWER/RESIDENCES/RESIDENCE/LANDLORD/ADDRESS/AddressCondominiumApartmentText,DataPoint,MISMOString,ADDRESS,AddressCondominiumApartmentText
/BORROWER/RESIDENCES/RESIDENCE/LANDLORD/ADDRESS/AddressFormatType,Enumeration,AddressFormatEnum,ADDRESS,AddressFormatType
/BORROWER/RESIDENCES/RESIDENCE/LANDLORD/ADDRESS/AddressFormatTypeOtherDescription,DataPoint,MISMOString,ADDRESS,AddressFormatTypeOtherDescription
/BORROWER/RESIDENCES/RESIDENCE/LANDLORD/ADDRESS/AddressIsNotUSPSCodableIndicator,DataPoint,MISMOIndicator,ADDRESS,AddressIsNotUSPSCodableIndicator
/BORROWER/RESIDENCES/RESIDENCE/LANDLORD/ADDRESS/AddressLineText,DataPoint,MISMOString,ADDRESS,AddressLineText
/BORROWER/RESIDENCES/RESIDENCE/LANDLORD/ADDRESS/AddressPRUrbanizationText,DataPoint,MISMOString,ADDRESS,AddressPRUrbanizationText
/BORROWER/RESIDENCES/RESIDENCE/LANDLORD/ADDRESS/AddressType,Enumeration,AddressEnum,ADDRESS,AddressType
/BORROWER/RESIDENCES/RESIDENCE/LANDLORD/ADDRESS/AddressTypeOtherDescription,DataPoint,MISMOString,ADDRESS,AddressTypeOtherDescription
/BORROWER/RESIDENCES/RESIDENCE/LANDLORD/ADDRESS/AddressUnitDesignatorType,Enumeration,AddressUnitDesignatorEnum,ADDRESS,AddressUnitDesignatorType
/BORROWER/RESIDENCES/RESIDENCE/LANDLORD/ADDRESS/AddressUnitDesignatorTypeOtherDescription,DataPoint,MISMOString,ADDRESS,AddressUnitDesignatorTypeOtherDescription
/BORROWER/RESIDENCES/RESIDENCE/LANDLORD/ADDRESS/AddressUnitIdentifier,DataPoint,MISMOIdentifier,ADDRESS,AddressUnitIdentifier
/BORROWER/RESIDENCES/RESIDENCE/LANDLORD/ADDRESS/AttentionToName,DataPoint,MISMOString,ADDRESS,AttentionToName
/BORROWER/RESIDENCES/RESIDENCE/LANDLORD/ADDRESS/CarrierRouteCode,DataPoint,MISMOCode,ADDRESS,CarrierRouteCode
/BORROWER/RESIDENCES/RESIDENCE/LANDLORD/ADDRESS/CityName,DataPoint,MISMOString,ADDRESS,CityName
/BORROWER/RESIDENCES/RESIDENCE/LANDLORD/ADDRESS/CountryCode,DataPoint,MISMOCode,ADDRESS,CountryCode
/BORROWER/RESIDENCES/RESIDENCE/LANDLORD/ADDRESS/CountryName,DataPoint,MISMOString,ADDRESS,CountryName
/BORROWER/RESIDENCES/RESIDENCE/LANDLORD/ADDRESS/CountyCode,DataPoint,MISMOCode,ADDRESS,CountyCode
/BORROWER/RESIDENCES/RESIDENCE/LANDLORD/ADDRESS/CountyName,DataPoint,MISMOString,ADDRESS,CountyName
/BORROWER/RESIDENCES/RESIDENCE/LANDLORD/ADDRESS/DeliveryPointBarCodeCheckValue,DataPoint,MISMOValue,ADDRESS,DeliveryPointBarCodeCheckValue
/BORROWER/RESIDENCES/RESIDENCE/LANDLORD/ADDRESS/DeliveryPointBarCodeValue,DataPoint,MISMOValue,ADDRESS,DeliveryPointBarCodeValue
/BORROWER/RESIDENCES/RESIDENCE/LANDLORD/ADDRESS/HighwayContractBoxIdentifier,DataPoint,MISMOIdentifier,ADDRESS,HighwayContractBoxIdentifier
/BORROWER/RESIDENCES/RESIDENCE/LANDLORD/ADDRESS/HighwayContractRouteIdentifier,DataPoint,MISMOIdentifier,ADDRESS,HighwayContractRouteIdentifier
/BORROWER/RESIDENCES/RESIDENCE/LANDLORD/ADDRESS/MailStopCode,DataPoint,MISMOCode,ADDRESS,MailStopCode
/BORROWER/RESIDENCES/RESIDENCE/LANDLORD/ADDRESS/PlusFourZipCode,DataPoint,MISMOCode,ADDRESS,PlusFourZipCode
/BORROWER/RESIDENCES/RESIDENCE/LANDLORD/ADDRESS/PostalCode,DataPoint,MISMOCode,ADDRESS,PostalCode
/BORROWER/RESIDENCES/RESIDENCE/LANDLORD/ADDRESS/PostOfficeBoxIdentifier,DataPoint,MISMOIdentifier,ADDRESS,PostOfficeBoxIdentifier
/BORROWER/RESIDENCES/RESIDENCE/LANDLORD/ADDRESS/RuralRouteBoxIdentifier,DataPoint,MISMOIdentifier,ADDRESS,RuralRouteBoxIdentifier
/BORROWER/RESIDENCES/RESIDENCE/LANDLORD/ADDRESS/RuralRouteIdentifier,DataPoint,MISMOIdentifier,ADDRESS,RuralRouteIdentifier
/BORROWER/RESIDENCES/RESIDENCE/LANDLORD/ADDRESS/StandardizedAdditionalAddressLineText,DataPoint,MISMOString,ADDRESS,StandardizedAdditionalAddressLineText
/BORROWER/RESIDENCES/RESIDENCE/LANDLORD/ADDRESS/StandardizedAdditionalAddressLineTwoText,DataPoint,MISMOString,ADDRESS,StandardizedAdditionalAddressLineTwoText
/BORROWER/RESIDENCES/RESIDENCE/LANDLORD/ADDRESS/StandardizedAddressLineText,DataPoint,MISMOString,ADDRESS,StandardizedAddressLineText
/BORROWER/RESIDENCES/RESIDENCE/LANDLORD/ADDRESS/StandardizedAddressUnitDesignatorType,Enumeration,StandardizedAddressUnitDesignatorEnum,ADDRESS,StandardizedAddressUnitDesignatorType
/BORROWER/RESIDENCES/RESIDENCE/LANDLORD/ADDRESS/StandardizedAddressUnitDesignatorTypeOtherDescription,DataPoint,MISMOString,ADDRESS,StandardizedAddressUnitDesignatorTypeOtherDescription
/BORROWER/RESIDENCES/RESIDENCE/LANDLORD/ADDRESS/StandardizedPRUrbanizationType,Enumeration,StandardizedPRUrbanizationEnum,ADDRESS,StandardizedPRUrbanizationType
/BORROWER/RESIDENCES/RESIDENCE/LANDLORD/ADDRESS/StandardizedPRUrbanizationTypeOtherDescription,DataPoint,MISMOString,ADDRESS,StandardizedPRUrbanizationTypeOtherDescription
/BORROWER/RESIDENCES/RESIDENCE/LANDLORD/ADDRESS/StandardizedRuralHighwayContractRouteType,Enumeration,StandardizedRuralHighwayContractRouteEnum,ADDRESS,StandardizedRuralHighwayContractRouteType
/BORROWER/RESIDENCES/RESIDENCE/LANDLORD/ADDRESS/StandardizedRuralHighwayContractRouteTypeOtherDescription,DataPoint,MISMOString,ADDRESS,StandardizedRuralHighwayContractRouteTypeOtherDescription
/BORROWER/RESIDENCES/RESIDENCE/LANDLORD/ADDRESS/StandardizedSpanishAddressDesignatorType,Enumeration,StandardizedSpanishAddressDesignatorEnum,ADDRESS,StandardizedSpanishAddressDesignatorType
/BORROWER/RESIDENCES/RESIDENCE/LANDLORD/ADDRESS/StandardizedSpanishAddressDesignatorTypeOtherDescription,DataPoint,MISMOString,ADDRESS,StandardizedSpanishAddressDesignatorTypeOtherDescription
/BORROWER/RESIDENCES/RESIDENCE/LANDLORD/ADDRESS/StandardizedStreetSuffixType,Enumeration,StandardizedStreetSuffixEnum,ADDRESS,StandardizedStreetSuffixType
/BORROWER/RESIDENCES/RESIDENCE/LANDLORD/ADDRESS/StandardizedStreetSuffixTypeOtherDescription,DataPoint,MISMOString,ADDRESS,StandardizedStreetSuffixTypeOtherDescription
/BORROWER/RESIDENCES/RESIDENCE/LANDLORD/ADDRESS/StateCode,DataPoint,MISMOCode,ADDRESS,StateCode
/BORROWER/RESIDENCES/RESIDENCE/LANDLORD/ADDRESS/StateName,DataPoint,MISMOString,ADDRESS,StateName
/BORROWER/RESIDENCES/RESIDENCE/LANDLORD/ADDRESS/StreetName,DataPoint,MISMOString,ADDRESS,StreetName
/BORROWER/RESIDENCES/RESIDENCE/LANDLORD/ADDRESS/StreetPostDirectionalText,DataPoint,MISMOString,ADDRESS,StreetPostDirectionalText
/BORROWER/RESIDENCES/RESIDENCE/LANDLORD/ADDRESS/StreetPreDirectionalText,DataPoint,MISMOString,ADDRESS,StreetPreDirectionalText
/BORROWER/RESIDENCES/RESIDENCE/LANDLORD/ADDRESS/StreetPrimaryNumberText,DataPoint,MISMOString,ADDRESS,StreetPrimaryNumberText
/BORROWER/RESIDENCES/RESIDENCE/LANDLORD/ADDRESS/StreetSuffixText,DataPoint,MISMOString,ADDRESS,StreetSuffixText
/BORROWER/RESIDENCES/RESIDENCE/LANDLORD/ADDRESS/EXTENSION,Container,ADDRESS_EXTENSION,ADDRESS,EXTENSION
/BORROWER/RESIDENCES/RESIDENCE/LANDLORD/ADDRESS/EXTENSION/MISMO,Container,MISMO_BASE,EXTENSION,MISMO
/BORROWER/RESIDENCES/RESIDENCE/LANDLORD/ADDRESS/EXTENSION/OTHER,Container,ADDRESS_OTHER_BASE,EXTENSION,OTHER
/BORROWER/RESIDENCES/RESIDENCE/LANDLORD/CONTACTS,Container,CONTACTS,LANDLORD,CONTACTS
/BORROWER/RESIDENCES/RESIDENCE/LANDLORD/CONTACTS/CONTACT,Container,CONTACT,CONTACTS,CONTACT
/BORROWER/RESIDENCES/RESIDENCE/LANDLORD/CONTACTS/CONTACT/CONTACT_DETAIL,Container,CONTACT_DETAIL,CONTACT,CONTACT_DETAIL
/BORROWER/RESIDENCES/RESIDENCE/LANDLORD/CONTACTS/CONTACT/CONTACT_DETAIL/AttorneyInFactIndicator,DataPoint,MISMOIndicator,CONTACT_DETAIL,AttorneyInFactIndicator
/BORROWER/RESIDENCES/RESIDENCE/LANDLORD/CONTACTS/CONTACT/CONTACT_DETAIL/ContactPartyIdentifier,DataPoint,MISMOIdentifier,CONTACT_DETAIL,ContactPartyIdentifier
/BORROWER/RESIDENCES/RESIDENCE/LANDLORD/CONTACTS/CONTACT/CONTACT_DETAIL/SignatoryRoleType,Enumeration,SignatoryRoleEnum,CONTACT_DETAIL,SignatoryRoleType
/BORROWER/RESIDENCES/RESIDENCE/LANDLORD/CONTACTS/CONTACT/CONTACT_DETAIL/EXTENSION,Container,CONTACT_DETAIL_EXTENSION,CONTACT_DETAIL,EXTENSION
/BORROWER/RESIDENCES/RESIDENCE/LANDLORD/CONTACTS/CONTACT/CONTACT_DETAIL/EXTENSION/MISMO,Container,MISMO_BASE,EXTENSION,MISMO
/BORROWER/RESIDENCES/RESIDENCE/LANDLORD/CONTACTS/CONTACT/CONTACT_DETAIL/EXTENSION/OTHER,Container,CONTACT_DETAIL_OTHER_BASE,EXTENSION,OTHER
/BORROWER/RESIDENCES/RESIDENCE/LANDLORD/CONTACTS/CONTACT/CONTACT_POINTS,Container,CONTACT_POINTS,CONTACT,CONTACT_POINTS
/BORROWER/RESIDENCES/RESIDENCE/LANDLORD/CONTACTS/CONTACT/CONTACT_POINTS/CONTACT_POINT,Container,CONTACT_POINT,CONTACT_POINTS,CONTACT_POINT
/BORROWER/RESIDENCES/RESIDENCE/LANDLORD/CONTACTS/CONTACT/CONTACT_POINTS/CONTACT_POINT/CONTACT_POINT_EMAIL,Container,CONTACT_POINT_EMAIL,CONTACT_POINT,CONTACT_POINT_EMAIL
/BORROWER/RESIDENCES/RESIDENCE/LANDLORD/CONTACTS/CONTACT/CONTACT_POINTS/CONTACT_POINT/CONTACT_POINT_EMAIL/ContactPointEmailValue,DataPoint,MISMOValue,CONTACT_POINT_EMAIL,ContactPointEmailValue
/BORROWER/RESIDENCES/RESIDENCE/LANDLORD/CONTACTS/CONTACT/CONTACT_POINTS/CONTACT_POINT/CONTACT_POINT_EMAIL/EXTENSION,Container,CONTACT_POINT_EMAIL_EXTENSION,CONTACT_POINT_EMAIL,EXTENSION
/BORROWER/RESIDENCES/RESIDENCE/LANDLORD/CONTACTS/CONTACT/CONTACT_POINTS/CONTACT_POINT/CONTACT_POINT_EMAIL/EXTENSION/MISMO,Container,MISMO_BASE,EXTENSION,MISMO
/BORROWER/RESIDENCES/RESIDENCE/LANDLORD/CONTACTS/CONTACT/CONTACT_POINTS/CONTACT_POINT/CONTACT_POINT_EMAIL/EXTENSION/OTHER,Container,CONTACT_POINT_EMAIL_OTHER_BASE,EXTENSION,OTHER
/BORROWER/RESIDENCES/RESIDENCE/LANDLORD/CONTACTS/CONTACT/CONTACT_POINTS/CONTACT_POINT/CONTACT_POINT_SOCIAL_MEDIA,Container,CONTACT_POINT_SOCIAL_MEDIA,CONTACT_POINT,CONTACT_POINT_SOCIAL_MEDIA
/BORROWER/RESIDENCES/RESIDENCE/LANDLORD/CONTACTS/CONTACT/CONTACT_POINTS/CONTACT_POINT/CONTACT_POINT_SOCIAL_MEDIA/SocialMediaIdentifier,DataPoint,MISMOIdentifier,CONTACT_POINT_SOCIAL_MEDIA,SocialMediaIdentifier
/BORROWER/RESIDENCES/RESIDENCE/LANDLORD/CONTACTS/CONTACT/CONTACT_POINTS/CONTACT_POINT/CONTACT_POINT_SOCIAL_MEDIA/EXTENSION,Container,CONTACT_POINT_SOCIAL_MEDIA_EXTENSION,CONTACT_POINT_SOCIAL_MEDIA,EXTENSION
/BORROWER/RESIDENCES/RESIDENCE/LANDLORD/CONTACTS/CONTACT/CONTACT_POINTS/CONTACT_POINT/CONTACT_POINT_SOCIAL_MEDIA/EXTENSION/MISMO,Container,MISMO_BASE,EXTENSION,MISMO
/BORROWER/RESIDENCES/RESIDENCE/LANDLORD/CONTACTS/CONTACT/CONTACT_POINTS/CONTACT_POINT/CONTACT_POINT_SOCIAL_MEDIA/EXTENSION/OTHER,Container,CONTACT_POINT_SOCIAL_MEDIA_OTHER_BASE,EXTENSION,OTHER
/BORROWER/RESIDENCES/RESIDENCE/LANDLORD/CONTACTS/CONTACT/CONTACT_POINTS/CONTACT_POINT/CONTACT_POINT_TELEPHONE,Container,CONTACT_POINT_TELEPHONE,CONTACT_POINT,CONTACT_POINT_TELEPHONE
/BORROWER/RESIDENCES/RESIDENCE/LANDLORD/CONTACTS/CONTACT/CONTACT_POINTS/CONTACT_POINT/CONTACT_POINT_TELEPHONE/ContactPointFaxExtensionValue,DataPoint,MISMOValue,CONTACT_POINT_TELEPHONE,ContactPointFaxExtensionValue
/BORROWER/RESIDENCES/RESIDENCE/LANDLORD/CONTACTS/CONTACT/CONTACT_POINTS/CONTACT_POINT/CONTACT_POINT_TELEPHONE/ContactPointFaxValue,DataPoint,MISMOValue,CONTACT_POINT_TELEPHONE,ContactPointFaxValue
/BORROWER/RESIDENCES/RESIDENCE/LANDLORD/CONTACTS/CONTACT/CONTACT_POINTS/CONTACT_POINT/CONTACT_POINT_TELEPHONE/ContactPointTelephoneExtensionValue,DataPoint,MISMOValue,CONTACT_POINT_TELEPHONE,ContactPointTelephoneExtensionValue
/BORROWER/RESIDENCES/RESIDENCE/LANDLORD/CONTACTS/CONTACT/CONTACT_POINTS/CONTACT_POINT/CONTACT_POINT_TELEPHONE/ContactPointTelephoneTollFreeIndicator,DataPoint,MISMOIndicator,CONTACT_POINT_TELEPHONE,ContactPointTelephoneTollFreeIndicator
/BORROWER/RESIDENCES/RESIDENCE/LANDLORD/CONTACTS/CONTACT/CONTACT_POINTS/CONTACT_POINT/CONTACT_POINT_TELEPHONE/ContactPointTelephoneValue,DataPoint,MISMOValue,CONTACT_POINT_TELEPHONE,ContactPointTelephoneValue
/BORROWER/RESIDENCES/RESIDENCE/LANDLORD/CONTACTS/CONTACT/CONTACT_POINTS/CONTACT_POINT/CONTACT_POINT_TELEPHONE/TextMessageAcceptanceType,Enumeration,TextMessageAcceptanceEnum,CONTACT_POINT_TELEPHONE,TextMessageAcceptanceType
/BORROWER/RESIDENCES/RESIDENCE/LANDLORD/CONTACTS/CONTACT/CONTACT_POINTS/CONTACT_POINT/CONTACT_POINT_TELEPHONE/EXTENSION,Container,CONTACT_POINT_TELEPHONE_EXTENSION,CONTACT_POINT_TELEPHONE,EXTENSION
/BORROWER/RESIDENCES/RESIDENCE/LANDLORD/CONTACTS/CONTACT/CONTACT_POINTS/CONTACT_POINT/CONTACT_POINT_TELEPHONE/EXTENSION/MISMO,Container,MISMO_BASE,EXTENSION,MISMO
/BORROWER/RESIDENCES/RESIDENCE/LANDLORD/CONTACTS/CONTACT/CONTACT_POINTS/CONTACT_POINT/CONTACT_POINT_TELEPHONE/EXTENSION/OTHER,Container,CONTACT_POINT_TELEPHONE_OTHER_BASE,EXTENSION,OTHER
/BORROWER/RESIDENCES/RESIDENCE/LANDLORD/CONTACTS/CONTACT/CONTACT_POINTS/CONTACT_POINT/OTHER_CONTACT_POINT,Container,OTHER_CONTACT_POINT,CONTACT_POINT,OTHER_CONTACT_POINT
/BORROWER/RESIDENCES/RESIDENCE/LANDLORD/CONTACTS/CONTACT/CONTACT_POINTS/CONTACT_POINT/OTHER_CONTACT_POINT/ContactPointOtherValue,DataPoint,MISMOValue,OTHER_CONTACT_POINT,ContactPointOtherValue
/BORROWER/RESIDENCES/RESIDENCE/LANDLORD/CONTACTS/CONTACT/CONTACT_POINTS/CONTACT_POINT/OTHER_CONTACT_POINT/ContactPointOtherValueDescription,DataPoint,MISMOString,OTHER_CONTACT_POINT,ContactPointOtherValueDescription
/BORROWER/RESIDENCES/RESIDENCE/LANDLORD/CONTACTS/CONTACT/CONTACT_POINTS/CONTACT_POINT/OTHER_CONTACT_POINT/EXTENSION,Container,OTHER_CONTACT_POINT_EXTENSION,OTHER_CONTACT_POINT,EXTENSION
/BORROWER/RESIDENCES/RESIDENCE/LANDLORD/CONTACTS/CONTACT/CONTACT_POINTS/CONTACT_POINT/OTHER_CONTACT_POINT/EXTENSION/MISMO,Container,MISMO_BASE,EXTENSION,MISMO
/BORROWER/RESIDENCES/RESIDENCE/LANDLORD/CONTACTS/CONTACT/CONTACT_POINTS/CONTACT_POINT/OTHER_CONTACT_POINT/EXTENSION/OTHER,Container,OTHER_CONTACT_POINT_OTHER_BASE,EXTENSION,OTHER
/BORROWER/RESIDENCES/RESIDENCE/LANDLORD/CONTACTS/CONTACT/CONTACT_POINTS/CONTACT_POINT/CONTACT_POINT_DETAIL,Container,CONTACT_POINT_DETAIL,CONTACT_POINT,CONTACT_POINT_DETAIL
/BORROWER/RESIDENCES/RESIDENCE/LANDLORD/CONTACTS/CONTACT/CONTACT_POINTS/CONTACT_POINT/CONTACT_POINT_DETAIL/ContactPointPreferenceIndicator,DataPoint,MISMOIndicator,CONTACT_POINT_DETAIL,ContactPointPreferenceIndicator
/BORROWER/RESIDENCES/RESIDENCE/LANDLORD/CONTACTS/CONTACT/CONTACT_POINTS/CONTACT_POINT/CONTACT_POINT_DETAIL/ContactPointTimeZoneType,Enumeration,ContactPointTimeZoneEnum,CONTACT_POINT_DETAIL,ContactPointTimeZoneType
/BORROWER/RESIDENCES/RESIDENCE/LANDLORD/CONTACTS/CONTACT/CONTACT_POINTS/CONTACT_POINT/CONTACT_POINT_DETAIL/ContactPointTimeZoneTypeOtherDescription,DataPoint,MISMOString,CONTACT_POINT_DETAIL,ContactPointTimeZoneTypeOtherDescription
/BORROWER/RESIDENCES/RESIDENCE/LANDLORD/CONTACTS/CONTACT/CONTACT_POINTS/CONTACT_POINT/CONTACT_POINT_DETAIL/NoTelephoneIndicator,DataPoint,MISMOIndicator,CONTACT_POINT_DETAIL,NoTelephoneIndicator
/BORROWER/RESIDENCES/RESIDENCE/LANDLORD/CONTACTS/CONTACT/CONTACT_POINTS/CONTACT_POINT/CONTACT_POINT_DETAIL/PriorContactPointIndicator,DataPoint,MISMOIndicator,CONTACT_POINT_DETAIL,PriorContactPointIndicator
/BORROWER/RESIDENCES/RESIDENCE/LANDLORD/CONTACTS/CONTACT/CONTACT_POINTS/CONTACT_POINT/CONTACT_POINT_DETAIL/RequestNoContactIndicator,DataPoint,MISMOIndicator,CONTACT_POINT_DETAIL,RequestNoContactIndicator
/BORROWER/RESIDENCES/RESIDENCE/LANDLORD/CONTACTS/CONTACT/CONTACT_POINTS/CONTACT_POINT/CONTACT_POINT_DETAIL/EXTENSION,Container,CONTACT_POINT_DETAIL_EXTENSION,CONTACT_POINT_DETAIL,EXTENSION
/BORROWER/RESIDENCES/RESIDENCE/LANDLORD/CONTACTS/CONTACT/CONTACT_POINTS/CONTACT_POINT/CONTACT_POINT_DETAIL/EXTENSION/MISMO,Container,MISMO_BASE,EXTENSION,MISMO
/BORROWER/RESIDENCES/RESIDENCE/LANDLORD/CONTACTS/CONTACT/CONTACT_POINTS/CONTACT_POINT/CONTACT_POINT_DETAIL/EXTENSION/OTHER,Container,CONTACT_POINT_DETAIL_OTHER_BASE,EXTENSION,OTHER
/BORROWER/RESIDENCES/RESIDENCE/LANDLORD/CONTACTS/CONTACT/CONTACT_POINTS/CONTACT_POINT/CONTACT_POINT_ROLES,Container,CONTACT_POINT_ROLES,CONTACT_POINT,CONTACT_POINT_ROLES
/BORROWER/RESIDENCES/RESIDENCE/LANDLORD/CONTACTS/CONTACT/CONTACT_POINTS/CONTACT_POINT/CONTACT_POINT_ROLES/CONTACT_POINT_ROLE,Container,CONTACT_POINT_ROLE,CONTACT_POINT_ROLES,CONTACT_POINT_ROLE
/BORROWER/RESIDENCES/RESIDENCE/LANDLORD/CONTACTS/CONTACT/CONTACT_POINTS/CONTACT_POINT/CONTACT_POINT_ROLES/CONTACT_POINT_ROLE/ContactPointRoleType,Enumeration,ContactPointRoleEnum,CONTACT_POINT_ROLE,ContactPointRoleType
/BORROWER/RESIDENCES/RESIDENCE/LANDLORD/CONTACTS/CONTACT/CONTACT_POINTS/CONTACT_POINT/CONTACT_POINT_ROLES/CONTACT_POINT_ROLE/ContactPointRoleTypeOtherDescription,DataPoint,MISMOString,CONTACT_POINT_ROLE,ContactPointRoleTypeOtherDescription
/BORROWER/RESIDENCES/RESIDENCE/LANDLORD/CONTACTS/CONTACT/CONTACT_POINTS/CONTACT_POINT/CONTACT_POINT_ROLES/CONTACT_POINT_ROLE/EXTENSION,Container,CONTACT_POINT_ROLE_EXTENSION,CONTACT_POINT_ROLE,EXTENSION
/BORROWER/RESIDENCES/RESIDENCE/LANDLORD/CONTACTS/CONTACT/CONTACT_POINTS/CONTACT_POINT/CONTACT_POINT_ROLES/CONTACT_POINT_ROLE/EXTENSION/MISMO,Container,MISMO_BASE,EXTENSION,MISMO
/BORROWER/RESIDENCES/RESIDENCE/LANDLORD/CONTACTS/CONTACT/CONTACT_POINTS/CONTACT_POINT/CONTACT_POINT_ROLES/CONTACT_POINT_ROLE/EXTENSION/OTHER,Container,CONTACT_POINT_ROLE_OTHER_BASE,EXTENSION,OTHER
/BORROWER/RESIDENCES/RESIDENCE/LANDLORD/CONTACTS/CONTACT/CONTACT_POINTS/CONTACT_POINT/CONTACT_POINT_ROLES/EXTENSION,Container,CONTACT_POINT_ROLES_EXTENSION,CONTACT_POINT_ROLES,EXTENSION
/BORROWER/RESIDENCES/RESIDENCE/LANDLORD/CONTACTS/CONTACT/CONTACT_POINTS/CONTACT_POINT/CONTACT_POINT_ROLES/EXTENSION/MISMO,Container,MISMO_BASE,EXTENSION,MISMO
/BORROWER/RESIDENCES/RESIDENCE/LANDLORD/CONTACTS/CONTACT/CONTACT_POINTS/CONTACT_POINT/CONTACT_POINT_ROLES/EXTENSION/OTHER,Container,CONTACT_POINT_ROLES_OTHER_BASE,EXTENSION,OTHER
/BORROWER/RESIDENCES/RESIDENCE/LANDLORD/CONTACTS/CONTACT/CONTACT_POINTS/CONTACT_POINT/CONTACT_POINT_TIME_PREFERENCES,Container,CONTACT_POINT_TIME_PREFERENCES,CONTACT_POINT,CONTACT_POINT_TIME_PREFERENCES
/BORROWER/RESIDENCES/RESIDENCE/LANDLORD/CONTACTS/CONTACT/CONTACT_POINTS/CONTACT_POINT/CONTACT_POINT_TIME_PREFERENCES/CONTACT_POINT_TIME_PREFERENCE,Container,CONTACT_POINT_TIME_PREFERENCE,CONTACT_POINT_TIME_PREFERENCES,CONTACT_POINT_TIME_PREFERENCE
/BORROWER/RESIDENCES/RESIDENCE/LANDLORD/CONTACTS/CONTACT/CONTACT_POINTS/CONTACT_POINT/CONTACT_POINT_TIME_PREFERENCES/CONTACT_POINT_TIME_PREFERENCE/ContactPointDayPreferenceType,Enumeration,ContactPointDayPreferenceEnum,CONTACT_POINT_TIME_PREFERENCE,ContactPointDayPreferenceType
/BORROWER/RESIDENCES/RESIDENCE/LANDLORD/CONTACTS/CONTACT/CONTACT_POINTS/CONTACT_POINT/CONTACT_POINT_TIME_PREFERENCES/CONTACT_POINT_TIME_PREFERENCE/ContactPointDayPreferenceTypeOtherDescription,DataPoint,MISMOString,CONTACT_POINT_TIME_PREFERENCE,ContactPointDayPreferenceTypeOtherDescription
/BORROWER/RESIDENCES/RESIDENCE/LANDLORD/CONTACTS/CONTACT/CONTACT_POINTS/CONTACT_POINT/CONTACT_POINT_TIME_PREFERENCES/CONTACT_POINT_TIME_PREFERENCE/ContactPointNoContactEndingDate,DataPoint,MISMODate,CONTACT_POINT_TIME_PREFERENCE,ContactPointNoContactEndingDate
/BORROWER/RESIDENCES/RESIDENCE/LANDLORD/CONTACTS/CONTACT/CONTACT_POINTS/CONTACT_POINT/CONTACT_POINT_TIME_PREFERENCES/CONTACT_POINT_TIME_PREFERENCE/ContactPointNoContactStartingDate,DataPoint,MISMODate,CONTACT_POINT_TIME_PREFERENCE,ContactPointNoContactStartingDate
/BORROWER/RESIDENCES/RESIDENCE/LANDLORD/CONTACTS/CONTACT/CONTACT_POINTS/CONTACT_POINT/CONTACT_POINT_TIME_PREFERENCES/CONTACT_POINT_TIME_PREFERENCE/ContactPointPreferenceEndTime,DataPoint,MISMOTime,CONTACT_POINT_TIME_PREFERENCE,ContactPointPreferenceEndTime
/BORROWER/RESIDENCES/RESIDENCE/LANDLORD/CONTACTS/CONTACT/CONTACT_POINTS/CONTACT_POINT/CONTACT_POINT_TIME_PREFERENCES/CONTACT_POINT_TIME_PREFERENCE/ContactPointPreferenceStartTime,DataPoint,MISMOTime,CONTACT_POINT_TIME_PREFERENCE,ContactPointPreferenceStartTime
/BORROWER/RESIDENCES/RESIDENCE/LANDLORD/CONTACTS/CONTACT/CONTACT_POINTS/CONTACT_POINT/CONTACT_POINT_TIME_PREFERENCES/CONTACT_POINT_TIME_PREFERENCE/ContactPointRequestNoContactIndicator,DataPoint,MISMOIndicator,CONTACT_POINT_TIME_PREFERENCE,ContactPointRequestNoContactIndicator
/BORROWER/RESIDENCES/RESIDENCE/LANDLORD/CONTACTS/CONTACT/CONTACT_POINTS/CONTACT_POINT/CONTACT_POINT_TIME_PREFERENCES/CONTACT_POINT_TIME_PREFERENCE/ContactPointTimePreferenceNoticeDatetime,DataPoint,MISMODatetime,CONTACT_POINT_TIME_PREFERENCE,ContactPointTimePreferenceNoticeDatetime
/BORROWER/RESIDENCES/RESIDENCE/LANDLORD/CONTACTS/CONTACT/CONTACT_POINTS/CONTACT_POINT/CONTACT_POINT_TIME_PREFERENCES/CONTACT_POINT_TIME_PREFERENCE/ContactPointTimePreferenceSourceType,Enumeration,ContactPointTimePreferenceSourceEnum,CONTACT_POINT_TIME_PREFERENCE,ContactPointTimePreferenceSourceType
/BORROWER/RESIDENCES/RESIDENCE/LANDLORD/CONTACTS/CONTACT/CONTACT_POINTS/CONTACT_POINT/CONTACT_POINT_TIME_PREFERENCES/CONTACT_POINT_TIME_PREFERENCE/ContactPointTimePreferenceSourceTypeAdditionalDescription,DataPoint,MISMOString,CONTACT_POINT_TIME_PREFERENCE,ContactPointTimePreferenceSourceTypeAdditionalDescription
/BORROWER/RESIDENCES/RESIDENCE/LANDLORD/CONTACTS/CONTACT/CONTACT_POINTS/CONTACT_POINT/CONTACT_POINT_TIME_PREFERENCES/CONTACT_POINT_TIME_PREFERENCE/ContactPointTimePreferenceSourceTypeOtherDescription,DataPoint,MISMOString,CONTACT_POINT_TIME_PREFERENCE,ContactPointTimePreferenceSourceTypeOtherDescription
/BORROWER/RESIDENCES/RESIDENCE/LANDLORD/CONTACTS/CONTACT/CONTACT_POINTS/CONTACT_POINT/CONTACT_POINT_TIME_PREFERENCES/CONTACT_POINT_TIME_PREFERENCE/ContactPointTimeZoneType,Enumeration,ContactPointTimeZoneEnum,CONTACT_POINT_TIME_PREFERENCE,ContactPointTimeZoneType
/BORROWER/RESIDENCES/RESIDENCE/LANDLORD/CONTACTS/CONTACT/CONTACT_POINTS/CONTACT_POINT/CONTACT_POINT_TIME_PREFERENCES/CONTACT_POINT_TIME_PREFERENCE/ContactPointTimeZoneTypeOtherDescription,DataPoint,MISMOString,CONTACT_POINT_TIME_PREFERENCE,ContactPointTimeZoneTypeOtherDescription
/BORROWER/RESIDENCES/RESIDENCE/LANDLORD/CONTACTS/CONTACT/CONTACT_POINTS/CONTACT_POINT/CONTACT_POINT_TIME_PREFERENCES/CONTACT_POINT_TIME_PREFERENCE/EXTENSION,Container,CONTACT_POINT_TIME_PREFERENCE_EXTENSION,CONTACT_POINT_TIME_PREFERENCE,EXTENSION
/BORROWER/RESIDENCES/RESIDENCE/LANDLORD/CONTACTS/CONTACT/CONTACT_POINTS/CONTACT_POINT/CONTACT_POINT_TIME_PREFERENCES/CONTACT_POINT_TIME_PREFERENCE/EXTENSION/MISMO,Container,MISMO_BASE,EXTENSION,MISMO
/BORROWER/RESIDENCES/RESIDENCE/LANDLORD/CONTACTS/CONTACT/CONTACT_POINTS/CONTACT_POINT/CONTACT_POINT_TIME_PREFERENCES/CONTACT_POINT_TIME_PREFERENCE/EXTENSION/OTHER,Container,CONTACT_POINT_TIME_PREFERENCE_OTHER_BASE,EXTENSION,OTHER
/BORROWER/RESIDENCES/RESIDENCE/LANDLORD/CONTACTS/CONTACT/CONTACT_POINTS/CONTACT_POINT/CONTACT_POINT_TIME_PREFERENCES/EXTENSION,Container,CONTACT_POINT_TIME_PREFERENCES_EXTENSION,CONTACT_POINT_TIME_PREFERENCES,EXTENSION
/BORROWER/RESIDENCES/RESIDENCE/LANDLORD/CONTACTS/CONTACT/CONTACT_POINTS/CONTACT_POINT/CONTACT_POINT_TIME_PREFERENCES/EXTENSION/MISMO,Container,MISMO_BASE,EXTENSION,MISMO
/BORROWER/RESIDENCES/RESIDENCE/LANDLORD/CONTACTS/CONTACT/CONTACT_POINTS/CONTACT_POINT/CONTACT_POINT_TIME_PREFERENCES/EXTENSION/OTHER,Container,CONTACT_POINT_TIME_PREFERENCES_OTHER_BASE,EXTENSION,OTHER
/BORROWER/RESIDENCES/RESIDENCE/LANDLORD/CONTACTS/CONTACT/CONTACT_POINTS/CONTACT_POINT/EXTENSION,Container,CONTACT_POINT_EXTENSION,CONTACT_POINT,EXTENSION
/BORROWER/RESIDENCES/RESIDENCE/LANDLORD/CONTACTS/CONTACT/CONTACT_POINTS/CONTACT_POINT/EXTENSION/MISMO,Container,MISMO_BASE,EXTENSION,MISMO
/BORROWER/RESIDENCES/RESIDENCE/LANDLORD/CONTACTS/CONTACT/CONTACT_POINTS/CONTACT_POINT/EXTENSION/OTHER,Container,CONTACT_POINT_OTHER_BASE,EXTENSION,OTHER
/BORROWER/RESIDENCES/RESIDENCE/LANDLORD/CONTACTS/CONTACT/CONTACT_POINTS/EXTENSION,Container,CONTACT_POINTS_EXTENSION,CONTACT_POINTS,EXTENSION
/BORROWER/RESIDENCES/RESIDENCE/LANDLORD/CONTACTS/CONTACT/CONTACT_POINTS/EXTENSION/MISMO,Container,MISMO_BASE,EXTENSION,MISMO
/BORROWER/RESIDENCES/RESIDENCE/LANDLORD/CONTACTS/CONTACT/CONTACT_POINTS/EXTENSION/OTHER,Container,CONTACT_POINTS_OTHER_BASE,EXTENSION,OTHER
/BORROWER/RESIDENCES/RESIDENCE/LANDLORD/CONTACTS/CONTACT/IDENTIFICATION_VERIFICATION,Container,IDENTIFICATION_VERIFICATION,CONTACT,IDENTIFICATION_VERIFICATION
/BORROWER/RESIDENCES/RESIDENCE/LANDLORD/CONTACTS/CONTACT/IDENTIFICATION_VERIFICATION/BIRTH_INFORMATION,Container,BIRTH_INFORMATION,IDENTIFICATION_VERIFICATION,BIRTH_INFORMATION
/BORROWER/RESIDENCES/RESIDENCE/LANDLORD/CONTACTS/CONTACT/IDENTIFICATION_VERIFICATION/BIRTH_INFORMATION/BirthDate,DataPoint,MISMODate,BIRTH_INFORMATION,BirthDate
/BORROWER/RESIDENCES/RESIDENCE/LANDLORD/CONTACTS/CONTACT/IDENTIFICATION_VERIFICATION/BIRTH_INFORMATION/CityTownVillageOfBirthName,DataPoint,MISMOString,BIRTH_INFORMATION,CityTownVillageOfBirthName
/BORROWER/RESIDENCES/RESIDENCE/LANDLORD/CONTACTS/CONTACT/IDENTIFICATION_VERIFICATION/BIRTH_INFORMATION/CountryOfBirthName,DataPoint,MISMOString,BIRTH_INFORMATION,CountryOfBirthName
/BORROWER/RESIDENCES/RESIDENCE/LANDLORD/CONTACTS/CONTACT/IDENTIFICATION_VERIFICATION/BIRTH_INFORMATION/MothersMaidenName,DataPoint,MISMOString,BIRTH_INFORMATION,MothersMaidenName
/BORROWER/RESIDENCES/RESIDENCE/LANDLORD/CONTACTS/CONTACT/IDENTIFICATION_VERIFICATION/BIRTH_INFORMATION/StateProvinceOfBirthName,DataPoint,MISMOString,BIRTH_INFORMATION,StateProvinceOfBirthName
/BORROWER/RESIDENCES/RESIDENCE/LANDLORD/CONTACTS/CONTACT/IDENTIFICATION_VERIFICATION/BIRTH_INFORMATION/EXTENSION,Container,BIRTH_INFORMATION_EXTENSION,BIRTH_INFORMATION,EXTENSION
/BORROWER/RESIDENCES/RESIDENCE/LANDLORD/CONTACTS/CONTACT/IDENTIFICATION_VERIFICATION/BIRTH_INFORMATION/EXTENSION/MISMO,Container,MISMO_BASE,EXTENSION,MISMO
/BORROWER/RESIDENCES/RESIDENCE/LANDLORD/CONTACTS/CONTACT/IDENTIFICATION_VERIFICATION/BIRTH_INFORMATION/EXTENSION/OTHER,Container,BIRTH_INFORMATION_OTHER_BASE,EXTENSION,OTHER
/BORROWER/RESIDENCES/RESIDENCE/LANDLORD/CONTACTS/CONTACT/IDENTIFICATION_VERIFICATION/IDENTIFICATION_VERIFICATION_DETAIL,Container,IDENTIFICATION_VERIFICATION_DETAIL,IDENTIFICATION_VERIFICATION,IDENTIFICATION_VERIFICATION_DETAIL
/BORROWER/RESIDENCES/RESIDENCE/LANDLORD/CONTACTS/CONTACT/IDENTIFICATION_VERIFICATION/IDENTIFICATION_VERIFICATION_DETAIL/CountryOfCitizenshipName,DataPoint,MISMOString,IDENTIFICATION_VERIFICATION_DETAIL,CountryOfCitizenshipName
/BORROWER/RESIDENCES/RESIDENCE/LANDLORD/CONTACTS/CONTACT/IDENTIFICATION_VERIFICATION/IDENTIFICATION_VERIFICATION_DETAIL/NotaryCertificateSignerIdentificationType,Enumeration,NotaryCertificateSignerIdentificationEnum,IDENTIFICATION_VERIFICATION_DETAIL,NotaryCertificateSignerIdentificationType
/BORROWER/RESIDENCES/RESIDENCE/LANDLORD/CONTACTS/CONTACT/IDENTIFICATION_VERIFICATION/IDENTIFICATION_VERIFICATION_DETAIL/SSNAssociationsCount,DataPoint,MISMOCount,IDENTIFICATION_VERIFICATION_DETAIL,SSNAssociationsCount
/BORROWER/RESIDENCES/RESIDENCE/LANDLORD/CONTACTS/CONTACT/IDENTIFICATION_VERIFICATION/IDENTIFICATION_VERIFICATION_DETAIL/EXTENSION,Container,IDENTIFICATION_VERIFICATION_DETAIL_EXTENSION,IDENTIFICATION_VERIFICATION_DETAIL,EXTENSION
/BORROWER/RESIDENCES/RESIDENCE/LANDLORD/CONTACTS/CONTACT/IDENTIFICATION_VERIFICATION/IDENTIFICATION_VERIFICATION_DETAIL/EXTENSION/MISMO,Container,MISMO_BASE,EXTENSION,MISMO
/BORROWER/RESIDENCES/RESIDENCE/LANDLORD/CONTACTS/CONTACT/IDENTIFICATION_VERIFICATION/IDENTIFICATION_VERIFICATION_DETAIL/EXTENSION/OTHER,Container,IDENTIFICATION_VERIFICATION_DETAIL_OTHER_BASE,EXTENSION,OTHER
/BORROWER/RESIDENCES/RESIDENCE/LANDLORD/CONTACTS/CONTACT/IDENTIFICATION_VERIFICATION/IDENTITY_DOCUMENTATIONS,Container,IDENTITY_DOCUMENTATIONS,IDENTIFICATION_VERIFICATION,IDENTITY_DOCUMENTATIONS
/BORROWER/RESIDENCES/RESIDENCE/LANDLORD/CONTACTS/CONTACT/IDENTIFICATION_VERIFICATION/IDENTITY_DOCUMENTATIONS/IDENTITY_DOCUMENTATION,Container,IDENTITY_DOCUMENTATION,IDENTITY_DOCUMENTATIONS,IDENTITY_DOCUMENTATION
/BORROWER/RESIDENCES/RESIDENCE/LANDLORD/CONTACTS/CONTACT/IDENTIFICATION_VERIFICATION/IDENTITY_DOCUMENTATIONS/IDENTITY_DOCUMENTATION/IdentityDocumentExpirationDate,DataPoint,MISMODate,IDENTITY_DOCUMENTATION,IdentityDocumentExpirationDate
/BORROWER/RESIDENCES/RESIDENCE/LANDLORD/CONTACTS/CONTACT/IDENTIFICATION_VERIFICATION/IDENTITY_DOCUMENTATIONS/IDENTITY_DOCUMENTATION/IdentityDocumentIdentifier,DataPoint,MISMOIdentifier,IDENTITY_DOCUMENTATION,IdentityDocumentIdentifier
/BORROWER/RESIDENCES/RESIDENCE/LANDLORD/CONTACTS/CONTACT/IDENTIFICATION_VERIFICATION/IDENTITY_DOCUMENTATIONS/IDENTITY_DOCUMENTATION/IdentityDocumentIssuedByCountryName,DataPoint,MISMOString,IDENTITY_DOCUMENTATION,IdentityDocumentIssuedByCountryName
/BORROWER/RESIDENCES/RESIDENCE/LANDLORD/CONTACTS/CONTACT/IDENTIFICATION_VERIFICATION/IDENTITY_DOCUMENTATIONS/IDENTITY_DOCUMENTATION/IdentityDocumentIssuedByName,DataPoint,MISMOString,IDENTITY_DOCUMENTATION,IdentityDocumentIssuedByName
/BORROWER/RESIDENCES/RESIDENCE/LANDLORD/CONTACTS/CONTACT/IDENTIFICATION_VERIFICATION/IDENTITY_DOCUMENTATIONS/IDENTITY_DOCUMENTATION/IdentityDocumentIssuedByStateCode,DataPoint,MISMOCode,IDENTITY_DOCUMENTATION,IdentityDocumentIssuedByStateCode
/BORROWER/RESIDENCES/RESIDENCE/LANDLORD/CONTACTS/CONTACT/IDENTIFICATION_VERIFICATION/IDENTITY_DOCUMENTATIONS/IDENTITY_DOCUMENTATION/IdentityDocumentIssuedByStateProvinceName,DataPoint,MISMOString,IDENTITY_DOCUMENTATION,IdentityDocumentIssuedByStateProvinceName
/BORROWER/RESIDENCES/RESIDENCE/LANDLORD/CONTACTS/CONTACT/IDENTIFICATION_VERIFICATION/IDENTITY_DOCUMENTATIONS/IDENTITY_DOCUMENTATION/IdentityDocumentIssuedByType,Enumeration,IdentityDocumentIssuedByEnum,IDENTITY_DOCUMENTATION,IdentityDocumentIssuedByType
/BORROWER/RESIDENCES/RESIDENCE/LANDLORD/CONTACTS/CONTACT/IDENTIFICATION_VERIFICATION/IDENTITY_DOCUMENTATIONS/IDENTITY_DOCUMENTATION/IdentityDocumentIssuedByTypeOtherDescription,DataPoint,MISMOString,IDENTITY_DOCUMENTATION,IdentityDocumentIssuedByTypeOtherDescription
/BORROWER/RESIDENCES/RESIDENCE/LANDLORD/CONTACTS/CONTACT/IDENTIFICATION_VERIFICATION/IDENTITY_DOCUMENTATIONS/IDENTITY_DOCUMENTATION/IdentityDocumentIssuedDate,DataPoint,MISMODate,IDENTITY_DOCUMENTATION,IdentityDocumentIssuedDate
/BORROWER/RESIDENCES/RESIDENCE/LANDLORD/CONTACTS/CONTACT/IDENTIFICATION_VERIFICATION/IDENTITY_DOCUMENTATIONS/IDENTITY_DOCUMENTATION/IdentityDocumentType,Enumeration,IdentityDocumentEnum,IDENTITY_DOCUMENTATION,IdentityDocumentType
/BORROWER/RESIDENCES/RESIDENCE/LANDLORD/CONTACTS/CONTACT/IDENTIFICATION_VERIFICATION/IDENTITY_DOCUMENTATIONS/IDENTITY_DOCUMENTATION/IdentityDocumentTypeOtherDescription,DataPoint,MISMOString,IDENTITY_DOCUMENTATION,IdentityDocumentTypeOtherDescription
/BORROWER/RESIDENCES/RESIDENCE/LANDLORD/CONTACTS/CONTACT/IDENTIFICATION_VERIFICATION/IDENTITY_DOCUMENTATIONS/IDENTITY_DOCUMENTATION/EXTENSION,Container,IDENTITY_DOCUMENTATION_EXTENSION,IDENTITY_DOCUMENTATION,EXTENSION
/BORROWER/RESIDENCES/RESIDENCE/LANDLORD/CONTACTS/CONTACT/IDENTIFICATION_VERIFICATION/IDENTITY_DOCUMENTATIONS/IDENTITY_DOCUMENTATION/EXTENSION/MISMO,Container,MISMO_BASE,EXTENSION,MISMO
/BORROWER/RESIDENCES/RESIDENCE/LANDLORD/CONTACTS/CONTACT/IDENTIFICATION_VERIFICATION/IDENTITY_DOCUMENTATIONS/IDENTITY_DOCUMENTATION/EXTENSION/OTHER,Container,IDENTITY_DOCUMENTATION_OTHER_BASE,EXTENSION,OTHER
/BORROWER/RESIDENCES/RESIDENCE/LANDLORD/CONTACTS/CONTACT/IDENTIFICATION_VERIFICATION/IDENTITY_DOCUMENTATIONS/EXTENSION,Container,IDENTITY_DOCUMENTATIONS_EXTENSION,IDENTITY_DOCUMENTATIONS,EXTENSION
/BORROWER/RESIDENCES/RESIDENCE/LANDLORD/CONTACTS/CONTACT/IDENTIFICATION_VERIFICATION/IDENTITY_DOCUMENTATIONS/EXTENSION/MISMO,Container,MISMO_BASE,EXTENSION,MISMO
/BORROWER/RESIDENCES/RESIDENCE/LANDLORD/CONTACTS/CONTACT/IDENTIFICATION_VERIFICATION/IDENTITY_DOCUMENTATIONS/EXTENSION/OTHER,Container,IDENTITY_DOCUMENTATIONS_OTHER_BASE,EXTENSION,OTHER
/BORROWER/RESIDENCES/RESIDENCE/LANDLORD/CONTACTS/CONTACT/IDENTIFICATION_VERIFICATION/SHARED_SECRETS,Container,SHARED_SECRETS,IDENTIFICATION_VERIFICATION,SHARED_SECRETS
/BORROWER/RESIDENCES/RESIDENCE/LANDLORD/CONTACTS/CONTACT/IDENTIFICATION_VERIFICATION/SHARED_SECRETS/SHARED_SECRET,Container,SHARED_SECRET,SHARED_SECRETS,SHARED_SECRET
/BORROWER/RESIDENCES/RESIDENCE/LANDLORD/CONTACTS/CONTACT/IDENTIFICATION_VERIFICATION/SHARED_SECRETS/SHARED_SECRET/SharedSecretPromptText,DataPoint,MISMOString,SHARED_SECRET,SharedSecretPromptText
/BORROWER/RESIDENCES/RESIDENCE/LANDLORD/CONTACTS/CONTACT/IDENTIFICATION_VERIFICATION/SHARED_SECRETS/SHARED_SECRET/SharedSecretResponseText,DataPoint,MISMOString,SHARED_SECRET,SharedSecretResponseText
/BORROWER/RESIDENCES/RESIDENCE/LANDLORD/CONTACTS/CONTACT/IDENTIFICATION_VERIFICATION/SHARED_SECRETS/SHARED_SECRET/EXTENSION,Container,SHARED_SECRET_EXTENSION,SHARED_SECRET,EXTENSION
/BORROWER/RESIDENCES/RESIDENCE/LANDLORD/CONTACTS/CONTACT/IDENTIFICATION_VERIFICATION/SHARED_SECRETS/SHARED_SECRET/EXTENSION/MISMO,Container,MISMO_BASE,EXTENSION,MISMO
/BORROWER/RESIDENCES/RESIDENCE/LANDLORD/CONTACTS/CONTACT/IDENTIFICATION_VERIFICATION/SHARED_SECRETS/SHARED_SECRET/EXTENSION/OTHER,Container,SHARED_SECRET_OTHER_BASE,EXTENSION,OTHER
/BORROWER/RESIDENCES/RESIDENCE/LANDLORD/CONTACTS/CONTACT/IDENTIFICATION_VERIFICATION/SHARED_SECRETS/EXTENSION,Container,SHARED_SECRETS_EXTENSION,SHARED_SECRETS,EXTENSION
/BORROWER/RESIDENCES/RESIDENCE/LANDLORD/CONTACTS/CONTACT/IDENTIFICATION_VERIFICATION/SHARED_SECRETS/EXTENSION/MISMO,Container,MISMO_BASE,EXTENSION,MISMO
/BORROWER/RESIDENCES/RESIDENCE/LANDLORD/CONTACTS/CONTACT/IDENTIFICATION_VERIFICATION/SHARED_SECRETS/EXTENSION/OTHER,Container,SHARED_SECRETS_OTHER_BASE,EXTENSION,OTHER
/BORROWER/RESIDENCES/RESIDENCE/LANDLORD/CONTACTS/CONTACT/IDENTIFICATION_VERIFICATION/SPOUSE_INFORMATION,Container,SPOUSE_INFORMATION,IDENTIFICATION_VERIFICATION,SPOUSE_INFORMATION
/BORROWER/RESIDENCES/RESIDENCE/LANDLORD/CONTACTS/CONTACT/IDENTIFICATION_VERIFICATION/SPOUSE_INFORMATION/NAME,Container,NAME,SPOUSE_INFORMATION,NAME
/BORROWER/RESIDENCES/RESIDENCE/LANDLORD/CONTACTS/CONTACT/IDENTIFICATION_VERIFICATION/SPOUSE_INFORMATION/NAME/EducationalAchievementsDescription,DataPoint,MISMOString,NAME,EducationalAchievementsDescription
/BORROWER/RESIDENCES/RESIDENCE/LANDLORD/CONTACTS/CONTACT/IDENTIFICATION_VERIFICATION/SPOUSE_INFORMATION/NAME/FirstName,DataPoint,MISMOString,NAME,FirstName
/BORROWER/RESIDENCES/RESIDENCE/LANDLORD/CONTACTS/CONTACT/IDENTIFICATION_VERIFICATION/SPOUSE_INFORMATION/NAME/FullName,DataPoint,MISMOString,NAME,FullName
/BORROWER/RESIDENCES/RESIDENCE/LANDLORD/CONTACTS/CONTACT/IDENTIFICATION_VERIFICATION/SPOUSE_INFORMATION/NAME/FunctionalTitleDescription,DataPoint,MISMOString,NAME,FunctionalTitleDescription
/BORROWER/RESIDENCES/RESIDENCE/LANDLORD/CONTACTS/CONTACT/IDENTIFICATION_VERIFICATION/SPOUSE_INFORMATION/NAME/IndividualTitleDescription,DataPoint,MISMOString,NAME,IndividualTitleDescription
/BORROWER/RESIDENCES/RESIDENCE/LANDLORD/CONTACTS/CONTACT/IDENTIFICATION_VERIFICATION/SPOUSE_INFORMATION/NAME/LastName,DataPoint,MISMOString,NAME,LastName
/BORROWER/RESIDENCES/RESIDENCE/LANDLORD/CONTACTS/CONTACT/IDENTIFICATION_VERIFICATION/SPOUSE_INFORMATION/NAME/MiddleName,DataPoint,MISMOString,NAME,MiddleName
/BORROWER/RESIDENCES/RESIDENCE/LANDLORD/CONTACTS/CONTACT/IDENTIFICATION_VERIFICATION/SPOUSE_INFORMATION/NAME/PrefixName,DataPoint,MISMOString,NAME,PrefixName
/BORROWER/RESIDENCES/RESIDENCE/LANDLORD/CONTACTS/CONTACT/IDENTIFICATION_VERIFICATION/SPOUSE_INFORMATION/NAME/SuffixName,DataPoint,MISMOString,NAME,SuffixName
/BORROWER/RESIDENCES/RESIDENCE/LANDLORD/CONTACTS/CONTACT/IDENTIFICATION_VERIFICATION/SPOUSE_INFORMATION/NAME/EXTENSION,Container,NAME_EXTENSION,NAME,EXTENSION
/BORROWER/RESIDENCES/RESIDENCE/LANDLORD/CONTACTS/CONTACT/IDENTIFICATION_VERIFICATION/SPOUSE_INFORMATION/NAME/EXTENSION/MISMO,Container,MISMO_BASE,EXTENSION,MISMO
/BORROWER/RESIDENCES/RESIDENCE/LANDLORD/CONTACTS/CONTACT/IDENTIFICATION_VERIFICATION/SPOUSE_INFORMATION/NAME/EXTENSION/OTHER,Container,NAME_OTHER_BASE,EXTENSION,OTHER
/BORROWER/RESIDENCES/RESIDENCE/LANDLORD/CONTACTS/CONTACT/IDENTIFICATION_VERIFICATION/SPOUSE_INFORMATION/EXTENSION,Container,SPOUSE_INFORMATION_EXTENSION,SPOUSE_INFORMATION,EXTENSION
/BORROWER/RESIDENCES/RESIDENCE/LANDLORD/CONTACTS/CONTACT/IDENTIFICATION_VERIFICATION/SPOUSE_INFORMATION/EXTENSION/MISMO,Container,MISMO_BASE,EXTENSION,MISMO
/BORROWER/RESIDENCES/RESIDENCE/LANDLORD/CONTACTS/CONTACT/IDENTIFICATION_VERIFICATION/SPOUSE_INFORMATION/EXTENSION/OTHER,Container,SPOUSE_INFORMATION_OTHER_BASE,EXTENSION,OTHER
/BORROWER/RESIDENCES/RESIDENCE/LANDLORD/CONTACTS/CONTACT/IDENTIFICATION_VERIFICATION/EXTENSION,Container,IDENTIFICATION_VERIFICATION_EXTENSION,IDENTIFICATION_VERIFICATION,EXTENSION
/BORROWER/RESIDENCES/RESIDENCE/LANDLORD/CONTACTS/CONTACT/IDENTIFICATION_VERIFICATION/EXTENSION/MISMO,Container,MISMO_BASE,EXTENSION,MISMO
/BORROWER/RESIDENCES/RESIDENCE/LANDLORD/CONTACTS/CONTACT/IDENTIFICATION_VERIFICATION/EXTENSION/OTHER,Container,IDENTIFICATION_VERIFICATION_OTHER_BASE,EXTENSION,OTHER
/BORROWER/RESIDENCES/RESIDENCE/LANDLORD/CONTACTS/CONTACT/NAME,Container,NAME,CONTACT,NAME
/BORROWER/RESIDENCES/RESIDENCE/LANDLORD/CONTACTS/CONTACT/NAME/EducationalAchievementsDescription,DataPoint,MISMOString,NAME,EducationalAchievementsDescription
/BORROWER/RESIDENCES/RESIDENCE/LANDLORD/CONTACTS/CONTACT/NAME/FirstName,DataPoint,MISMOString,NAME,FirstName
/BORROWER/RESIDENCES/RESIDENCE/LANDLORD/CONTACTS/CONTACT/NAME/FullName,DataPoint,MISMOString,NAME,FullName
/BORROWER/RESIDENCES/RESIDENCE/LANDLORD/CONTACTS/CONTACT/NAME/FunctionalTitleDescription,DataPoint,MISMOString,NAME,FunctionalTitleDescription
/BORROWER/RESIDENCES/RESIDENCE/LANDLORD/CONTACTS/CONTACT/NAME/IndividualTitleDescription,DataPoint,MISMOString,NAME,IndividualTitleDescription
/BORROWER/RESIDENCES/RESIDENCE/LANDLORD/CONTACTS/CONTACT/NAME/LastName,DataPoint,MISMOString,NAME,LastName
/BORROWER/RESIDENCES/RESIDENCE/LANDLORD/CONTACTS/CONTACT/NAME/MiddleName,DataPoint,MISMOString,NAME,MiddleName
/BORROWER/RESIDENCES/RESIDENCE/LANDLORD/CONTACTS/CONTACT/NAME/PrefixName,DataPoint,MISMOString,NAME,PrefixName
/BORROWER/RESIDENCES/RESIDENCE/LANDLORD/CONTACTS/CONTACT/NAME/SuffixName,DataPoint,MISMOString,NAME,SuffixName
/BORROWER/RESIDENCES/RESIDENCE/LANDLORD/CONTACTS/CONTACT/NAME/EXTENSION,Container,NAME_EXTENSION,NAME,EXTENSION
/BORROWER/RESIDENCES/RESIDENCE/LANDLORD/CONTACTS/CONTACT/NAME/EXTENSION/MISMO,Container,MISMO_BASE,EXTENSION,MISMO
/BORROWER/RESIDENCES/RESIDENCE/LANDLORD/CONTACTS/CONTACT/NAME/EXTENSION/OTHER,Container,NAME_OTHER_BASE,EXTENSION,OTHER
/BORROWER/RESIDENCES/RESIDENCE/LANDLORD/CONTACTS/CONTACT/EXTENSION,Container,CONTACT_EXTENSION,CONTACT,EXTENSION
/BORROWER/RESIDENCES/RESIDENCE/LANDLORD/CONTACTS/CONTACT/EXTENSION/MISMO,Container,MISMO_BASE,EXTENSION,MISMO
/BORROWER/RESIDENCES/RESIDENCE/LANDLORD/CONTACTS/CONTACT/EXTENSION/OTHER,Container,CONTACT_OTHER_BASE,EXTENSION,OTHER
/BORROWER/RESIDENCES/RESIDENCE/LANDLORD/CONTACTS/EXTENSION,Container,CONTACTS_EXTENSION,CONTACTS,EXTENSION
/BORROWER/RESIDENCES/RESIDENCE/LANDLORD/CONTACTS/EXTENSION/MISMO,Container,MISMO_BASE,EXTENSION,MISMO
/BORROWER/RESIDENCES/RESIDENCE/LANDLORD/CONTACTS/EXTENSION/OTHER,Container,CONTACTS_OTHER_BASE,EXTENSION,OTHER
/BORROWER/RESIDENCES/RESIDENCE/LANDLORD/CREDIT_COMMENTS,Container,CREDIT_COMMENTS,LANDLORD,CREDIT_COMMENTS
/BORROWER/RESIDENCES/RESIDENCE/LANDLORD/CREDIT_COMMENTS/CREDIT_COMMENT,Container,CREDIT_COMMENT,CREDIT_COMMENTS,CREDIT_COMMENT
/BORROWER/RESIDENCES/RESIDENCE/LANDLORD/CREDIT_COMMENTS/CREDIT_COMMENT/CreditCommentCode,DataPoint,MISMOCode,CREDIT_COMMENT,CreditCommentCode
/BORROWER/RESIDENCES/RESIDENCE/LANDLORD/CREDIT_COMMENTS/CREDIT_COMMENT/CreditCommentCodeSourceType,Enumeration,CreditCommentCodeSourceEnum,CREDIT_COMMENT,CreditCommentCodeSourceType
/BORROWER/RESIDENCES/RESIDENCE/LANDLORD/CREDIT_COMMENTS/CREDIT_COMMENT/CreditCommentCodeSourceTypeOtherDescription,DataPoint,MISMOString,CREDIT_COMMENT,CreditCommentCodeSourceTypeOtherDescription
/BORROWER/RESIDENCES/RESIDENCE/LANDLORD/CREDIT_COMMENTS/CREDIT_COMMENT/CreditCommentReportedDate,DataPoint,MISMODate,CREDIT_COMMENT,CreditCommentReportedDate
/BORROWER/RESIDENCES/RESIDENCE/LANDLORD/CREDIT_COMMENTS/CREDIT_COMMENT/CreditCommentSourceType,Enumeration,CreditCommentSourceEnum,CREDIT_COMMENT,CreditCommentSourceType
/BORROWER/RESIDENCES/RESIDENCE/LANDLORD/CREDIT_COMMENTS/CREDIT_COMMENT/CreditCommentText,DataPoint,MISMOString,CREDIT_COMMENT,CreditCommentText
/BORROWER/RESIDENCES/RESIDENCE/LANDLORD/CREDIT_COMMENTS/CREDIT_COMMENT/CreditCommentType,Enumeration,CreditCommentEnum,CREDIT_COMMENT,CreditCommentType
/BORROWER/RESIDENCES/RESIDENCE/LANDLORD/CREDIT_COMMENTS/CREDIT_COMMENT/CreditCommentTypeOtherDescription,DataPoint,MISMOString,CREDIT_COMMENT,CreditCommentTypeOtherDescription
/BORROWER/RESIDENCES/RESIDENCE/LANDLORD/CREDIT_COMMENTS/CREDIT_COMMENT/EXTENSION,Container,CREDIT_COMMENT_EXTENSION,CREDIT_COMMENT,EXTENSION
/BORROWER/RESIDENCES/RESIDENCE/LANDLORD/CREDIT_COMMENTS/CREDIT_COMMENT/EXTENSION/MISMO,Container,MISMO_BASE,EXTENSION,MISMO
/BORROWER/RESIDENCES/RESIDENCE/LANDLORD/CREDIT_COMMENTS/CREDIT_COMMENT/EXTENSION/OTHER,Container,CREDIT_COMMENT_OTHER_BASE,EXTENSION,OTHER
/BORROWER/RESIDENCES/RESIDENCE/LANDLORD/CREDIT_COMMENTS/EXTENSION,Container,CREDIT_COMMENTS_EXTENSION,CREDIT_COMMENTS,EXTENSION
/BORROWER/RESIDENCES/RESIDENCE/LANDLORD/CREDIT_COMMENTS/EXTENSION/MISMO,Container,MISMO_BASE,EXTENSION,MISMO
/BORROWER/RESIDENCES/RESIDENCE/LANDLORD/CREDIT_COMMENTS/EXTENSION/OTHER,Container,CREDIT_COMMENTS_OTHER_BASE,EXTENSION,OTHER
/BORROWER/RESIDENCES/RESIDENCE/LANDLORD/LANDLORD_DETAIL,Container,LANDLORD_DETAIL,LANDLORD,LANDLORD_DETAIL
/BORROWER/RESIDENCES/RESIDENCE/LANDLORD/LANDLORD_DETAIL/MonthlyRentAmount,DataPoint,MISMOAmount,LANDLORD_DETAIL,MonthlyRentAmount
/BORROWER/RESIDENCES/RESIDENCE/LANDLORD/LANDLORD_DETAIL/MonthlyRentCurrentRatingType,Enumeration,MonthlyRentCurrentRatingEnum,LANDLORD_DETAIL,MonthlyRentCurrentRatingType
/BORROWER/RESIDENCES/RESIDENCE/LANDLORD/LANDLORD_DETAIL/EXTENSION,Container,LANDLORD_DETAIL_EXTENSION,LANDLORD_DETAIL,EXTENSION
/BORROWER/RESIDENCES/RESIDENCE/LANDLORD/LANDLORD_DETAIL/EXTENSION/MISMO,Container,MISMO_BASE,EXTENSION,MISMO
/BORROWER/RESIDENCES/RESIDENCE/LANDLORD/LANDLORD_DETAIL/EXTENSION/OTHER,Container,LANDLORD_DETAIL_OTHER_BASE,EXTENSION,OTHER
/BORROWER/RESIDENCES/RESIDENCE/LANDLORD/NAME,Container,NAME,LANDLORD,NAME
/BORROWER/RESIDENCES/RESIDENCE/LANDLORD/NAME/EducationalAchievementsDescription,DataPoint,MISMOString,NAME,EducationalAchievementsDescription
/BORROWER/RESIDENCES/RESIDENCE/LANDLORD/NAME/FirstName,DataPoint,MISMOString,NAME,FirstName
/BORROWER/RESIDENCES/RESIDENCE/LANDLORD/NAME/FullName,DataPoint,MISMOString,NAME,FullName
/BORROWER/RESIDENCES/RESIDENCE/LANDLORD/NAME/FunctionalTitleDescription,DataPoint,MISMOString,NAME,FunctionalTitleDescription
/BORROWER/RESIDENCES/RESIDENCE/LANDLORD/NAME/IndividualTitleDescription,DataPoint,MISMOString,NAME,IndividualTitleDescription
/BORROWER/RESIDENCES/RESIDENCE/LANDLORD/NAME/LastName,DataPoint,MISMOString,NAME,LastName
/BORROWER/RESIDENCES/RESIDENCE/LANDLORD/NAME/MiddleName,DataPoint,MISMOString,NAME,MiddleName
/BORROWER/RESIDENCES/RESIDENCE/LANDLORD/NAME/PrefixName,DataPoint,MISMOString,NAME,PrefixName
/BORROWER/RESIDENCES/RESIDENCE/LANDLORD/NAME/SuffixName,DataPoint,MISMOString,NAME,SuffixName
/BORROWER/RESIDENCES/RESIDENCE/LANDLORD/NAME/EXTENSION,Container,NAME_EXTENSION,NAME,EXTENSION
/BORROWER/RESIDENCES/RESIDENCE/LANDLORD/NAME/EXTENSION/MISMO,Container,MISMO_BASE,EXTENSION,MISMO
/BORROWER/RESIDENCES/RESIDENCE/LANDLORD/NAME/EXTENSION/OTHER,Container,NAME_OTHER_BASE,EXTENSION,OTHER
/BORROWER/RESIDENCES/RESIDENCE/LANDLORD/VERIFICATION,Container,VERIFICATION,LANDLORD,VERIFICATION
/BORROWER/RESIDENCES/RESIDENCE/LANDLORD/VERIFICATION/VerificationByName,DataPoint,MISMOString,VERIFICATION,VerificationByName
/BORROWER/RESIDENCES/RESIDENCE/LANDLORD/VERIFICATION/VerificationCommentDescription,DataPoint,MISMOString,VERIFICATION,VerificationCommentDescription
/BORROWER/RESIDENCES/RESIDENCE/LANDLORD/VERIFICATION/VerificationDate,DataPoint,MISMODate,VERIFICATION,VerificationDate
/BORROWER/RESIDENCES/RESIDENCE/LANDLORD/VERIFICATION/VerificationMethodType,Enumeration,VerificationMethodEnum,VERIFICATION,VerificationMethodType
/BORROWER/RESIDENCES/RESIDENCE/LANDLORD/VERIFICATION/VerificationMethodTypeOtherDescription,DataPoint,MISMOString,VERIFICATION,VerificationMethodTypeOtherDescription
/BORROWER/RESIDENCES/RESIDENCE/LANDLORD/VERIFICATION/VerificationStatusType,Enumeration,VerificationStatusEnum,VERIFICATION,VerificationStatusType
/BORROWER/RESIDENCES/RESIDENCE/LANDLORD/VERIFICATION/EXTENSION,Container,VERIFICATION_EXTENSION,VERIFICATION,EXTENSION
/BORROWER/RESIDENCES/RESIDENCE/LANDLORD/VERIFICATION/EXTENSION/MISMO,Container,MISMO_BASE,EXTENSION,MISMO
/BORROWER/RESIDENCES/RESIDENCE/LANDLORD/VERIFICATION/EXTENSION/OTHER,Container,VERIFICATION_OTHER_BASE,EXTENSION,OTHER
/BORROWER/RESIDENCES/RESIDENCE/LANDLORD/EXTENSION,Container,LANDLORD_EXTENSION,LANDLORD,EXTENSION
/BORROWER/RESIDENCES/RESIDENCE/LANDLORD/EXTENSION/MISMO,Container,MISMO_BASE,EXTENSION,MISMO
/BORROWER/RESIDENCES/RESIDENCE/LANDLORD/EXTENSION/OTHER,Container,LANDLORD_OTHER_BASE,EXTENSION,OTHER
/BORROWER/RESIDENCES/RESIDENCE/RESIDENCE_DETAIL,Container,RESIDENCE_DETAIL,RESIDENCE,RESIDENCE_DETAIL
/BORROWER/RESIDENCES/RESIDENCE/RESIDENCE_DETAIL/BorrowerResidencyBasisType,Enumeration,BorrowerResidencyBasisEnum,RESIDENCE_DETAIL,BorrowerResidencyBasisType
/BORROWER/RESIDENCES/RESIDENCE/RESIDENCE_DETAIL/BorrowerResidencyDurationMonthsCount,DataPoint,MISMOCount,RESIDENCE_DETAIL,BorrowerResidencyDurationMonthsCount
/BORROWER/RESIDENCES/RESIDENCE/RESIDENCE_DETAIL/BorrowerResidencyDurationYearsCount,DataPoint,MISMOCount,RESIDENCE_DETAIL,BorrowerResidencyDurationYearsCount
/BORROWER/RESIDENCES/RESIDENCE/RESIDENCE_DETAIL/BorrowerResidencyEndDate,DataPoint,MISMODate,RESIDENCE_DETAIL,BorrowerResidencyEndDate
/BORROWER/RESIDENCES/RESIDENCE/RESIDENCE_DETAIL/BorrowerResidencyReportedDate,DataPoint,MISMODate,RESIDENCE_DETAIL,BorrowerResidencyReportedDate
/BORROWER/RESIDENCES/RESIDENCE/RESIDENCE_DETAIL/BorrowerResidencyStartDate,DataPoint,MISMODate,RESIDENCE_DETAIL,BorrowerResidencyStartDate
/BORROWER/RESIDENCES/RESIDENCE/RESIDENCE_DETAIL/BorrowerResidencyType,Enumeration,BorrowerResidencyEnum,RESIDENCE_DETAIL,BorrowerResidencyType
/BORROWER/RESIDENCES/RESIDENCE/RESIDENCE_DETAIL/CensusTractIdentifier,DataPoint,MISMOIdentifier,RESIDENCE_DETAIL,CensusTractIdentifier
/BORROWER/RESIDENCES/RESIDENCE/RESIDENCE_DETAIL/FIPSCountyCode,DataPoint,MISMOCode,RESIDENCE_DETAIL,FIPSCountyCode
/BORROWER/RESIDENCES/RESIDENCE/RESIDENCE_DETAIL/FIPSCountySubdivisionCode,DataPoint,MISMOCode,RESIDENCE_DETAIL,FIPSCountySubdivisionCode
/BORROWER/RESIDENCES/RESIDENCE/RESIDENCE_DETAIL/FIPSStateNumericCode,DataPoint,MISMOCode,RESIDENCE_DETAIL,FIPSStateNumericCode
/BORROWER/RESIDENCES/RESIDENCE/RESIDENCE_DETAIL/EXTENSION,Container,RESIDENCE_DETAIL_EXTENSION,RESIDENCE_DETAIL,EXTENSION
/BORROWER/RESIDENCES/RESIDENCE/RESIDENCE_DETAIL/EXTENSION/MISMO,Container,MISMO_BASE,EXTENSION,MISMO
/BORROWER/RESIDENCES/RESIDENCE/RESIDENCE_DETAIL/EXTENSION/OTHER,Container,RESIDENCE_DETAIL_OTHER_BASE,EXTENSION,OTHER
/BORROWER/RESIDENCES/RESIDENCE/EXTENSION,Container,RESIDENCE_EXTENSION,RESIDENCE,EXTENSION
/BORROWER/RESIDENCES/RESIDENCE/EXTENSION/MISMO,Container,MISMO_BASE,EXTENSION,MISMO
/BORROWER/RESIDENCES/RESIDENCE/EXTENSION/OTHER,Container,RESIDENCE_OTHER_BASE,EXTENSION,OTHER
/BORROWER/RESIDENCES/EXTENSION,Container,RESIDENCES_EXTENSION,RESIDENCES,EXTENSION
/BORROWER/RESIDENCES/EXTENSION/MISMO,Container,MISMO_BASE,EXTENSION,MISMO
/BORROWER/RESIDENCES/EXTENSION/OTHER,Container,RESIDENCES_OTHER_BASE,EXTENSION,OTHER
/BORROWER/SOLICITATION_PREFERENCE,Container,SOLICITATION_PREFERENCE,BORROWER,SOLICITATION_PREFERENCE
/BORROWER/SOLICITATION_PREFERENCE/CorporateAffiliateSharingAllowedIndicator,DataPoint,MISMOIndicator,SOLICITATION_PREFERENCE,CorporateAffiliateSharingAllowedIndicator
/BORROWER/SOLICITATION_PREFERENCE/SolicitationByEmailAllowedIndicator,DataPoint,MISMOIndicator,SOLICITATION_PREFERENCE,SolicitationByEmailAllowedIndicator
/BORROWER/SOLICITATION_PREFERENCE/SolicitationByTelephoneAllowedIndicator,DataPoint,MISMOIndicator,SOLICITATION_PREFERENCE,SolicitationByTelephoneAllowedIndicator
/BORROWER/SOLICITATION_PREFERENCE/SolicitationByUSMailAllowedIndicator,DataPoint,MISMOIndicator,SOLICITATION_PREFERENCE,SolicitationByUSMailAllowedIndicator
/BORROWER/SOLICITATION_PREFERENCE/EXTENSION,Container,SOLICITATION_PREFERENCE_EXTENSION,SOLICITATION_PREFERENCE,EXTENSION
/BORROWER/SOLICITATION_PREFERENCE/EXTENSION/MISMO,Container,MISMO_BASE,EXTENSION,MISMO
/BORROWER/SOLICITATION_PREFERENCE/EXTENSION/OTHER,Container,SOLICITATION_PREFERENCE_OTHER_BASE,EXTENSION,OTHER
/BORROWER/SUMMARIES,Container,SUMMARIES,BORROWER,SUMMARIES
/BORROWER/SUMMARIES/SUMMARY,Container,SUMMARY,SUMMARIES,SUMMARY
/BORROWER/SUMMARIES/SUMMARY/SummaryAmount,DataPoint,MISMOAmount,SUMMARY,SummaryAmount
/BORROWER/SUMMARIES/SUMMARY/SummaryAmountType,Enumeration,SummaryAmountEnum,SUMMARY,SummaryAmountType
/BORROWER/SUMMARIES/SUMMARY/SummaryAmountTypeOtherDescription,DataPoint,MISMOString,SUMMARY,SummaryAmountTypeOtherDescription
/BORROWER/SUMMARIES/SUMMARY/EXTENSION,Container,SUMMARY_EXTENSION,SUMMARY,EXTENSION
/BORROWER/SUMMARIES/SUMMARY/EXTENSION/MISMO,Container,MISMO_BASE,EXTENSION,MISMO
/BORROWER/SUMMARIES/SUMMARY/EXTENSION/OTHER,Container,SUMMARY_OTHER_BASE,EXTENSION,OTHER
/BORROWER/SUMMARIES/EXTENSION,Container,SUMMARIES_EXTENSION,SUMMARIES,EXTENSION
/BORROWER/SUMMARIES/EXTENSION/MISMO,Container,MISMO_BASE,EXTENSION,MISMO
/BORROWER/SUMMARIES/EXTENSION/OTHER,Container,SUMMARIES_OTHER_BASE,EXTENSION,OTHER
/BORROWER/EXTENSION,Container,BORROWER_EXTENSION,BORROWER,EXTENSION
/BORROWER/EXTENSION/MISMO,Container,MISMO_BASE,EXTENSION,MISMO
/BORROWER/EXTENSION/OTHER,Container,BORROWER_OTHER_BASE,EXTENSION,OTHER
